claim_id,claim,method,data,status,source,boundary
A1,App候选池主体能力与四项公平重训消融,APP_FULL,原378受控+MTC630/144/117,SUPPORTED_WITHIN_SCOPE,../app177_core_ablation_v1/REPORT.md,固定RETENTION；14配置/分母完整；不等于全部177字段或未见工具上限
A2,Native—App Web内存关系对资源识别有贡献,APP_FULL,主实验resource-pair+内存72+资源54的App方向,SUPPORTED_WITHIN_SCOPE,../app177_core_ablation_v1/results/summary/specialists.json,与原观测缺失带来的U代价并列；非不可篡改Native真值
A3,时区关系帮助容忍正常换区并覆盖局部修改,APP_FULL,旧378+时区36+语言/时区60,SUPPORTED_WITHIN_SCOPE,../app177_core_ablation_v1/REPORT.md,旧主表相同105/126不能证明关系无用；正常换区与新方向单列
A4,Host新几何关系有局部专项证据,HOST_SPECIALIST,屏幕专项72；v16工程冒烟12另计,SPECIALIST_ONLY,../screen_geometry_closeout_v1/REPORT.md,未进入APP_FULL；真机正常表现与整模接入未验证；未证明三层各有独立整模贡献
B1,App+C1在已测Browser时区方向补充App主体,PAIRED_BASE,语言/时区60=4App修改+10Browser修改+46正常,SUPPORTED_WITHIN_SCOPE,../cross_endpoint_constrained_extension_v1/REPORT.md,新增5次Browser时区检出；语言遗漏仍在，不代表通用跨端
B2,有限双端表示可区分部分单端同输入记录,FOUR_VIEW_TREE,语言/时区60，P0/P1/P2,MIXED_RESULTS,../cross_endpoint_four_view_comparison_v1/REPORT.md,P2 BOTH与REL无收益；正常偏好及配方/环境混杂保留；非177/67原始字段上限
B3,Native参照在Browser内存4方向超越单字段>8,RESOURCE_DIAGNOSTIC,资源54=6App修改+6Browser修改+42正常,LOCAL_CONDITION_EFFECT,../app_resource_paired_validation_v1/REPORT.md,3条局部补充；App侧6条已由内部关系报警，W仅重复；上界内/向下/共同修改未覆盖
C1,受约束资源接入尝试已经完成且仅保留S0,PAIRED_BASE / RESOURCE_DIAGNOSTIC,同1005，开发744/历史正常261，3配置/24集合,COMPLETED_NEGATIVE_ADMISSION,../app_resource_constrained_extension_v1/REPORT.md,19/26仅S0+M/W诊断；已接受方法仍13/26；覆盖与正常报警分别报告
C2,新增9条U有原档案依据，重放不能恢复旧有效观测,RESOURCE_DIAGNOSTIC,discovery7+reserved2，另列3正常反例,SUPPORTED_AVAILABILITY_ONLY,missingness_review.csv,raw零值observed→ambiguous_sentinel；没有有效正值被漏读；API/读取机制仍未确认
C3,当前已接受联合模型具备通用资源检测能力,PAIRED_BASE,资源接入未通过,NOT_SUPPORTED,../app_resource_constrained_extension_v1/results/models.json,不能把固定条件局部结果转写为已通过约束的系统能力
D1,其他UA/屏幕/WebGL等通用跨端效果,UNTESTED_CROSS_ENDPOINT_SCOPE,缺相应双端修改、正常对照与同方法比较,REQUIRES_EVIDENCE_ONLY_IF_CLAIM_EXPANDED,../app177_core_ablation_v1/PAIRED_COVERAGE.md,原App专项不能替代跨端验证；无需写作前自动穷举所有字段
D2,新设备/未见工具攻击泛化、完整244字段公平上限,BROADER_CLAIM,26开发修改有接触历史；261历史评价全正常,NOT_SUPPORTED,../app_resource_constrained_extension_v1/REPORT.md,仅扩大此主张才需独立设备/工具阳性与公平比较；本轮不采集或拟合
