scheme,stage,fold_id,cohort,subset,identity,N,T,F,U,FAILED,EMPTY_MODEL,defined
APP_FULL,RETENTION,WEBGL1-LOEO-v1-01,controlled,heldout,EFFECTIVE_INTERVENTION,42,36,6,0,0,0,42
APP_FULL,RETENTION,WEBGL1-LOEO-v1-01,controlled,heldout,NORMAL,84,0,84,0,0,0,84
APP_FULL,RETENTION,WEBGL1-LOEO-v1-01,memory,historical_specialist,EFFECTIVE_INTERVENTION,18,18,0,0,0,0,18
APP_FULL,RETENTION,WEBGL1-LOEO-v1-01,memory,historical_specialist,NORMAL,48,0,48,0,0,0,48
APP_FULL,RETENTION,WEBGL1-LOEO-v1-01,memory,historical_specialist,NO_OBSERVABLE_EFFECT,6,0,6,0,0,0,6
APP_FULL,RETENTION,WEBGL1-LOEO-v1-01,mtc,development,NORMAL,144,1,135,8,0,0,136
APP_FULL,RETENTION,WEBGL1-LOEO-v1-01,mtc,discovery,NORMAL,630,6,573,51,0,0,579
APP_FULL,RETENTION,WEBGL1-LOEO-v1-01,mtc,reserved_validation,NORMAL,117,1,110,6,0,0,111
APP_FULL,RETENTION,WEBGL1-LOEO-v1-01,paired60,b2b42,EFFECTIVE_INTERVENTION,8,2,6,0,0,0,8
APP_FULL,RETENTION,WEBGL1-LOEO-v1-01,paired60,b2b42,NORMAL,34,0,34,0,0,0,34
APP_FULL,RETENTION,WEBGL1-LOEO-v1-01,paired60,pilot18,EFFECTIVE_INTERVENTION,6,0,6,0,0,0,6
APP_FULL,RETENTION,WEBGL1-LOEO-v1-01,paired60,pilot18,NORMAL,12,0,12,0,0,0,12
APP_FULL,RETENTION,WEBGL1-LOEO-v1-01,screen,historical_specialist,EFFECTIVE_INTERVENTION,6,6,0,0,0,0,6
APP_FULL,RETENTION,WEBGL1-LOEO-v1-01,screen,historical_specialist,NORMAL,66,6,60,0,0,0,66
APP_FULL,RETENTION,WEBGL1-LOEO-v1-01,timezone,historical_specialist,EFFECTIVE_INTERVENTION,6,6,0,0,0,0,6
APP_FULL,RETENTION,WEBGL1-LOEO-v1-01,timezone,historical_specialist,NORMAL,30,0,30,0,0,0,30
APP_FULL,RETENTION,WEBGL1-LOEO-v1-02,controlled,heldout,EFFECTIVE_INTERVENTION,42,36,6,0,0,0,42
APP_FULL,RETENTION,WEBGL1-LOEO-v1-02,controlled,heldout,NORMAL,84,0,84,0,0,0,84
APP_FULL,RETENTION,WEBGL1-LOEO-v1-02,memory,historical_specialist,EFFECTIVE_INTERVENTION,18,18,0,0,0,0,18
APP_FULL,RETENTION,WEBGL1-LOEO-v1-02,memory,historical_specialist,NORMAL,48,0,48,0,0,0,48
APP_FULL,RETENTION,WEBGL1-LOEO-v1-02,memory,historical_specialist,NO_OBSERVABLE_EFFECT,6,0,6,0,0,0,6
APP_FULL,RETENTION,WEBGL1-LOEO-v1-02,mtc,development,NORMAL,144,1,135,8,0,0,136
APP_FULL,RETENTION,WEBGL1-LOEO-v1-02,mtc,discovery,NORMAL,630,6,573,51,0,0,579
APP_FULL,RETENTION,WEBGL1-LOEO-v1-02,mtc,reserved_validation,NORMAL,117,1,110,6,0,0,111
APP_FULL,RETENTION,WEBGL1-LOEO-v1-02,paired60,b2b42,EFFECTIVE_INTERVENTION,8,2,6,0,0,0,8
APP_FULL,RETENTION,WEBGL1-LOEO-v1-02,paired60,b2b42,NORMAL,34,0,34,0,0,0,34
APP_FULL,RETENTION,WEBGL1-LOEO-v1-02,paired60,pilot18,EFFECTIVE_INTERVENTION,6,0,6,0,0,0,6
APP_FULL,RETENTION,WEBGL1-LOEO-v1-02,paired60,pilot18,NORMAL,12,0,12,0,0,0,12
APP_FULL,RETENTION,WEBGL1-LOEO-v1-02,screen,historical_specialist,EFFECTIVE_INTERVENTION,6,6,0,0,0,0,6
APP_FULL,RETENTION,WEBGL1-LOEO-v1-02,screen,historical_specialist,NORMAL,66,6,60,0,0,0,66
APP_FULL,RETENTION,WEBGL1-LOEO-v1-02,timezone,historical_specialist,EFFECTIVE_INTERVENTION,6,6,0,0,0,0,6
APP_FULL,RETENTION,WEBGL1-LOEO-v1-02,timezone,historical_specialist,NORMAL,30,0,30,0,0,0,30
APP_FULL,RETENTION,WEBGL1-LOEO-v1-03,controlled,heldout,EFFECTIVE_INTERVENTION,42,33,9,0,0,0,42
APP_FULL,RETENTION,WEBGL1-LOEO-v1-03,controlled,heldout,NORMAL,84,0,84,0,0,0,84
APP_FULL,RETENTION,WEBGL1-LOEO-v1-03,memory,historical_specialist,EFFECTIVE_INTERVENTION,18,18,0,0,0,0,18
APP_FULL,RETENTION,WEBGL1-LOEO-v1-03,memory,historical_specialist,NORMAL,48,0,48,0,0,0,48
APP_FULL,RETENTION,WEBGL1-LOEO-v1-03,memory,historical_specialist,NO_OBSERVABLE_EFFECT,6,0,6,0,0,0,6
APP_FULL,RETENTION,WEBGL1-LOEO-v1-03,mtc,development,NORMAL,144,0,136,8,0,0,136
APP_FULL,RETENTION,WEBGL1-LOEO-v1-03,mtc,discovery,NORMAL,630,0,579,51,0,0,579
APP_FULL,RETENTION,WEBGL1-LOEO-v1-03,mtc,reserved_validation,NORMAL,117,0,111,6,0,0,111
APP_FULL,RETENTION,WEBGL1-LOEO-v1-03,paired60,b2b42,EFFECTIVE_INTERVENTION,8,2,6,0,0,0,8
APP_FULL,RETENTION,WEBGL1-LOEO-v1-03,paired60,b2b42,NORMAL,34,0,34,0,0,0,34
APP_FULL,RETENTION,WEBGL1-LOEO-v1-03,paired60,pilot18,EFFECTIVE_INTERVENTION,6,0,6,0,0,0,6
APP_FULL,RETENTION,WEBGL1-LOEO-v1-03,paired60,pilot18,NORMAL,12,0,12,0,0,0,12
APP_FULL,RETENTION,WEBGL1-LOEO-v1-03,screen,historical_specialist,EFFECTIVE_INTERVENTION,6,0,6,0,0,0,6
APP_FULL,RETENTION,WEBGL1-LOEO-v1-03,screen,historical_specialist,NORMAL,66,0,66,0,0,0,66
APP_FULL,RETENTION,WEBGL1-LOEO-v1-03,timezone,historical_specialist,EFFECTIVE_INTERVENTION,6,6,0,0,0,0,6
APP_FULL,RETENTION,WEBGL1-LOEO-v1-03,timezone,historical_specialist,NORMAL,30,0,30,0,0,0,30
APP_TREE,FITTED,WEBGL1-LOEO-v1-01,controlled,heldout,EFFECTIVE_INTERVENTION,42,24,18,0,0,0,42
APP_TREE,FITTED,WEBGL1-LOEO-v1-01,controlled,heldout,NORMAL,84,0,84,0,0,0,84
APP_TREE,FITTED,WEBGL1-LOEO-v1-01,memory,historical_specialist,EFFECTIVE_INTERVENTION,18,0,18,0,0,0,18
APP_TREE,FITTED,WEBGL1-LOEO-v1-01,memory,historical_specialist,NORMAL,48,0,48,0,0,0,48
APP_TREE,FITTED,WEBGL1-LOEO-v1-01,memory,historical_specialist,NO_OBSERVABLE_EFFECT,6,0,6,0,0,0,6
APP_TREE,FITTED,WEBGL1-LOEO-v1-01,mtc,development,NORMAL,144,0,144,0,0,0,144
APP_TREE,FITTED,WEBGL1-LOEO-v1-01,mtc,discovery,NORMAL,630,0,630,0,0,0,630
APP_TREE,FITTED,WEBGL1-LOEO-v1-01,mtc,reserved_validation,NORMAL,117,0,117,0,0,0,117
APP_TREE,FITTED,WEBGL1-LOEO-v1-01,paired60,b2b42,EFFECTIVE_INTERVENTION,8,0,8,0,0,0,8
APP_TREE,FITTED,WEBGL1-LOEO-v1-01,paired60,b2b42,NORMAL,34,2,32,0,0,0,34
APP_TREE,FITTED,WEBGL1-LOEO-v1-01,paired60,pilot18,EFFECTIVE_INTERVENTION,6,0,6,0,0,0,6
APP_TREE,FITTED,WEBGL1-LOEO-v1-01,paired60,pilot18,NORMAL,12,0,12,0,0,0,12
APP_TREE,FITTED,WEBGL1-LOEO-v1-01,screen,historical_specialist,EFFECTIVE_INTERVENTION,6,0,6,0,0,0,6
APP_TREE,FITTED,WEBGL1-LOEO-v1-01,screen,historical_specialist,NORMAL,66,0,66,0,0,0,66
APP_TREE,FITTED,WEBGL1-LOEO-v1-01,timezone,historical_specialist,EFFECTIVE_INTERVENTION,6,0,6,0,0,0,6
APP_TREE,FITTED,WEBGL1-LOEO-v1-01,timezone,historical_specialist,NORMAL,30,0,30,0,0,0,30
APP_TREE,FITTED,WEBGL1-LOEO-v1-02,controlled,heldout,EFFECTIVE_INTERVENTION,42,24,18,0,0,0,42
APP_TREE,FITTED,WEBGL1-LOEO-v1-02,controlled,heldout,NORMAL,84,0,84,0,0,0,84
APP_TREE,FITTED,WEBGL1-LOEO-v1-02,memory,historical_specialist,EFFECTIVE_INTERVENTION,18,0,18,0,0,0,18
APP_TREE,FITTED,WEBGL1-LOEO-v1-02,memory,historical_specialist,NORMAL,48,0,48,0,0,0,48
APP_TREE,FITTED,WEBGL1-LOEO-v1-02,memory,historical_specialist,NO_OBSERVABLE_EFFECT,6,0,6,0,0,0,6
APP_TREE,FITTED,WEBGL1-LOEO-v1-02,mtc,development,NORMAL,144,0,144,0,0,0,144
APP_TREE,FITTED,WEBGL1-LOEO-v1-02,mtc,discovery,NORMAL,630,0,630,0,0,0,630
APP_TREE,FITTED,WEBGL1-LOEO-v1-02,mtc,reserved_validation,NORMAL,117,0,117,0,0,0,117
APP_TREE,FITTED,WEBGL1-LOEO-v1-02,paired60,b2b42,EFFECTIVE_INTERVENTION,8,0,8,0,0,0,8
APP_TREE,FITTED,WEBGL1-LOEO-v1-02,paired60,b2b42,NORMAL,34,2,32,0,0,0,34
APP_TREE,FITTED,WEBGL1-LOEO-v1-02,paired60,pilot18,EFFECTIVE_INTERVENTION,6,0,6,0,0,0,6
APP_TREE,FITTED,WEBGL1-LOEO-v1-02,paired60,pilot18,NORMAL,12,0,12,0,0,0,12
APP_TREE,FITTED,WEBGL1-LOEO-v1-02,screen,historical_specialist,EFFECTIVE_INTERVENTION,6,0,6,0,0,0,6
APP_TREE,FITTED,WEBGL1-LOEO-v1-02,screen,historical_specialist,NORMAL,66,0,66,0,0,0,66
APP_TREE,FITTED,WEBGL1-LOEO-v1-02,timezone,historical_specialist,EFFECTIVE_INTERVENTION,6,0,6,0,0,0,6
APP_TREE,FITTED,WEBGL1-LOEO-v1-02,timezone,historical_specialist,NORMAL,30,0,30,0,0,0,30
APP_TREE,FITTED,WEBGL1-LOEO-v1-03,controlled,heldout,EFFECTIVE_INTERVENTION,42,24,18,0,0,0,42
APP_TREE,FITTED,WEBGL1-LOEO-v1-03,controlled,heldout,NORMAL,84,0,84,0,0,0,84
APP_TREE,FITTED,WEBGL1-LOEO-v1-03,memory,historical_specialist,EFFECTIVE_INTERVENTION,18,0,18,0,0,0,18
APP_TREE,FITTED,WEBGL1-LOEO-v1-03,memory,historical_specialist,NORMAL,48,0,48,0,0,0,48
APP_TREE,FITTED,WEBGL1-LOEO-v1-03,memory,historical_specialist,NO_OBSERVABLE_EFFECT,6,0,6,0,0,0,6
APP_TREE,FITTED,WEBGL1-LOEO-v1-03,mtc,development,NORMAL,144,0,144,0,0,0,144
APP_TREE,FITTED,WEBGL1-LOEO-v1-03,mtc,discovery,NORMAL,630,0,630,0,0,0,630
APP_TREE,FITTED,WEBGL1-LOEO-v1-03,mtc,reserved_validation,NORMAL,117,0,117,0,0,0,117
APP_TREE,FITTED,WEBGL1-LOEO-v1-03,paired60,b2b42,EFFECTIVE_INTERVENTION,8,0,8,0,0,0,8
APP_TREE,FITTED,WEBGL1-LOEO-v1-03,paired60,b2b42,NORMAL,34,2,32,0,0,0,34
APP_TREE,FITTED,WEBGL1-LOEO-v1-03,paired60,pilot18,EFFECTIVE_INTERVENTION,6,0,6,0,0,0,6
APP_TREE,FITTED,WEBGL1-LOEO-v1-03,paired60,pilot18,NORMAL,12,0,12,0,0,0,12
APP_TREE,FITTED,WEBGL1-LOEO-v1-03,screen,historical_specialist,EFFECTIVE_INTERVENTION,6,0,6,0,0,0,6
APP_TREE,FITTED,WEBGL1-LOEO-v1-03,screen,historical_specialist,NORMAL,66,0,66,0,0,0,66
APP_TREE,FITTED,WEBGL1-LOEO-v1-03,timezone,historical_specialist,EFFECTIVE_INTERVENTION,6,0,6,0,0,0,6
APP_TREE,FITTED,WEBGL1-LOEO-v1-03,timezone,historical_specialist,NORMAL,30,0,30,0,0,0,30
A_APP_WEB_ONLY,RETENTION,WEBGL1-LOEO-v1-01,controlled,heldout,EFFECTIVE_INTERVENTION,42,33,9,0,0,0,42
A_APP_WEB_ONLY,RETENTION,WEBGL1-LOEO-v1-01,controlled,heldout,NORMAL,84,0,84,0,0,0,84
A_APP_WEB_ONLY,RETENTION,WEBGL1-LOEO-v1-01,memory,historical_specialist,EFFECTIVE_INTERVENTION,18,0,18,0,0,0,18
A_APP_WEB_ONLY,RETENTION,WEBGL1-LOEO-v1-01,memory,historical_specialist,NORMAL,48,0,48,0,0,0,48
A_APP_WEB_ONLY,RETENTION,WEBGL1-LOEO-v1-01,memory,historical_specialist,NO_OBSERVABLE_EFFECT,6,0,6,0,0,0,6
A_APP_WEB_ONLY,RETENTION,WEBGL1-LOEO-v1-01,mtc,development,NORMAL,144,1,142,1,0,0,143
A_APP_WEB_ONLY,RETENTION,WEBGL1-LOEO-v1-01,mtc,discovery,NORMAL,630,8,619,3,0,0,627
A_APP_WEB_ONLY,RETENTION,WEBGL1-LOEO-v1-01,mtc,reserved_validation,NORMAL,117,2,115,0,0,0,117
A_APP_WEB_ONLY,RETENTION,WEBGL1-LOEO-v1-01,paired60,b2b42,EFFECTIVE_INTERVENTION,8,0,8,0,0,0,8
A_APP_WEB_ONLY,RETENTION,WEBGL1-LOEO-v1-01,paired60,b2b42,NORMAL,34,0,34,0,0,0,34
A_APP_WEB_ONLY,RETENTION,WEBGL1-LOEO-v1-01,paired60,pilot18,EFFECTIVE_INTERVENTION,6,6,0,0,0,0,6
A_APP_WEB_ONLY,RETENTION,WEBGL1-LOEO-v1-01,paired60,pilot18,NORMAL,12,12,0,0,0,0,12
A_APP_WEB_ONLY,RETENTION,WEBGL1-LOEO-v1-01,screen,historical_specialist,EFFECTIVE_INTERVENTION,6,6,0,0,0,0,6
A_APP_WEB_ONLY,RETENTION,WEBGL1-LOEO-v1-01,screen,historical_specialist,NORMAL,66,6,60,0,0,0,66
A_APP_WEB_ONLY,RETENTION,WEBGL1-LOEO-v1-01,timezone,historical_specialist,EFFECTIVE_INTERVENTION,6,6,0,0,0,0,6
A_APP_WEB_ONLY,RETENTION,WEBGL1-LOEO-v1-01,timezone,historical_specialist,NORMAL,30,6,24,0,0,0,30
A_APP_WEB_ONLY,RETENTION,WEBGL1-LOEO-v1-02,controlled,heldout,EFFECTIVE_INTERVENTION,42,33,9,0,0,0,42
A_APP_WEB_ONLY,RETENTION,WEBGL1-LOEO-v1-02,controlled,heldout,NORMAL,84,0,84,0,0,0,84
A_APP_WEB_ONLY,RETENTION,WEBGL1-LOEO-v1-02,memory,historical_specialist,EFFECTIVE_INTERVENTION,18,0,18,0,0,0,18
A_APP_WEB_ONLY,RETENTION,WEBGL1-LOEO-v1-02,memory,historical_specialist,NORMAL,48,0,48,0,0,0,48
A_APP_WEB_ONLY,RETENTION,WEBGL1-LOEO-v1-02,memory,historical_specialist,NO_OBSERVABLE_EFFECT,6,0,6,0,0,0,6
A_APP_WEB_ONLY,RETENTION,WEBGL1-LOEO-v1-02,mtc,development,NORMAL,144,1,142,1,0,0,143
A_APP_WEB_ONLY,RETENTION,WEBGL1-LOEO-v1-02,mtc,discovery,NORMAL,630,8,619,3,0,0,627
A_APP_WEB_ONLY,RETENTION,WEBGL1-LOEO-v1-02,mtc,reserved_validation,NORMAL,117,2,115,0,0,0,117
A_APP_WEB_ONLY,RETENTION,WEBGL1-LOEO-v1-02,paired60,b2b42,EFFECTIVE_INTERVENTION,8,0,8,0,0,0,8
A_APP_WEB_ONLY,RETENTION,WEBGL1-LOEO-v1-02,paired60,b2b42,NORMAL,34,0,34,0,0,0,34
A_APP_WEB_ONLY,RETENTION,WEBGL1-LOEO-v1-02,paired60,pilot18,EFFECTIVE_INTERVENTION,6,6,0,0,0,0,6
A_APP_WEB_ONLY,RETENTION,WEBGL1-LOEO-v1-02,paired60,pilot18,NORMAL,12,12,0,0,0,0,12
A_APP_WEB_ONLY,RETENTION,WEBGL1-LOEO-v1-02,screen,historical_specialist,EFFECTIVE_INTERVENTION,6,6,0,0,0,0,6
A_APP_WEB_ONLY,RETENTION,WEBGL1-LOEO-v1-02,screen,historical_specialist,NORMAL,66,6,60,0,0,0,66
A_APP_WEB_ONLY,RETENTION,WEBGL1-LOEO-v1-02,timezone,historical_specialist,EFFECTIVE_INTERVENTION,6,6,0,0,0,0,6
A_APP_WEB_ONLY,RETENTION,WEBGL1-LOEO-v1-02,timezone,historical_specialist,NORMAL,30,6,24,0,0,0,30
A_APP_WEB_ONLY,RETENTION,WEBGL1-LOEO-v1-03,controlled,heldout,EFFECTIVE_INTERVENTION,42,30,12,0,0,0,42
A_APP_WEB_ONLY,RETENTION,WEBGL1-LOEO-v1-03,controlled,heldout,NORMAL,84,0,84,0,0,0,84
A_APP_WEB_ONLY,RETENTION,WEBGL1-LOEO-v1-03,memory,historical_specialist,EFFECTIVE_INTERVENTION,18,0,18,0,0,0,18
A_APP_WEB_ONLY,RETENTION,WEBGL1-LOEO-v1-03,memory,historical_specialist,NORMAL,48,0,48,0,0,0,48
A_APP_WEB_ONLY,RETENTION,WEBGL1-LOEO-v1-03,memory,historical_specialist,NO_OBSERVABLE_EFFECT,6,0,6,0,0,0,6
A_APP_WEB_ONLY,RETENTION,WEBGL1-LOEO-v1-03,mtc,development,NORMAL,144,0,143,1,0,0,143
A_APP_WEB_ONLY,RETENTION,WEBGL1-LOEO-v1-03,mtc,discovery,NORMAL,630,2,625,3,0,0,627
A_APP_WEB_ONLY,RETENTION,WEBGL1-LOEO-v1-03,mtc,reserved_validation,NORMAL,117,1,116,0,0,0,117
A_APP_WEB_ONLY,RETENTION,WEBGL1-LOEO-v1-03,paired60,b2b42,EFFECTIVE_INTERVENTION,8,0,8,0,0,0,8
A_APP_WEB_ONLY,RETENTION,WEBGL1-LOEO-v1-03,paired60,b2b42,NORMAL,34,0,34,0,0,0,34
A_APP_WEB_ONLY,RETENTION,WEBGL1-LOEO-v1-03,paired60,pilot18,EFFECTIVE_INTERVENTION,6,6,0,0,0,0,6
A_APP_WEB_ONLY,RETENTION,WEBGL1-LOEO-v1-03,paired60,pilot18,NORMAL,12,12,0,0,0,0,12
A_APP_WEB_ONLY,RETENTION,WEBGL1-LOEO-v1-03,screen,historical_specialist,EFFECTIVE_INTERVENTION,6,0,6,0,0,0,6
A_APP_WEB_ONLY,RETENTION,WEBGL1-LOEO-v1-03,screen,historical_specialist,NORMAL,66,0,66,0,0,0,66
A_APP_WEB_ONLY,RETENTION,WEBGL1-LOEO-v1-03,timezone,historical_specialist,EFFECTIVE_INTERVENTION,6,6,0,0,0,0,6
A_APP_WEB_ONLY,RETENTION,WEBGL1-LOEO-v1-03,timezone,historical_specialist,NORMAL,30,6,24,0,0,0,30
A_APP_WEB_ONLY,SPARSE,WEBGL1-LOEO-v1-01,controlled,heldout,EFFECTIVE_INTERVENTION,42,33,9,0,0,0,42
A_APP_WEB_ONLY,SPARSE,WEBGL1-LOEO-v1-01,controlled,heldout,NORMAL,84,0,84,0,0,0,84
A_APP_WEB_ONLY,SPARSE,WEBGL1-LOEO-v1-01,memory,historical_specialist,EFFECTIVE_INTERVENTION,18,0,18,0,0,0,18
A_APP_WEB_ONLY,SPARSE,WEBGL1-LOEO-v1-01,memory,historical_specialist,NORMAL,48,0,48,0,0,0,48
A_APP_WEB_ONLY,SPARSE,WEBGL1-LOEO-v1-01,memory,historical_specialist,NO_OBSERVABLE_EFFECT,6,0,6,0,0,0,6
A_APP_WEB_ONLY,SPARSE,WEBGL1-LOEO-v1-01,mtc,development,NORMAL,144,1,142,1,0,0,143
A_APP_WEB_ONLY,SPARSE,WEBGL1-LOEO-v1-01,mtc,discovery,NORMAL,630,8,619,3,0,0,627
A_APP_WEB_ONLY,SPARSE,WEBGL1-LOEO-v1-01,mtc,reserved_validation,NORMAL,117,2,115,0,0,0,117
A_APP_WEB_ONLY,SPARSE,WEBGL1-LOEO-v1-01,paired60,b2b42,EFFECTIVE_INTERVENTION,8,0,8,0,0,0,8
A_APP_WEB_ONLY,SPARSE,WEBGL1-LOEO-v1-01,paired60,b2b42,NORMAL,34,0,34,0,0,0,34
A_APP_WEB_ONLY,SPARSE,WEBGL1-LOEO-v1-01,paired60,pilot18,EFFECTIVE_INTERVENTION,6,6,0,0,0,0,6
A_APP_WEB_ONLY,SPARSE,WEBGL1-LOEO-v1-01,paired60,pilot18,NORMAL,12,12,0,0,0,0,12
A_APP_WEB_ONLY,SPARSE,WEBGL1-LOEO-v1-01,screen,historical_specialist,EFFECTIVE_INTERVENTION,6,6,0,0,0,0,6
A_APP_WEB_ONLY,SPARSE,WEBGL1-LOEO-v1-01,screen,historical_specialist,NORMAL,66,6,60,0,0,0,66
A_APP_WEB_ONLY,SPARSE,WEBGL1-LOEO-v1-01,timezone,historical_specialist,EFFECTIVE_INTERVENTION,6,6,0,0,0,0,6
A_APP_WEB_ONLY,SPARSE,WEBGL1-LOEO-v1-01,timezone,historical_specialist,NORMAL,30,6,24,0,0,0,30
A_APP_WEB_ONLY,SPARSE,WEBGL1-LOEO-v1-02,controlled,heldout,EFFECTIVE_INTERVENTION,42,33,9,0,0,0,42
A_APP_WEB_ONLY,SPARSE,WEBGL1-LOEO-v1-02,controlled,heldout,NORMAL,84,0,84,0,0,0,84
A_APP_WEB_ONLY,SPARSE,WEBGL1-LOEO-v1-02,memory,historical_specialist,EFFECTIVE_INTERVENTION,18,0,18,0,0,0,18
A_APP_WEB_ONLY,SPARSE,WEBGL1-LOEO-v1-02,memory,historical_specialist,NORMAL,48,0,48,0,0,0,48
A_APP_WEB_ONLY,SPARSE,WEBGL1-LOEO-v1-02,memory,historical_specialist,NO_OBSERVABLE_EFFECT,6,0,6,0,0,0,6
A_APP_WEB_ONLY,SPARSE,WEBGL1-LOEO-v1-02,mtc,development,NORMAL,144,1,142,1,0,0,143
A_APP_WEB_ONLY,SPARSE,WEBGL1-LOEO-v1-02,mtc,discovery,NORMAL,630,8,619,3,0,0,627
A_APP_WEB_ONLY,SPARSE,WEBGL1-LOEO-v1-02,mtc,reserved_validation,NORMAL,117,2,115,0,0,0,117
A_APP_WEB_ONLY,SPARSE,WEBGL1-LOEO-v1-02,paired60,b2b42,EFFECTIVE_INTERVENTION,8,0,8,0,0,0,8
A_APP_WEB_ONLY,SPARSE,WEBGL1-LOEO-v1-02,paired60,b2b42,NORMAL,34,0,34,0,0,0,34
A_APP_WEB_ONLY,SPARSE,WEBGL1-LOEO-v1-02,paired60,pilot18,EFFECTIVE_INTERVENTION,6,6,0,0,0,0,6
A_APP_WEB_ONLY,SPARSE,WEBGL1-LOEO-v1-02,paired60,pilot18,NORMAL,12,12,0,0,0,0,12
A_APP_WEB_ONLY,SPARSE,WEBGL1-LOEO-v1-02,screen,historical_specialist,EFFECTIVE_INTERVENTION,6,6,0,0,0,0,6
A_APP_WEB_ONLY,SPARSE,WEBGL1-LOEO-v1-02,screen,historical_specialist,NORMAL,66,6,60,0,0,0,66
A_APP_WEB_ONLY,SPARSE,WEBGL1-LOEO-v1-02,timezone,historical_specialist,EFFECTIVE_INTERVENTION,6,6,0,0,0,0,6
A_APP_WEB_ONLY,SPARSE,WEBGL1-LOEO-v1-02,timezone,historical_specialist,NORMAL,30,6,24,0,0,0,30
A_APP_WEB_ONLY,SPARSE,WEBGL1-LOEO-v1-03,controlled,heldout,EFFECTIVE_INTERVENTION,42,30,12,0,0,0,42
A_APP_WEB_ONLY,SPARSE,WEBGL1-LOEO-v1-03,controlled,heldout,NORMAL,84,0,84,0,0,0,84
A_APP_WEB_ONLY,SPARSE,WEBGL1-LOEO-v1-03,memory,historical_specialist,EFFECTIVE_INTERVENTION,18,0,18,0,0,0,18
A_APP_WEB_ONLY,SPARSE,WEBGL1-LOEO-v1-03,memory,historical_specialist,NORMAL,48,0,48,0,0,0,48
A_APP_WEB_ONLY,SPARSE,WEBGL1-LOEO-v1-03,memory,historical_specialist,NO_OBSERVABLE_EFFECT,6,0,6,0,0,0,6
A_APP_WEB_ONLY,SPARSE,WEBGL1-LOEO-v1-03,mtc,development,NORMAL,144,0,143,1,0,0,143
A_APP_WEB_ONLY,SPARSE,WEBGL1-LOEO-v1-03,mtc,discovery,NORMAL,630,2,625,3,0,0,627
A_APP_WEB_ONLY,SPARSE,WEBGL1-LOEO-v1-03,mtc,reserved_validation,NORMAL,117,1,116,0,0,0,117
A_APP_WEB_ONLY,SPARSE,WEBGL1-LOEO-v1-03,paired60,b2b42,EFFECTIVE_INTERVENTION,8,0,8,0,0,0,8
A_APP_WEB_ONLY,SPARSE,WEBGL1-LOEO-v1-03,paired60,b2b42,NORMAL,34,0,34,0,0,0,34
A_APP_WEB_ONLY,SPARSE,WEBGL1-LOEO-v1-03,paired60,pilot18,EFFECTIVE_INTERVENTION,6,6,0,0,0,0,6
A_APP_WEB_ONLY,SPARSE,WEBGL1-LOEO-v1-03,paired60,pilot18,NORMAL,12,12,0,0,0,0,12
A_APP_WEB_ONLY,SPARSE,WEBGL1-LOEO-v1-03,screen,historical_specialist,EFFECTIVE_INTERVENTION,6,0,6,0,0,0,6
A_APP_WEB_ONLY,SPARSE,WEBGL1-LOEO-v1-03,screen,historical_specialist,NORMAL,66,0,66,0,0,0,66
A_APP_WEB_ONLY,SPARSE,WEBGL1-LOEO-v1-03,timezone,historical_specialist,EFFECTIVE_INTERVENTION,6,6,0,0,0,0,6
A_APP_WEB_ONLY,SPARSE,WEBGL1-LOEO-v1-03,timezone,historical_specialist,NORMAL,30,6,24,0,0,0,30
A_NO_MEMORY_REL,RETENTION,WEBGL1-LOEO-v1-01,controlled,heldout,EFFECTIVE_INTERVENTION,42,33,9,0,0,0,42
A_NO_MEMORY_REL,RETENTION,WEBGL1-LOEO-v1-01,controlled,heldout,NORMAL,84,0,84,0,0,0,84
A_NO_MEMORY_REL,RETENTION,WEBGL1-LOEO-v1-01,memory,historical_specialist,EFFECTIVE_INTERVENTION,18,0,18,0,0,0,18
A_NO_MEMORY_REL,RETENTION,WEBGL1-LOEO-v1-01,memory,historical_specialist,NORMAL,48,0,48,0,0,0,48
A_NO_MEMORY_REL,RETENTION,WEBGL1-LOEO-v1-01,memory,historical_specialist,NO_OBSERVABLE_EFFECT,6,0,6,0,0,0,6
A_NO_MEMORY_REL,RETENTION,WEBGL1-LOEO-v1-01,mtc,development,NORMAL,144,1,142,1,0,0,143
A_NO_MEMORY_REL,RETENTION,WEBGL1-LOEO-v1-01,mtc,discovery,NORMAL,630,6,621,3,0,0,627
A_NO_MEMORY_REL,RETENTION,WEBGL1-LOEO-v1-01,mtc,reserved_validation,NORMAL,117,1,116,0,0,0,117
A_NO_MEMORY_REL,RETENTION,WEBGL1-LOEO-v1-01,paired60,b2b42,EFFECTIVE_INTERVENTION,8,2,6,0,0,0,8
A_NO_MEMORY_REL,RETENTION,WEBGL1-LOEO-v1-01,paired60,b2b42,NORMAL,34,0,34,0,0,0,34
A_NO_MEMORY_REL,RETENTION,WEBGL1-LOEO-v1-01,paired60,pilot18,EFFECTIVE_INTERVENTION,6,0,6,0,0,0,6
A_NO_MEMORY_REL,RETENTION,WEBGL1-LOEO-v1-01,paired60,pilot18,NORMAL,12,0,12,0,0,0,12
A_NO_MEMORY_REL,RETENTION,WEBGL1-LOEO-v1-01,screen,historical_specialist,EFFECTIVE_INTERVENTION,6,6,0,0,0,0,6
A_NO_MEMORY_REL,RETENTION,WEBGL1-LOEO-v1-01,screen,historical_specialist,NORMAL,66,6,60,0,0,0,66
A_NO_MEMORY_REL,RETENTION,WEBGL1-LOEO-v1-01,timezone,historical_specialist,EFFECTIVE_INTERVENTION,6,6,0,0,0,0,6
A_NO_MEMORY_REL,RETENTION,WEBGL1-LOEO-v1-01,timezone,historical_specialist,NORMAL,30,0,30,0,0,0,30
A_NO_MEMORY_REL,RETENTION,WEBGL1-LOEO-v1-02,controlled,heldout,EFFECTIVE_INTERVENTION,42,33,9,0,0,0,42
A_NO_MEMORY_REL,RETENTION,WEBGL1-LOEO-v1-02,controlled,heldout,NORMAL,84,0,84,0,0,0,84
A_NO_MEMORY_REL,RETENTION,WEBGL1-LOEO-v1-02,memory,historical_specialist,EFFECTIVE_INTERVENTION,18,0,18,0,0,0,18
A_NO_MEMORY_REL,RETENTION,WEBGL1-LOEO-v1-02,memory,historical_specialist,NORMAL,48,0,48,0,0,0,48
A_NO_MEMORY_REL,RETENTION,WEBGL1-LOEO-v1-02,memory,historical_specialist,NO_OBSERVABLE_EFFECT,6,0,6,0,0,0,6
A_NO_MEMORY_REL,RETENTION,WEBGL1-LOEO-v1-02,mtc,development,NORMAL,144,1,142,1,0,0,143
A_NO_MEMORY_REL,RETENTION,WEBGL1-LOEO-v1-02,mtc,discovery,NORMAL,630,6,621,3,0,0,627
A_NO_MEMORY_REL,RETENTION,WEBGL1-LOEO-v1-02,mtc,reserved_validation,NORMAL,117,1,116,0,0,0,117
A_NO_MEMORY_REL,RETENTION,WEBGL1-LOEO-v1-02,paired60,b2b42,EFFECTIVE_INTERVENTION,8,2,6,0,0,0,8
A_NO_MEMORY_REL,RETENTION,WEBGL1-LOEO-v1-02,paired60,b2b42,NORMAL,34,0,34,0,0,0,34
A_NO_MEMORY_REL,RETENTION,WEBGL1-LOEO-v1-02,paired60,pilot18,EFFECTIVE_INTERVENTION,6,0,6,0,0,0,6
A_NO_MEMORY_REL,RETENTION,WEBGL1-LOEO-v1-02,paired60,pilot18,NORMAL,12,0,12,0,0,0,12
A_NO_MEMORY_REL,RETENTION,WEBGL1-LOEO-v1-02,screen,historical_specialist,EFFECTIVE_INTERVENTION,6,6,0,0,0,0,6
A_NO_MEMORY_REL,RETENTION,WEBGL1-LOEO-v1-02,screen,historical_specialist,NORMAL,66,6,60,0,0,0,66
A_NO_MEMORY_REL,RETENTION,WEBGL1-LOEO-v1-02,timezone,historical_specialist,EFFECTIVE_INTERVENTION,6,6,0,0,0,0,6
A_NO_MEMORY_REL,RETENTION,WEBGL1-LOEO-v1-02,timezone,historical_specialist,NORMAL,30,0,30,0,0,0,30
A_NO_MEMORY_REL,RETENTION,WEBGL1-LOEO-v1-03,controlled,heldout,EFFECTIVE_INTERVENTION,42,30,12,0,0,0,42
A_NO_MEMORY_REL,RETENTION,WEBGL1-LOEO-v1-03,controlled,heldout,NORMAL,84,0,84,0,0,0,84
A_NO_MEMORY_REL,RETENTION,WEBGL1-LOEO-v1-03,memory,historical_specialist,EFFECTIVE_INTERVENTION,18,0,18,0,0,0,18
A_NO_MEMORY_REL,RETENTION,WEBGL1-LOEO-v1-03,memory,historical_specialist,NORMAL,48,0,48,0,0,0,48
A_NO_MEMORY_REL,RETENTION,WEBGL1-LOEO-v1-03,memory,historical_specialist,NO_OBSERVABLE_EFFECT,6,0,6,0,0,0,6
A_NO_MEMORY_REL,RETENTION,WEBGL1-LOEO-v1-03,mtc,development,NORMAL,144,0,143,1,0,0,143
A_NO_MEMORY_REL,RETENTION,WEBGL1-LOEO-v1-03,mtc,discovery,NORMAL,630,0,627,3,0,0,627
A_NO_MEMORY_REL,RETENTION,WEBGL1-LOEO-v1-03,mtc,reserved_validation,NORMAL,117,0,117,0,0,0,117
A_NO_MEMORY_REL,RETENTION,WEBGL1-LOEO-v1-03,paired60,b2b42,EFFECTIVE_INTERVENTION,8,2,6,0,0,0,8
A_NO_MEMORY_REL,RETENTION,WEBGL1-LOEO-v1-03,paired60,b2b42,NORMAL,34,0,34,0,0,0,34
A_NO_MEMORY_REL,RETENTION,WEBGL1-LOEO-v1-03,paired60,pilot18,EFFECTIVE_INTERVENTION,6,0,6,0,0,0,6
A_NO_MEMORY_REL,RETENTION,WEBGL1-LOEO-v1-03,paired60,pilot18,NORMAL,12,0,12,0,0,0,12
A_NO_MEMORY_REL,RETENTION,WEBGL1-LOEO-v1-03,screen,historical_specialist,EFFECTIVE_INTERVENTION,6,0,6,0,0,0,6
A_NO_MEMORY_REL,RETENTION,WEBGL1-LOEO-v1-03,screen,historical_specialist,NORMAL,66,0,66,0,0,0,66
A_NO_MEMORY_REL,RETENTION,WEBGL1-LOEO-v1-03,timezone,historical_specialist,EFFECTIVE_INTERVENTION,6,6,0,0,0,0,6
A_NO_MEMORY_REL,RETENTION,WEBGL1-LOEO-v1-03,timezone,historical_specialist,NORMAL,30,0,30,0,0,0,30
A_NO_MEMORY_REL,SPARSE,WEBGL1-LOEO-v1-01,controlled,heldout,EFFECTIVE_INTERVENTION,42,33,9,0,0,0,42
A_NO_MEMORY_REL,SPARSE,WEBGL1-LOEO-v1-01,controlled,heldout,NORMAL,84,0,84,0,0,0,84
A_NO_MEMORY_REL,SPARSE,WEBGL1-LOEO-v1-01,memory,historical_specialist,EFFECTIVE_INTERVENTION,18,0,18,0,0,0,18
A_NO_MEMORY_REL,SPARSE,WEBGL1-LOEO-v1-01,memory,historical_specialist,NORMAL,48,0,48,0,0,0,48
A_NO_MEMORY_REL,SPARSE,WEBGL1-LOEO-v1-01,memory,historical_specialist,NO_OBSERVABLE_EFFECT,6,0,6,0,0,0,6
A_NO_MEMORY_REL,SPARSE,WEBGL1-LOEO-v1-01,mtc,development,NORMAL,144,1,142,1,0,0,143
A_NO_MEMORY_REL,SPARSE,WEBGL1-LOEO-v1-01,mtc,discovery,NORMAL,630,6,621,3,0,0,627
A_NO_MEMORY_REL,SPARSE,WEBGL1-LOEO-v1-01,mtc,reserved_validation,NORMAL,117,1,116,0,0,0,117
A_NO_MEMORY_REL,SPARSE,WEBGL1-LOEO-v1-01,paired60,b2b42,EFFECTIVE_INTERVENTION,8,2,6,0,0,0,8
A_NO_MEMORY_REL,SPARSE,WEBGL1-LOEO-v1-01,paired60,b2b42,NORMAL,34,0,34,0,0,0,34
A_NO_MEMORY_REL,SPARSE,WEBGL1-LOEO-v1-01,paired60,pilot18,EFFECTIVE_INTERVENTION,6,0,6,0,0,0,6
A_NO_MEMORY_REL,SPARSE,WEBGL1-LOEO-v1-01,paired60,pilot18,NORMAL,12,0,12,0,0,0,12
A_NO_MEMORY_REL,SPARSE,WEBGL1-LOEO-v1-01,screen,historical_specialist,EFFECTIVE_INTERVENTION,6,6,0,0,0,0,6
A_NO_MEMORY_REL,SPARSE,WEBGL1-LOEO-v1-01,screen,historical_specialist,NORMAL,66,6,60,0,0,0,66
A_NO_MEMORY_REL,SPARSE,WEBGL1-LOEO-v1-01,timezone,historical_specialist,EFFECTIVE_INTERVENTION,6,6,0,0,0,0,6
A_NO_MEMORY_REL,SPARSE,WEBGL1-LOEO-v1-01,timezone,historical_specialist,NORMAL,30,0,30,0,0,0,30
A_NO_MEMORY_REL,SPARSE,WEBGL1-LOEO-v1-02,controlled,heldout,EFFECTIVE_INTERVENTION,42,33,9,0,0,0,42
A_NO_MEMORY_REL,SPARSE,WEBGL1-LOEO-v1-02,controlled,heldout,NORMAL,84,0,84,0,0,0,84
A_NO_MEMORY_REL,SPARSE,WEBGL1-LOEO-v1-02,memory,historical_specialist,EFFECTIVE_INTERVENTION,18,0,18,0,0,0,18
A_NO_MEMORY_REL,SPARSE,WEBGL1-LOEO-v1-02,memory,historical_specialist,NORMAL,48,0,48,0,0,0,48
A_NO_MEMORY_REL,SPARSE,WEBGL1-LOEO-v1-02,memory,historical_specialist,NO_OBSERVABLE_EFFECT,6,0,6,0,0,0,6
A_NO_MEMORY_REL,SPARSE,WEBGL1-LOEO-v1-02,mtc,development,NORMAL,144,1,142,1,0,0,143
A_NO_MEMORY_REL,SPARSE,WEBGL1-LOEO-v1-02,mtc,discovery,NORMAL,630,6,621,3,0,0,627
A_NO_MEMORY_REL,SPARSE,WEBGL1-LOEO-v1-02,mtc,reserved_validation,NORMAL,117,1,116,0,0,0,117
A_NO_MEMORY_REL,SPARSE,WEBGL1-LOEO-v1-02,paired60,b2b42,EFFECTIVE_INTERVENTION,8,2,6,0,0,0,8
A_NO_MEMORY_REL,SPARSE,WEBGL1-LOEO-v1-02,paired60,b2b42,NORMAL,34,0,34,0,0,0,34
A_NO_MEMORY_REL,SPARSE,WEBGL1-LOEO-v1-02,paired60,pilot18,EFFECTIVE_INTERVENTION,6,0,6,0,0,0,6
A_NO_MEMORY_REL,SPARSE,WEBGL1-LOEO-v1-02,paired60,pilot18,NORMAL,12,0,12,0,0,0,12
A_NO_MEMORY_REL,SPARSE,WEBGL1-LOEO-v1-02,screen,historical_specialist,EFFECTIVE_INTERVENTION,6,6,0,0,0,0,6
A_NO_MEMORY_REL,SPARSE,WEBGL1-LOEO-v1-02,screen,historical_specialist,NORMAL,66,6,60,0,0,0,66
A_NO_MEMORY_REL,SPARSE,WEBGL1-LOEO-v1-02,timezone,historical_specialist,EFFECTIVE_INTERVENTION,6,6,0,0,0,0,6
A_NO_MEMORY_REL,SPARSE,WEBGL1-LOEO-v1-02,timezone,historical_specialist,NORMAL,30,0,30,0,0,0,30
A_NO_MEMORY_REL,SPARSE,WEBGL1-LOEO-v1-03,controlled,heldout,EFFECTIVE_INTERVENTION,42,30,12,0,0,0,42
A_NO_MEMORY_REL,SPARSE,WEBGL1-LOEO-v1-03,controlled,heldout,NORMAL,84,0,84,0,0,0,84
A_NO_MEMORY_REL,SPARSE,WEBGL1-LOEO-v1-03,memory,historical_specialist,EFFECTIVE_INTERVENTION,18,0,18,0,0,0,18
A_NO_MEMORY_REL,SPARSE,WEBGL1-LOEO-v1-03,memory,historical_specialist,NORMAL,48,0,48,0,0,0,48
A_NO_MEMORY_REL,SPARSE,WEBGL1-LOEO-v1-03,memory,historical_specialist,NO_OBSERVABLE_EFFECT,6,0,6,0,0,0,6
A_NO_MEMORY_REL,SPARSE,WEBGL1-LOEO-v1-03,mtc,development,NORMAL,144,0,143,1,0,0,143
A_NO_MEMORY_REL,SPARSE,WEBGL1-LOEO-v1-03,mtc,discovery,NORMAL,630,0,627,3,0,0,627
A_NO_MEMORY_REL,SPARSE,WEBGL1-LOEO-v1-03,mtc,reserved_validation,NORMAL,117,0,117,0,0,0,117
A_NO_MEMORY_REL,SPARSE,WEBGL1-LOEO-v1-03,paired60,b2b42,EFFECTIVE_INTERVENTION,8,2,6,0,0,0,8
A_NO_MEMORY_REL,SPARSE,WEBGL1-LOEO-v1-03,paired60,b2b42,NORMAL,34,0,34,0,0,0,34
A_NO_MEMORY_REL,SPARSE,WEBGL1-LOEO-v1-03,paired60,pilot18,EFFECTIVE_INTERVENTION,6,0,6,0,0,0,6
A_NO_MEMORY_REL,SPARSE,WEBGL1-LOEO-v1-03,paired60,pilot18,NORMAL,12,0,12,0,0,0,12
A_NO_MEMORY_REL,SPARSE,WEBGL1-LOEO-v1-03,screen,historical_specialist,EFFECTIVE_INTERVENTION,6,0,6,0,0,0,6
A_NO_MEMORY_REL,SPARSE,WEBGL1-LOEO-v1-03,screen,historical_specialist,NORMAL,66,0,66,0,0,0,66
A_NO_MEMORY_REL,SPARSE,WEBGL1-LOEO-v1-03,timezone,historical_specialist,EFFECTIVE_INTERVENTION,6,6,0,0,0,0,6
A_NO_MEMORY_REL,SPARSE,WEBGL1-LOEO-v1-03,timezone,historical_specialist,NORMAL,30,0,30,0,0,0,30
A_NO_MTC_CAP,RETENTION,WEBGL1-LOEO-v1-01,controlled,heldout,EFFECTIVE_INTERVENTION,42,36,6,0,0,0,42
A_NO_MTC_CAP,RETENTION,WEBGL1-LOEO-v1-01,controlled,heldout,NORMAL,84,0,84,0,0,0,84
A_NO_MTC_CAP,RETENTION,WEBGL1-LOEO-v1-01,memory,historical_specialist,EFFECTIVE_INTERVENTION,18,18,0,0,0,0,18
A_NO_MTC_CAP,RETENTION,WEBGL1-LOEO-v1-01,memory,historical_specialist,NORMAL,48,0,48,0,0,0,48
A_NO_MTC_CAP,RETENTION,WEBGL1-LOEO-v1-01,memory,historical_specialist,NO_OBSERVABLE_EFFECT,6,0,6,0,0,0,6
A_NO_MTC_CAP,RETENTION,WEBGL1-LOEO-v1-01,mtc,development,NORMAL,144,144,0,0,0,0,144
A_NO_MTC_CAP,RETENTION,WEBGL1-LOEO-v1-01,mtc,discovery,NORMAL,630,630,0,0,0,0,630
A_NO_MTC_CAP,RETENTION,WEBGL1-LOEO-v1-01,mtc,reserved_validation,NORMAL,117,117,0,0,0,0,117
A_NO_MTC_CAP,RETENTION,WEBGL1-LOEO-v1-01,paired60,b2b42,EFFECTIVE_INTERVENTION,8,2,6,0,0,0,8
A_NO_MTC_CAP,RETENTION,WEBGL1-LOEO-v1-01,paired60,b2b42,NORMAL,34,2,32,0,0,0,34
A_NO_MTC_CAP,RETENTION,WEBGL1-LOEO-v1-01,paired60,pilot18,EFFECTIVE_INTERVENTION,6,6,0,0,0,0,6
A_NO_MTC_CAP,RETENTION,WEBGL1-LOEO-v1-01,paired60,pilot18,NORMAL,12,12,0,0,0,0,12
A_NO_MTC_CAP,RETENTION,WEBGL1-LOEO-v1-01,screen,historical_specialist,EFFECTIVE_INTERVENTION,6,6,0,0,0,0,6
A_NO_MTC_CAP,RETENTION,WEBGL1-LOEO-v1-01,screen,historical_specialist,NORMAL,66,0,66,0,0,0,66
A_NO_MTC_CAP,RETENTION,WEBGL1-LOEO-v1-01,timezone,historical_specialist,EFFECTIVE_INTERVENTION,6,6,0,0,0,0,6
A_NO_MTC_CAP,RETENTION,WEBGL1-LOEO-v1-01,timezone,historical_specialist,NORMAL,30,0,30,0,0,0,30
A_NO_MTC_CAP,RETENTION,WEBGL1-LOEO-v1-02,controlled,heldout,EFFECTIVE_INTERVENTION,42,36,6,0,0,0,42
A_NO_MTC_CAP,RETENTION,WEBGL1-LOEO-v1-02,controlled,heldout,NORMAL,84,0,84,0,0,0,84
A_NO_MTC_CAP,RETENTION,WEBGL1-LOEO-v1-02,memory,historical_specialist,EFFECTIVE_INTERVENTION,18,18,0,0,0,0,18
A_NO_MTC_CAP,RETENTION,WEBGL1-LOEO-v1-02,memory,historical_specialist,NORMAL,48,0,48,0,0,0,48
A_NO_MTC_CAP,RETENTION,WEBGL1-LOEO-v1-02,memory,historical_specialist,NO_OBSERVABLE_EFFECT,6,0,6,0,0,0,6
A_NO_MTC_CAP,RETENTION,WEBGL1-LOEO-v1-02,mtc,development,NORMAL,144,144,0,0,0,0,144
A_NO_MTC_CAP,RETENTION,WEBGL1-LOEO-v1-02,mtc,discovery,NORMAL,630,630,0,0,0,0,630
A_NO_MTC_CAP,RETENTION,WEBGL1-LOEO-v1-02,mtc,reserved_validation,NORMAL,117,117,0,0,0,0,117
A_NO_MTC_CAP,RETENTION,WEBGL1-LOEO-v1-02,paired60,b2b42,EFFECTIVE_INTERVENTION,8,2,6,0,0,0,8
A_NO_MTC_CAP,RETENTION,WEBGL1-LOEO-v1-02,paired60,b2b42,NORMAL,34,2,32,0,0,0,34
A_NO_MTC_CAP,RETENTION,WEBGL1-LOEO-v1-02,paired60,pilot18,EFFECTIVE_INTERVENTION,6,6,0,0,0,0,6
A_NO_MTC_CAP,RETENTION,WEBGL1-LOEO-v1-02,paired60,pilot18,NORMAL,12,12,0,0,0,0,12
A_NO_MTC_CAP,RETENTION,WEBGL1-LOEO-v1-02,screen,historical_specialist,EFFECTIVE_INTERVENTION,6,6,0,0,0,0,6
A_NO_MTC_CAP,RETENTION,WEBGL1-LOEO-v1-02,screen,historical_specialist,NORMAL,66,0,66,0,0,0,66
A_NO_MTC_CAP,RETENTION,WEBGL1-LOEO-v1-02,timezone,historical_specialist,EFFECTIVE_INTERVENTION,6,6,0,0,0,0,6
A_NO_MTC_CAP,RETENTION,WEBGL1-LOEO-v1-02,timezone,historical_specialist,NORMAL,30,0,30,0,0,0,30
A_NO_MTC_CAP,RETENTION,WEBGL1-LOEO-v1-03,controlled,heldout,EFFECTIVE_INTERVENTION,42,36,6,0,0,0,42
A_NO_MTC_CAP,RETENTION,WEBGL1-LOEO-v1-03,controlled,heldout,NORMAL,84,0,84,0,0,0,84
A_NO_MTC_CAP,RETENTION,WEBGL1-LOEO-v1-03,memory,historical_specialist,EFFECTIVE_INTERVENTION,18,18,0,0,0,0,18
A_NO_MTC_CAP,RETENTION,WEBGL1-LOEO-v1-03,memory,historical_specialist,NORMAL,48,0,48,0,0,0,48
A_NO_MTC_CAP,RETENTION,WEBGL1-LOEO-v1-03,memory,historical_specialist,NO_OBSERVABLE_EFFECT,6,0,6,0,0,0,6
A_NO_MTC_CAP,RETENTION,WEBGL1-LOEO-v1-03,mtc,development,NORMAL,144,144,0,0,0,0,144
A_NO_MTC_CAP,RETENTION,WEBGL1-LOEO-v1-03,mtc,discovery,NORMAL,630,630,0,0,0,0,630
A_NO_MTC_CAP,RETENTION,WEBGL1-LOEO-v1-03,mtc,reserved_validation,NORMAL,117,117,0,0,0,0,117
A_NO_MTC_CAP,RETENTION,WEBGL1-LOEO-v1-03,paired60,b2b42,EFFECTIVE_INTERVENTION,8,2,6,0,0,0,8
A_NO_MTC_CAP,RETENTION,WEBGL1-LOEO-v1-03,paired60,b2b42,NORMAL,34,2,32,0,0,0,34
A_NO_MTC_CAP,RETENTION,WEBGL1-LOEO-v1-03,paired60,pilot18,EFFECTIVE_INTERVENTION,6,6,0,0,0,0,6
A_NO_MTC_CAP,RETENTION,WEBGL1-LOEO-v1-03,paired60,pilot18,NORMAL,12,12,0,0,0,0,12
A_NO_MTC_CAP,RETENTION,WEBGL1-LOEO-v1-03,screen,historical_specialist,EFFECTIVE_INTERVENTION,6,6,0,0,0,0,6
A_NO_MTC_CAP,RETENTION,WEBGL1-LOEO-v1-03,screen,historical_specialist,NORMAL,66,0,66,0,0,0,66
A_NO_MTC_CAP,RETENTION,WEBGL1-LOEO-v1-03,timezone,historical_specialist,EFFECTIVE_INTERVENTION,6,6,0,0,0,0,6
A_NO_MTC_CAP,RETENTION,WEBGL1-LOEO-v1-03,timezone,historical_specialist,NORMAL,30,0,30,0,0,0,30
A_NO_MTC_CAP,SPARSE,WEBGL1-LOEO-v1-01,controlled,heldout,EFFECTIVE_INTERVENTION,42,36,6,0,0,0,42
A_NO_MTC_CAP,SPARSE,WEBGL1-LOEO-v1-01,controlled,heldout,NORMAL,84,0,84,0,0,0,84
A_NO_MTC_CAP,SPARSE,WEBGL1-LOEO-v1-01,memory,historical_specialist,EFFECTIVE_INTERVENTION,18,18,0,0,0,0,18
A_NO_MTC_CAP,SPARSE,WEBGL1-LOEO-v1-01,memory,historical_specialist,NORMAL,48,0,48,0,0,0,48
A_NO_MTC_CAP,SPARSE,WEBGL1-LOEO-v1-01,memory,historical_specialist,NO_OBSERVABLE_EFFECT,6,0,6,0,0,0,6
A_NO_MTC_CAP,SPARSE,WEBGL1-LOEO-v1-01,mtc,development,NORMAL,144,119,20,5,0,0,139
A_NO_MTC_CAP,SPARSE,WEBGL1-LOEO-v1-01,mtc,discovery,NORMAL,630,518,95,17,0,0,613
A_NO_MTC_CAP,SPARSE,WEBGL1-LOEO-v1-01,mtc,reserved_validation,NORMAL,117,98,17,2,0,0,115
A_NO_MTC_CAP,SPARSE,WEBGL1-LOEO-v1-01,paired60,b2b42,EFFECTIVE_INTERVENTION,8,2,6,0,0,0,8
A_NO_MTC_CAP,SPARSE,WEBGL1-LOEO-v1-01,paired60,b2b42,NORMAL,34,0,34,0,0,0,34
A_NO_MTC_CAP,SPARSE,WEBGL1-LOEO-v1-01,paired60,pilot18,EFFECTIVE_INTERVENTION,6,0,6,0,0,0,6
A_NO_MTC_CAP,SPARSE,WEBGL1-LOEO-v1-01,paired60,pilot18,NORMAL,12,0,12,0,0,0,12
A_NO_MTC_CAP,SPARSE,WEBGL1-LOEO-v1-01,screen,historical_specialist,EFFECTIVE_INTERVENTION,6,6,0,0,0,0,6
A_NO_MTC_CAP,SPARSE,WEBGL1-LOEO-v1-01,screen,historical_specialist,NORMAL,66,0,66,0,0,0,66
A_NO_MTC_CAP,SPARSE,WEBGL1-LOEO-v1-01,timezone,historical_specialist,EFFECTIVE_INTERVENTION,6,6,0,0,0,0,6
A_NO_MTC_CAP,SPARSE,WEBGL1-LOEO-v1-01,timezone,historical_specialist,NORMAL,30,0,30,0,0,0,30
A_NO_MTC_CAP,SPARSE,WEBGL1-LOEO-v1-02,controlled,heldout,EFFECTIVE_INTERVENTION,42,36,6,0,0,0,42
A_NO_MTC_CAP,SPARSE,WEBGL1-LOEO-v1-02,controlled,heldout,NORMAL,84,0,84,0,0,0,84
A_NO_MTC_CAP,SPARSE,WEBGL1-LOEO-v1-02,memory,historical_specialist,EFFECTIVE_INTERVENTION,18,18,0,0,0,0,18
A_NO_MTC_CAP,SPARSE,WEBGL1-LOEO-v1-02,memory,historical_specialist,NORMAL,48,0,48,0,0,0,48
A_NO_MTC_CAP,SPARSE,WEBGL1-LOEO-v1-02,memory,historical_specialist,NO_OBSERVABLE_EFFECT,6,0,6,0,0,0,6
A_NO_MTC_CAP,SPARSE,WEBGL1-LOEO-v1-02,mtc,development,NORMAL,144,119,20,5,0,0,139
A_NO_MTC_CAP,SPARSE,WEBGL1-LOEO-v1-02,mtc,discovery,NORMAL,630,518,95,17,0,0,613
A_NO_MTC_CAP,SPARSE,WEBGL1-LOEO-v1-02,mtc,reserved_validation,NORMAL,117,98,17,2,0,0,115
A_NO_MTC_CAP,SPARSE,WEBGL1-LOEO-v1-02,paired60,b2b42,EFFECTIVE_INTERVENTION,8,2,6,0,0,0,8
A_NO_MTC_CAP,SPARSE,WEBGL1-LOEO-v1-02,paired60,b2b42,NORMAL,34,0,34,0,0,0,34
A_NO_MTC_CAP,SPARSE,WEBGL1-LOEO-v1-02,paired60,pilot18,EFFECTIVE_INTERVENTION,6,0,6,0,0,0,6
A_NO_MTC_CAP,SPARSE,WEBGL1-LOEO-v1-02,paired60,pilot18,NORMAL,12,0,12,0,0,0,12
A_NO_MTC_CAP,SPARSE,WEBGL1-LOEO-v1-02,screen,historical_specialist,EFFECTIVE_INTERVENTION,6,6,0,0,0,0,6
A_NO_MTC_CAP,SPARSE,WEBGL1-LOEO-v1-02,screen,historical_specialist,NORMAL,66,0,66,0,0,0,66
A_NO_MTC_CAP,SPARSE,WEBGL1-LOEO-v1-02,timezone,historical_specialist,EFFECTIVE_INTERVENTION,6,6,0,0,0,0,6
A_NO_MTC_CAP,SPARSE,WEBGL1-LOEO-v1-02,timezone,historical_specialist,NORMAL,30,0,30,0,0,0,30
A_NO_MTC_CAP,SPARSE,WEBGL1-LOEO-v1-03,controlled,heldout,EFFECTIVE_INTERVENTION,42,36,6,0,0,0,42
A_NO_MTC_CAP,SPARSE,WEBGL1-LOEO-v1-03,controlled,heldout,NORMAL,84,0,84,0,0,0,84
A_NO_MTC_CAP,SPARSE,WEBGL1-LOEO-v1-03,memory,historical_specialist,EFFECTIVE_INTERVENTION,18,18,0,0,0,0,18
A_NO_MTC_CAP,SPARSE,WEBGL1-LOEO-v1-03,memory,historical_specialist,NORMAL,48,0,48,0,0,0,48
A_NO_MTC_CAP,SPARSE,WEBGL1-LOEO-v1-03,memory,historical_specialist,NO_OBSERVABLE_EFFECT,6,0,6,0,0,0,6
A_NO_MTC_CAP,SPARSE,WEBGL1-LOEO-v1-03,mtc,development,NORMAL,144,119,20,5,0,0,139
A_NO_MTC_CAP,SPARSE,WEBGL1-LOEO-v1-03,mtc,discovery,NORMAL,630,518,95,17,0,0,613
A_NO_MTC_CAP,SPARSE,WEBGL1-LOEO-v1-03,mtc,reserved_validation,NORMAL,117,98,17,2,0,0,115
A_NO_MTC_CAP,SPARSE,WEBGL1-LOEO-v1-03,paired60,b2b42,EFFECTIVE_INTERVENTION,8,2,6,0,0,0,8
A_NO_MTC_CAP,SPARSE,WEBGL1-LOEO-v1-03,paired60,b2b42,NORMAL,34,0,34,0,0,0,34
A_NO_MTC_CAP,SPARSE,WEBGL1-LOEO-v1-03,paired60,pilot18,EFFECTIVE_INTERVENTION,6,0,6,0,0,0,6
A_NO_MTC_CAP,SPARSE,WEBGL1-LOEO-v1-03,paired60,pilot18,NORMAL,12,0,12,0,0,0,12
A_NO_MTC_CAP,SPARSE,WEBGL1-LOEO-v1-03,screen,historical_specialist,EFFECTIVE_INTERVENTION,6,6,0,0,0,0,6
A_NO_MTC_CAP,SPARSE,WEBGL1-LOEO-v1-03,screen,historical_specialist,NORMAL,66,0,66,0,0,0,66
A_NO_MTC_CAP,SPARSE,WEBGL1-LOEO-v1-03,timezone,historical_specialist,EFFECTIVE_INTERVENTION,6,6,0,0,0,0,6
A_NO_MTC_CAP,SPARSE,WEBGL1-LOEO-v1-03,timezone,historical_specialist,NORMAL,30,0,30,0,0,0,30
A_NO_TIMEZONE_REL,RETENTION,WEBGL1-LOEO-v1-01,controlled,heldout,EFFECTIVE_INTERVENTION,42,36,6,0,0,0,42
A_NO_TIMEZONE_REL,RETENTION,WEBGL1-LOEO-v1-01,controlled,heldout,NORMAL,84,0,84,0,0,0,84
A_NO_TIMEZONE_REL,RETENTION,WEBGL1-LOEO-v1-01,memory,historical_specialist,EFFECTIVE_INTERVENTION,18,18,0,0,0,0,18
A_NO_TIMEZONE_REL,RETENTION,WEBGL1-LOEO-v1-01,memory,historical_specialist,NORMAL,48,0,48,0,0,0,48
A_NO_TIMEZONE_REL,RETENTION,WEBGL1-LOEO-v1-01,memory,historical_specialist,NO_OBSERVABLE_EFFECT,6,0,6,0,0,0,6
A_NO_TIMEZONE_REL,RETENTION,WEBGL1-LOEO-v1-01,mtc,development,NORMAL,144,1,135,8,0,0,136
A_NO_TIMEZONE_REL,RETENTION,WEBGL1-LOEO-v1-01,mtc,discovery,NORMAL,630,8,571,51,0,0,579
A_NO_TIMEZONE_REL,RETENTION,WEBGL1-LOEO-v1-01,mtc,reserved_validation,NORMAL,117,2,109,6,0,0,111
A_NO_TIMEZONE_REL,RETENTION,WEBGL1-LOEO-v1-01,paired60,b2b42,EFFECTIVE_INTERVENTION,8,0,8,0,0,0,8
A_NO_TIMEZONE_REL,RETENTION,WEBGL1-LOEO-v1-01,paired60,b2b42,NORMAL,34,0,34,0,0,0,34
A_NO_TIMEZONE_REL,RETENTION,WEBGL1-LOEO-v1-01,paired60,pilot18,EFFECTIVE_INTERVENTION,6,6,0,0,0,0,6
A_NO_TIMEZONE_REL,RETENTION,WEBGL1-LOEO-v1-01,paired60,pilot18,NORMAL,12,12,0,0,0,0,12
A_NO_TIMEZONE_REL,RETENTION,WEBGL1-LOEO-v1-01,screen,historical_specialist,EFFECTIVE_INTERVENTION,6,6,0,0,0,0,6
A_NO_TIMEZONE_REL,RETENTION,WEBGL1-LOEO-v1-01,screen,historical_specialist,NORMAL,66,6,60,0,0,0,66
A_NO_TIMEZONE_REL,RETENTION,WEBGL1-LOEO-v1-01,timezone,historical_specialist,EFFECTIVE_INTERVENTION,6,6,0,0,0,0,6
A_NO_TIMEZONE_REL,RETENTION,WEBGL1-LOEO-v1-01,timezone,historical_specialist,NORMAL,30,6,24,0,0,0,30
A_NO_TIMEZONE_REL,RETENTION,WEBGL1-LOEO-v1-02,controlled,heldout,EFFECTIVE_INTERVENTION,42,36,6,0,0,0,42
A_NO_TIMEZONE_REL,RETENTION,WEBGL1-LOEO-v1-02,controlled,heldout,NORMAL,84,0,84,0,0,0,84
A_NO_TIMEZONE_REL,RETENTION,WEBGL1-LOEO-v1-02,memory,historical_specialist,EFFECTIVE_INTERVENTION,18,18,0,0,0,0,18
A_NO_TIMEZONE_REL,RETENTION,WEBGL1-LOEO-v1-02,memory,historical_specialist,NORMAL,48,0,48,0,0,0,48
A_NO_TIMEZONE_REL,RETENTION,WEBGL1-LOEO-v1-02,memory,historical_specialist,NO_OBSERVABLE_EFFECT,6,0,6,0,0,0,6
A_NO_TIMEZONE_REL,RETENTION,WEBGL1-LOEO-v1-02,mtc,development,NORMAL,144,1,135,8,0,0,136
A_NO_TIMEZONE_REL,RETENTION,WEBGL1-LOEO-v1-02,mtc,discovery,NORMAL,630,8,571,51,0,0,579
A_NO_TIMEZONE_REL,RETENTION,WEBGL1-LOEO-v1-02,mtc,reserved_validation,NORMAL,117,2,109,6,0,0,111
A_NO_TIMEZONE_REL,RETENTION,WEBGL1-LOEO-v1-02,paired60,b2b42,EFFECTIVE_INTERVENTION,8,0,8,0,0,0,8
A_NO_TIMEZONE_REL,RETENTION,WEBGL1-LOEO-v1-02,paired60,b2b42,NORMAL,34,0,34,0,0,0,34
A_NO_TIMEZONE_REL,RETENTION,WEBGL1-LOEO-v1-02,paired60,pilot18,EFFECTIVE_INTERVENTION,6,6,0,0,0,0,6
A_NO_TIMEZONE_REL,RETENTION,WEBGL1-LOEO-v1-02,paired60,pilot18,NORMAL,12,12,0,0,0,0,12
A_NO_TIMEZONE_REL,RETENTION,WEBGL1-LOEO-v1-02,screen,historical_specialist,EFFECTIVE_INTERVENTION,6,6,0,0,0,0,6
A_NO_TIMEZONE_REL,RETENTION,WEBGL1-LOEO-v1-02,screen,historical_specialist,NORMAL,66,6,60,0,0,0,66
A_NO_TIMEZONE_REL,RETENTION,WEBGL1-LOEO-v1-02,timezone,historical_specialist,EFFECTIVE_INTERVENTION,6,6,0,0,0,0,6
A_NO_TIMEZONE_REL,RETENTION,WEBGL1-LOEO-v1-02,timezone,historical_specialist,NORMAL,30,6,24,0,0,0,30
A_NO_TIMEZONE_REL,RETENTION,WEBGL1-LOEO-v1-03,controlled,heldout,EFFECTIVE_INTERVENTION,42,33,9,0,0,0,42
A_NO_TIMEZONE_REL,RETENTION,WEBGL1-LOEO-v1-03,controlled,heldout,NORMAL,84,0,84,0,0,0,84
A_NO_TIMEZONE_REL,RETENTION,WEBGL1-LOEO-v1-03,memory,historical_specialist,EFFECTIVE_INTERVENTION,18,18,0,0,0,0,18
A_NO_TIMEZONE_REL,RETENTION,WEBGL1-LOEO-v1-03,memory,historical_specialist,NORMAL,48,0,48,0,0,0,48
A_NO_TIMEZONE_REL,RETENTION,WEBGL1-LOEO-v1-03,memory,historical_specialist,NO_OBSERVABLE_EFFECT,6,0,6,0,0,0,6
A_NO_TIMEZONE_REL,RETENTION,WEBGL1-LOEO-v1-03,mtc,development,NORMAL,144,0,136,8,0,0,136
A_NO_TIMEZONE_REL,RETENTION,WEBGL1-LOEO-v1-03,mtc,discovery,NORMAL,630,2,577,51,0,0,579
A_NO_TIMEZONE_REL,RETENTION,WEBGL1-LOEO-v1-03,mtc,reserved_validation,NORMAL,117,1,110,6,0,0,111
A_NO_TIMEZONE_REL,RETENTION,WEBGL1-LOEO-v1-03,paired60,b2b42,EFFECTIVE_INTERVENTION,8,0,8,0,0,0,8
A_NO_TIMEZONE_REL,RETENTION,WEBGL1-LOEO-v1-03,paired60,b2b42,NORMAL,34,0,34,0,0,0,34
A_NO_TIMEZONE_REL,RETENTION,WEBGL1-LOEO-v1-03,paired60,pilot18,EFFECTIVE_INTERVENTION,6,6,0,0,0,0,6
A_NO_TIMEZONE_REL,RETENTION,WEBGL1-LOEO-v1-03,paired60,pilot18,NORMAL,12,12,0,0,0,0,12
A_NO_TIMEZONE_REL,RETENTION,WEBGL1-LOEO-v1-03,screen,historical_specialist,EFFECTIVE_INTERVENTION,6,0,6,0,0,0,6
A_NO_TIMEZONE_REL,RETENTION,WEBGL1-LOEO-v1-03,screen,historical_specialist,NORMAL,66,0,66,0,0,0,66
A_NO_TIMEZONE_REL,RETENTION,WEBGL1-LOEO-v1-03,timezone,historical_specialist,EFFECTIVE_INTERVENTION,6,6,0,0,0,0,6
A_NO_TIMEZONE_REL,RETENTION,WEBGL1-LOEO-v1-03,timezone,historical_specialist,NORMAL,30,6,24,0,0,0,30
A_NO_TIMEZONE_REL,SPARSE,WEBGL1-LOEO-v1-01,controlled,heldout,EFFECTIVE_INTERVENTION,42,36,6,0,0,0,42
A_NO_TIMEZONE_REL,SPARSE,WEBGL1-LOEO-v1-01,controlled,heldout,NORMAL,84,0,84,0,0,0,84
A_NO_TIMEZONE_REL,SPARSE,WEBGL1-LOEO-v1-01,memory,historical_specialist,EFFECTIVE_INTERVENTION,18,18,0,0,0,0,18
A_NO_TIMEZONE_REL,SPARSE,WEBGL1-LOEO-v1-01,memory,historical_specialist,NORMAL,48,0,48,0,0,0,48
A_NO_TIMEZONE_REL,SPARSE,WEBGL1-LOEO-v1-01,memory,historical_specialist,NO_OBSERVABLE_EFFECT,6,0,6,0,0,0,6
A_NO_TIMEZONE_REL,SPARSE,WEBGL1-LOEO-v1-01,mtc,development,NORMAL,144,1,135,8,0,0,136
A_NO_TIMEZONE_REL,SPARSE,WEBGL1-LOEO-v1-01,mtc,discovery,NORMAL,630,8,571,51,0,0,579
A_NO_TIMEZONE_REL,SPARSE,WEBGL1-LOEO-v1-01,mtc,reserved_validation,NORMAL,117,2,109,6,0,0,111
A_NO_TIMEZONE_REL,SPARSE,WEBGL1-LOEO-v1-01,paired60,b2b42,EFFECTIVE_INTERVENTION,8,0,8,0,0,0,8
A_NO_TIMEZONE_REL,SPARSE,WEBGL1-LOEO-v1-01,paired60,b2b42,NORMAL,34,0,34,0,0,0,34
A_NO_TIMEZONE_REL,SPARSE,WEBGL1-LOEO-v1-01,paired60,pilot18,EFFECTIVE_INTERVENTION,6,6,0,0,0,0,6
A_NO_TIMEZONE_REL,SPARSE,WEBGL1-LOEO-v1-01,paired60,pilot18,NORMAL,12,12,0,0,0,0,12
A_NO_TIMEZONE_REL,SPARSE,WEBGL1-LOEO-v1-01,screen,historical_specialist,EFFECTIVE_INTERVENTION,6,6,0,0,0,0,6
A_NO_TIMEZONE_REL,SPARSE,WEBGL1-LOEO-v1-01,screen,historical_specialist,NORMAL,66,6,60,0,0,0,66
A_NO_TIMEZONE_REL,SPARSE,WEBGL1-LOEO-v1-01,timezone,historical_specialist,EFFECTIVE_INTERVENTION,6,6,0,0,0,0,6
A_NO_TIMEZONE_REL,SPARSE,WEBGL1-LOEO-v1-01,timezone,historical_specialist,NORMAL,30,6,24,0,0,0,30
A_NO_TIMEZONE_REL,SPARSE,WEBGL1-LOEO-v1-02,controlled,heldout,EFFECTIVE_INTERVENTION,42,36,6,0,0,0,42
A_NO_TIMEZONE_REL,SPARSE,WEBGL1-LOEO-v1-02,controlled,heldout,NORMAL,84,0,84,0,0,0,84
A_NO_TIMEZONE_REL,SPARSE,WEBGL1-LOEO-v1-02,memory,historical_specialist,EFFECTIVE_INTERVENTION,18,18,0,0,0,0,18
A_NO_TIMEZONE_REL,SPARSE,WEBGL1-LOEO-v1-02,memory,historical_specialist,NORMAL,48,0,48,0,0,0,48
A_NO_TIMEZONE_REL,SPARSE,WEBGL1-LOEO-v1-02,memory,historical_specialist,NO_OBSERVABLE_EFFECT,6,0,6,0,0,0,6
A_NO_TIMEZONE_REL,SPARSE,WEBGL1-LOEO-v1-02,mtc,development,NORMAL,144,1,135,8,0,0,136
A_NO_TIMEZONE_REL,SPARSE,WEBGL1-LOEO-v1-02,mtc,discovery,NORMAL,630,8,571,51,0,0,579
A_NO_TIMEZONE_REL,SPARSE,WEBGL1-LOEO-v1-02,mtc,reserved_validation,NORMAL,117,2,109,6,0,0,111
A_NO_TIMEZONE_REL,SPARSE,WEBGL1-LOEO-v1-02,paired60,b2b42,EFFECTIVE_INTERVENTION,8,0,8,0,0,0,8
A_NO_TIMEZONE_REL,SPARSE,WEBGL1-LOEO-v1-02,paired60,b2b42,NORMAL,34,0,34,0,0,0,34
A_NO_TIMEZONE_REL,SPARSE,WEBGL1-LOEO-v1-02,paired60,pilot18,EFFECTIVE_INTERVENTION,6,6,0,0,0,0,6
A_NO_TIMEZONE_REL,SPARSE,WEBGL1-LOEO-v1-02,paired60,pilot18,NORMAL,12,12,0,0,0,0,12
A_NO_TIMEZONE_REL,SPARSE,WEBGL1-LOEO-v1-02,screen,historical_specialist,EFFECTIVE_INTERVENTION,6,6,0,0,0,0,6
A_NO_TIMEZONE_REL,SPARSE,WEBGL1-LOEO-v1-02,screen,historical_specialist,NORMAL,66,6,60,0,0,0,66
A_NO_TIMEZONE_REL,SPARSE,WEBGL1-LOEO-v1-02,timezone,historical_specialist,EFFECTIVE_INTERVENTION,6,6,0,0,0,0,6
A_NO_TIMEZONE_REL,SPARSE,WEBGL1-LOEO-v1-02,timezone,historical_specialist,NORMAL,30,6,24,0,0,0,30
A_NO_TIMEZONE_REL,SPARSE,WEBGL1-LOEO-v1-03,controlled,heldout,EFFECTIVE_INTERVENTION,42,33,9,0,0,0,42
A_NO_TIMEZONE_REL,SPARSE,WEBGL1-LOEO-v1-03,controlled,heldout,NORMAL,84,0,84,0,0,0,84
A_NO_TIMEZONE_REL,SPARSE,WEBGL1-LOEO-v1-03,memory,historical_specialist,EFFECTIVE_INTERVENTION,18,18,0,0,0,0,18
A_NO_TIMEZONE_REL,SPARSE,WEBGL1-LOEO-v1-03,memory,historical_specialist,NORMAL,48,0,48,0,0,0,48
A_NO_TIMEZONE_REL,SPARSE,WEBGL1-LOEO-v1-03,memory,historical_specialist,NO_OBSERVABLE_EFFECT,6,0,6,0,0,0,6
A_NO_TIMEZONE_REL,SPARSE,WEBGL1-LOEO-v1-03,mtc,development,NORMAL,144,0,136,8,0,0,136
A_NO_TIMEZONE_REL,SPARSE,WEBGL1-LOEO-v1-03,mtc,discovery,NORMAL,630,2,577,51,0,0,579
A_NO_TIMEZONE_REL,SPARSE,WEBGL1-LOEO-v1-03,mtc,reserved_validation,NORMAL,117,1,110,6,0,0,111
A_NO_TIMEZONE_REL,SPARSE,WEBGL1-LOEO-v1-03,paired60,b2b42,EFFECTIVE_INTERVENTION,8,0,8,0,0,0,8
A_NO_TIMEZONE_REL,SPARSE,WEBGL1-LOEO-v1-03,paired60,b2b42,NORMAL,34,0,34,0,0,0,34
A_NO_TIMEZONE_REL,SPARSE,WEBGL1-LOEO-v1-03,paired60,pilot18,EFFECTIVE_INTERVENTION,6,6,0,0,0,0,6
A_NO_TIMEZONE_REL,SPARSE,WEBGL1-LOEO-v1-03,paired60,pilot18,NORMAL,12,12,0,0,0,0,12
A_NO_TIMEZONE_REL,SPARSE,WEBGL1-LOEO-v1-03,screen,historical_specialist,EFFECTIVE_INTERVENTION,6,0,6,0,0,0,6
A_NO_TIMEZONE_REL,SPARSE,WEBGL1-LOEO-v1-03,screen,historical_specialist,NORMAL,66,0,66,0,0,0,66
A_NO_TIMEZONE_REL,SPARSE,WEBGL1-LOEO-v1-03,timezone,historical_specialist,EFFECTIVE_INTERVENTION,6,6,0,0,0,0,6
A_NO_TIMEZONE_REL,SPARSE,WEBGL1-LOEO-v1-03,timezone,historical_specialist,NORMAL,30,6,24,0,0,0,30
