fold_id,cohort,N,all_input_conditions_defined,has_unknown_conditions,prediction_path_uses_missing_atom,failed,U
WEBGL1-LOEO-v1-01,controlled,126,111,15,0,0,0
WEBGL1-LOEO-v1-01,mtc,891,818,73,0,0,0
WEBGL1-LOEO-v1-01,memory,72,72,0,0,0,0
WEBGL1-LOEO-v1-01,timezone,36,36,0,0,0,0
WEBGL1-LOEO-v1-01,screen,72,72,0,0,0,0
WEBGL1-LOEO-v1-01,paired60,60,60,0,0,0,0
WEBGL1-LOEO-v1-02,controlled,126,111,15,0,0,0
WEBGL1-LOEO-v1-02,mtc,891,818,73,0,0,0
WEBGL1-LOEO-v1-02,memory,72,72,0,0,0,0
WEBGL1-LOEO-v1-02,timezone,36,36,0,0,0,0
WEBGL1-LOEO-v1-02,screen,72,72,0,0,0,0
WEBGL1-LOEO-v1-02,paired60,60,60,0,0,0,0
WEBGL1-LOEO-v1-03,controlled,126,111,15,0,0,0
WEBGL1-LOEO-v1-03,mtc,891,818,73,0,0,0
WEBGL1-LOEO-v1-03,memory,72,72,0,0,0,0
WEBGL1-LOEO-v1-03,timezone,36,36,0,0,0,0
WEBGL1-LOEO-v1-03,screen,72,72,0,0,0,0
WEBGL1-LOEO-v1-03,paired60,60,60,0,0,0,0
