label,stage,batch_n,repeats,median_amortized_us,p95_batch_amortized_us,minimum_amortized_us,maximum_amortized_us,scope,evidence
P0 / V_APP,cached_from_adapted,60,10,19.687841666666664,21.895109166666664,19.393066666666666,22.585416666666667,60-stage batch amortization; not single-request tail,deliverables/prepaper_evidence_closeout_v1/timing/batches.jsonl
P0 / V_APP,load_parse_validate,1,10,426.1255,479.9413,417.167,485.416,load item,deliverables/prepaper_evidence_closeout_v1/timing/batches.jsonl
P0 / V_APP,loaded_raw_to_cached,60,10,7608.8673666666655,8087.835283333332,7558.6034666666665,8335.834033333333,60-stage batch amortization; not single-request tail,deliverables/prepaper_evidence_closeout_v1/timing/batches.jsonl
P0 / V_APP,loaded_raw_to_original,60,10,7590.515966666667,7760.17437,7553.590283333333,7874.5125,60-stage batch amortization; not single-request tail,deliverables/prepaper_evidence_closeout_v1/timing/batches.jsonl
P0 / V_APP,model_input_prepare,60,10,17.130208333333336,17.459653333333332,17.093049999999998,17.50903333333333,60-stage batch amortization; not single-request tail,deliverables/prepaper_evidence_closeout_v1/timing/batches.jsonl
P0 / V_APP,original_current_interface,60,10,12.965283333333332,13.181904166666667,12.882633333333333,13.184716666666667,60-stage batch amortization; not single-request tail,deliverables/prepaper_evidence_closeout_v1/timing/batches.jsonl
P0 / V_APP,prepared_inference,60,10,2.1850750000000003,2.8140308333333333,2.0979166666666664,2.9465333333333334,60-stage batch amortization; not single-request tail,deliverables/prepaper_evidence_closeout_v1/timing/batches.jsonl
P0 / V_BOTH,cached_from_adapted,60,10,27.538891666666665,30.94520833333333,27.374299999999998,32.10208333333333,60-stage batch amortization; not single-request tail,deliverables/prepaper_evidence_closeout_v1/timing/batches.jsonl
P0 / V_BOTH,load_parse_validate,1,10,419.1875,478.94999999999993,412.042,515.625,load item,deliverables/prepaper_evidence_closeout_v1/timing/batches.jsonl
P0 / V_BOTH,loaded_raw_to_cached,60,10,7593.884033333333,7837.184123333333,7555.76735,7990.163183333334,60-stage batch amortization; not single-request tail,deliverables/prepaper_evidence_closeout_v1/timing/batches.jsonl
P0 / V_BOTH,loaded_raw_to_original,60,10,7596.913891666667,7758.1622216666665,7550.104166666667,7875.0097166666665,60-stage batch amortization; not single-request tail,deliverables/prepaper_evidence_closeout_v1/timing/batches.jsonl
P0 / V_BOTH,model_input_prepare,60,10,24.928816666666663,26.110109166666668,24.853483333333333,26.597916666666666,60-stage batch amortization; not single-request tail,deliverables/prepaper_evidence_closeout_v1/timing/batches.jsonl
P0 / V_BOTH,original_current_interface,60,10,17.398266666666665,17.799864166666666,17.35,17.973616666666665,60-stage batch amortization; not single-request tail,deliverables/prepaper_evidence_closeout_v1/timing/batches.jsonl
P0 / V_BOTH,prepared_inference,60,10,2.1850666666666667,2.5402783333333327,2.1652833333333334,2.734033333333333,60-stage batch amortization; not single-request tail,deliverables/prepaper_evidence_closeout_v1/timing/batches.jsonl
P0 / V_BOTH_REL,cached_from_adapted,60,10,36.003483333333335,37.17642916666667,35.889583333333334,37.90486666666667,60-stage batch amortization; not single-request tail,deliverables/prepaper_evidence_closeout_v1/timing/batches.jsonl
P0 / V_BOTH_REL,load_parse_validate,1,10,417.0625,461.2059499999999,412.292,486.5,load item,deliverables/prepaper_evidence_closeout_v1/timing/batches.jsonl
P0 / V_BOTH_REL,loaded_raw_to_cached,60,10,7644.920833333334,8072.325659166666,7594.045833333333,8108.1347166666665,60-stage batch amortization; not single-request tail,deliverables/prepaper_evidence_closeout_v1/timing/batches.jsonl
P0 / V_BOTH_REL,loaded_raw_to_original,60,10,7611.652083333333,8143.342088333333,7587.490966666667,8270.164583333333,60-stage batch amortization; not single-request tail,deliverables/prepaper_evidence_closeout_v1/timing/batches.jsonl
P0 / V_BOTH_REL,model_input_prepare,60,10,33.40173333333333,35.78028583333333,33.052083333333336,37.196533333333335,60-stage batch amortization; not single-request tail,deliverables/prepaper_evidence_closeout_v1/timing/batches.jsonl
P0 / V_BOTH_REL,original_current_interface,60,10,19.590966666666667,20.38083583333333,19.4875,20.51458333333333,60-stage batch amortization; not single-request tail,deliverables/prepaper_evidence_closeout_v1/timing/batches.jsonl
P0 / V_BOTH_REL,prepared_inference,60,10,2.167016666666667,2.234855,2.1520833333333336,2.25485,60-stage batch amortization; not single-request tail,deliverables/prepaper_evidence_closeout_v1/timing/batches.jsonl
P0 / V_BROWSER,cached_from_adapted,60,10,14.531941666666667,14.681799999999999,14.481933333333332,14.73055,60-stage batch amortization; not single-request tail,deliverables/prepaper_evidence_closeout_v1/timing/batches.jsonl
P0 / V_BROWSER,load_parse_validate,1,10,415.75,444.84999999999997,412.5,460.375,load item,deliverables/prepaper_evidence_closeout_v1/timing/batches.jsonl
P0 / V_BROWSER,loaded_raw_to_cached,60,10,7591.376391666667,7762.8369475,7568.709716666667,7890.76945,60-stage batch amortization; not single-request tail,deliverables/prepaper_evidence_closeout_v1/timing/batches.jsonl
P0 / V_BROWSER,loaded_raw_to_original,60,10,7599.5711833333335,8364.416834166665,7550.815283333333,8906.571516666667,60-stage batch amortization; not single-request tail,deliverables/prepaper_evidence_closeout_v1/timing/batches.jsonl
P0 / V_BROWSER,model_input_prepare,60,10,12.030558333333333,14.34896083333333,11.940266666666666,15.977083333333335,60-stage batch amortization; not single-request tail,deliverables/prepaper_evidence_closeout_v1/timing/batches.jsonl
P0 / V_BROWSER,original_current_interface,60,10,10.384025,12.502531666666664,10.192366666666667,13.240966666666667,60-stage batch amortization; not single-request tail,deliverables/prepaper_evidence_closeout_v1/timing/batches.jsonl
P0 / V_BROWSER,prepared_inference,60,10,2.1729166666666666,2.2167708333333334,2.1520833333333336,2.2458333333333336,60-stage batch amortization; not single-request tail,deliverables/prepaper_evidence_closeout_v1/timing/batches.jsonl
P1 / V_APP,cached_from_adapted,60,10,19.418408333333332,262.1732949999995,19.320833333333333,459.95484999999996,60-stage batch amortization; not single-request tail,deliverables/prepaper_evidence_closeout_v1/timing/batches.jsonl
P1 / V_APP,load_parse_validate,1,10,418.1465,547.8106,406.5,548.167,load item,deliverables/prepaper_evidence_closeout_v1/timing/batches.jsonl
P1 / V_APP,loaded_raw_to_cached,60,10,7614.190966666667,7783.015624999999,7568.752083333333,7890.275,60-stage batch amortization; not single-request tail,deliverables/prepaper_evidence_closeout_v1/timing/batches.jsonl
P1 / V_APP,loaded_raw_to_original,60,10,7607.432291666666,7895.048691666666,7522.526383333334,8086.949316666666,60-stage batch amortization; not single-request tail,deliverables/prepaper_evidence_closeout_v1/timing/batches.jsonl
P1 / V_APP,model_input_prepare,60,10,17.097575,18.553752499999995,17.000700000000002,19.2125,60-stage batch amortization; not single-request tail,deliverables/prepaper_evidence_closeout_v1/timing/batches.jsonl
P1 / V_APP,original_current_interface,60,10,13.372566666666668,13.810283333333334,13.329166666666666,13.840283333333334,60-stage batch amortization; not single-request tail,deliverables/prepaper_evidence_closeout_v1/timing/batches.jsonl
P1 / V_APP,prepared_inference,60,10,2.190975,2.2394766666666666,2.1833333333333336,2.2604166666666665,60-stage batch amortization; not single-request tail,deliverables/prepaper_evidence_closeout_v1/timing/batches.jsonl
P1 / V_BOTH,cached_from_adapted,60,10,27.597216666666668,28.287638333333334,27.204866666666664,28.776383333333335,60-stage batch amortization; not single-request tail,deliverables/prepaper_evidence_closeout_v1/timing/batches.jsonl
P1 / V_BOTH,load_parse_validate,1,10,419.54150000000004,485.65014999999994,406.084,503.125,load item,deliverables/prepaper_evidence_closeout_v1/timing/batches.jsonl
P1 / V_BOTH,loaded_raw_to_cached,60,10,7601.1,8282.156705,7564.566666666667,8439.4139,60-stage batch amortization; not single-request tail,deliverables/prepaper_evidence_closeout_v1/timing/batches.jsonl
P1 / V_BOTH,loaded_raw_to_original,60,10,7615.723958333334,7839.719164166667,7567.2944333333335,7958.460416666667,60-stage batch amortization; not single-request tail,deliverables/prepaper_evidence_closeout_v1/timing/batches.jsonl
P1 / V_BOTH,model_input_prepare,60,10,25.07743333333333,26.013541666666665,24.6993,26.379166666666666,60-stage batch amortization; not single-request tail,deliverables/prepaper_evidence_closeout_v1/timing/batches.jsonl
P1 / V_BOTH,original_current_interface,60,10,17.320483333333335,18.90938,16.965283333333332,19.4,60-stage batch amortization; not single-request tail,deliverables/prepaper_evidence_closeout_v1/timing/batches.jsonl
P1 / V_BOTH,prepared_inference,60,10,2.162491666666667,2.184375,2.146516666666667,2.19375,60-stage batch amortization; not single-request tail,deliverables/prepaper_evidence_closeout_v1/timing/batches.jsonl
P1 / V_BOTH_REL,cached_from_adapted,60,10,35.645833333333336,37.22853666666666,35.30416666666667,38.31666666666666,60-stage batch amortization; not single-request tail,deliverables/prepaper_evidence_closeout_v1/timing/batches.jsonl
P1 / V_BOTH_REL,load_parse_validate,1,10,437.47900000000004,493.5349,411.291,513.541,load item,deliverables/prepaper_evidence_closeout_v1/timing/batches.jsonl
P1 / V_BOTH_REL,loaded_raw_to_cached,60,10,7645.383325000001,7847.533779166666,7559.882633333334,7998.434716666667,60-stage batch amortization; not single-request tail,deliverables/prepaper_evidence_closeout_v1/timing/batches.jsonl
P1 / V_BOTH_REL,loaded_raw_to_original,60,10,7630.254866666666,7913.157839166666,7588.879166666667,8105.340966666667,60-stage batch amortization; not single-request tail,deliverables/prepaper_evidence_closeout_v1/timing/batches.jsonl
P1 / V_BOTH_REL,model_input_prepare,60,10,33.86528333333333,35.549753333333335,33.15346666666667,36.319433333333336,60-stage batch amortization; not single-request tail,deliverables/prepaper_evidence_closeout_v1/timing/batches.jsonl
P1 / V_BOTH_REL,original_current_interface,60,10,19.9816,20.146775833333333,19.833333333333332,20.214583333333334,60-stage batch amortization; not single-request tail,deliverables/prepaper_evidence_closeout_v1/timing/batches.jsonl
P1 / V_BOTH_REL,prepared_inference,60,10,2.1225750000000003,2.1973591666666668,2.10625,2.2048666666666668,60-stage batch amortization; not single-request tail,deliverables/prepaper_evidence_closeout_v1/timing/batches.jsonl
P1 / V_BROWSER,cached_from_adapted,60,10,14.702433333333333,15.701639999999998,14.649299999999998,16.3632,60-stage batch amortization; not single-request tail,deliverables/prepaper_evidence_closeout_v1/timing/batches.jsonl
P1 / V_BROWSER,load_parse_validate,1,10,419.75,489.64605,410.458,503.709,load item,deliverables/prepaper_evidence_closeout_v1/timing/batches.jsonl
P1 / V_BROWSER,loaded_raw_to_cached,60,10,7591.30625,7786.384099166666,7555.838900000001,7917.3847166666665,60-stage batch amortization; not single-request tail,deliverables/prepaper_evidence_closeout_v1/timing/batches.jsonl
P1 / V_BROWSER,loaded_raw_to_original,60,10,7590.315625,7785.024753333333,7560.380566666667,7905.081933333334,60-stage batch amortization; not single-request tail,deliverables/prepaper_evidence_closeout_v1/timing/batches.jsonl
P1 / V_BROWSER,model_input_prepare,60,10,12.389233333333333,13.938289999999999,12.291666666666666,14.5736,60-stage batch amortization; not single-request tail,deliverables/prepaper_evidence_closeout_v1/timing/batches.jsonl
P1 / V_BROWSER,original_current_interface,60,10,10.3,10.476003333333333,10.2243,10.488183333333332,60-stage batch amortization; not single-request tail,deliverables/prepaper_evidence_closeout_v1/timing/batches.jsonl
P1 / V_BROWSER,prepared_inference,60,10,2.1951416666666663,2.2442075,2.184733333333333,2.2514000000000003,60-stage batch amortization; not single-request tail,deliverables/prepaper_evidence_closeout_v1/timing/batches.jsonl
P2 / V_APP,cached_from_adapted,60,10,19.35625,19.816395,18.99791666666667,20.1264,60-stage batch amortization; not single-request tail,deliverables/prepaper_evidence_closeout_v1/timing/batches.jsonl
P2 / V_APP,load_parse_validate,1,10,392.95849999999996,426.31235,390.125,443.375,load item,deliverables/prepaper_evidence_closeout_v1/timing/batches.jsonl
P2 / V_APP,loaded_raw_to_cached,60,10,7598.465616666666,7831.3071899999995,7556.565983333333,7970.45625,60-stage batch amortization; not single-request tail,deliverables/prepaper_evidence_closeout_v1/timing/batches.jsonl
P2 / V_APP,loaded_raw_to_original,60,10,7592.6875,7806.038151666667,7568.4257,7940.190966666667,60-stage batch amortization; not single-request tail,deliverables/prepaper_evidence_closeout_v1/timing/batches.jsonl
P2 / V_APP,model_input_prepare,60,10,16.906599999999997,17.197708333333335,16.722216666666668,17.289583333333333,60-stage batch amortization; not single-request tail,deliverables/prepaper_evidence_closeout_v1/timing/batches.jsonl
P2 / V_APP,original_current_interface,60,10,12.981941666666668,13.601698333333331,12.54375,13.938883333333333,60-stage batch amortization; not single-request tail,deliverables/prepaper_evidence_closeout_v1/timing/batches.jsonl
P2 / V_APP,prepared_inference,60,10,1.9066,1.9351766666666665,1.8951500000000001,1.9486166666666667,60-stage batch amortization; not single-request tail,deliverables/prepaper_evidence_closeout_v1/timing/batches.jsonl
P2 / V_BOTH,cached_from_adapted,60,10,27.1118,28.28676583333333,26.964583333333334,28.558333333333334,60-stage batch amortization; not single-request tail,deliverables/prepaper_evidence_closeout_v1/timing/batches.jsonl
P2 / V_BOTH,load_parse_validate,1,10,396.79150000000004,442.6273,391.958,463.834,load item,deliverables/prepaper_evidence_closeout_v1/timing/batches.jsonl
P2 / V_BOTH,loaded_raw_to_cached,60,10,7621.623616666667,7827.8572575,7597.7402833333335,7958.5257,60-stage batch amortization; not single-request tail,deliverables/prepaper_evidence_closeout_v1/timing/batches.jsonl
P2 / V_BOTH,loaded_raw_to_original,60,10,7636.18125,8121.3554825,7597.877083333333,8264.17985,60-stage batch amortization; not single-request tail,deliverables/prepaper_evidence_closeout_v1/timing/batches.jsonl
P2 / V_BOTH,model_input_prepare,60,10,24.928816666666666,26.245665833333334,24.709033333333334,26.940983333333335,60-stage batch amortization; not single-request tail,deliverables/prepaper_evidence_closeout_v1/timing/batches.jsonl
P2 / V_BOTH,original_current_interface,60,10,17.027433333333335,17.591412499999997,16.979166666666668,17.911099999999998,60-stage batch amortization; not single-request tail,deliverables/prepaper_evidence_closeout_v1/timing/batches.jsonl
P2 / V_BOTH,prepared_inference,60,10,2.0517333333333334,2.1300341666666665,2.03125,2.1472166666666666,60-stage batch amortization; not single-request tail,deliverables/prepaper_evidence_closeout_v1/timing/batches.jsonl
P2 / V_BOTH_REL,cached_from_adapted,60,10,35.941325000000006,40.70871833333333,35.479866666666666,42.15278333333333,60-stage batch amortization; not single-request tail,deliverables/prepaper_evidence_closeout_v1/timing/batches.jsonl
P2 / V_BOTH_REL,load_parse_validate,1,10,393.458,449.35229999999996,388.0,483.834,load item,deliverables/prepaper_evidence_closeout_v1/timing/batches.jsonl
P2 / V_BOTH_REL,loaded_raw_to_cached,60,10,7636.602775000001,7833.434655833333,7596.025,7972.877783333333,60-stage batch amortization; not single-request tail,deliverables/prepaper_evidence_closeout_v1/timing/batches.jsonl
P2 / V_BOTH_REL,loaded_raw_to_original,60,10,7630.156258333333,9033.459236666666,7588.079866666666,9167.529866666668,60-stage batch amortization; not single-request tail,deliverables/prepaper_evidence_closeout_v1/timing/batches.jsonl
P2 / V_BOTH_REL,model_input_prepare,60,10,33.663541666666674,39.62244166666666,32.76526666666667,40.67431666666666,60-stage batch amortization; not single-request tail,deliverables/prepaper_evidence_closeout_v1/timing/batches.jsonl
P2 / V_BOTH_REL,original_current_interface,60,10,19.483674999999998,20.307601666666667,19.204866666666664,20.604166666666668,60-stage batch amortization; not single-request tail,deliverables/prepaper_evidence_closeout_v1/timing/batches.jsonl
P2 / V_BOTH_REL,prepared_inference,60,10,2.0322833333333334,2.0750699999999997,2.0222333333333333,2.0757,60-stage batch amortization; not single-request tail,deliverables/prepaper_evidence_closeout_v1/timing/batches.jsonl
P2 / V_BROWSER,cached_from_adapted,60,10,14.50625,14.760135833333333,14.4514,14.807633333333333,60-stage batch amortization; not single-request tail,deliverables/prepaper_evidence_closeout_v1/timing/batches.jsonl
P2 / V_BROWSER,load_parse_validate,1,10,397.47900000000004,447.2102999999999,387.375,470.667,load item,deliverables/prepaper_evidence_closeout_v1/timing/batches.jsonl
P2 / V_BROWSER,loaded_raw_to_cached,60,10,7626.987491666667,7829.586204166666,7614.461116666666,7957.171516666666,60-stage batch amortization; not single-request tail,deliverables/prepaper_evidence_closeout_v1/timing/batches.jsonl
P2 / V_BROWSER,loaded_raw_to_original,60,10,7615.18645,7852.9731974999995,7583.921533333333,8004.33195,60-stage batch amortization; not single-request tail,deliverables/prepaper_evidence_closeout_v1/timing/batches.jsonl
P2 / V_BROWSER,model_input_prepare,60,10,12.229166666666666,12.8469475,12.14375,12.95695,60-stage batch amortization; not single-request tail,deliverables/prepaper_evidence_closeout_v1/timing/batches.jsonl
P2 / V_BROWSER,original_current_interface,60,10,10.151041666666666,10.277713333333335,10.102783333333333,10.352083333333335,60-stage batch amortization; not single-request tail,deliverables/prepaper_evidence_closeout_v1/timing/batches.jsonl
P2 / V_BROWSER,prepared_inference,60,10,2.0388916666666668,2.0770375,2.0090333333333334,2.07985,60-stage batch amortization; not single-request tail,deliverables/prepaper_evidence_closeout_v1/timing/batches.jsonl
R_FULL / 01,cached_from_adapted,60,10,481.440275,485.28771083333334,477.42221666666666,487.0208333333333,60-stage batch amortization; not single-request tail,deliverables/prepaper_evidence_closeout_v1/timing/batches.jsonl
R_FULL / 01,load_parse_validate,1,10,1844.4164999999998,1933.8144,1795.458,1936.833,load item,deliverables/prepaper_evidence_closeout_v1/timing/batches.jsonl
R_FULL / 01,loaded_raw_to_cached,60,10,8135.462158333334,8668.7304825,8094.4,8842.436099999999,60-stage batch amortization; not single-request tail,deliverables/prepaper_evidence_closeout_v1/timing/batches.jsonl
R_FULL / 01,loaded_raw_to_original,60,10,10013.347225000001,10265.496599166665,9947.88265,10421.022216666666,60-stage batch amortization; not single-request tail,deliverables/prepaper_evidence_closeout_v1/timing/batches.jsonl
R_FULL / 01,model_input_prepare,60,10,58.25243333333333,62.37950833333333,57.49723333333333,63.87013333333333,60-stage batch amortization; not single-request tail,deliverables/prepaper_evidence_closeout_v1/timing/batches.jsonl
R_FULL / 01,original_current_interface,60,10,2252.9885416666666,2471.362991666667,2239.30625,2545.5923666666667,60-stage batch amortization; not single-request tail,deliverables/prepaper_evidence_closeout_v1/timing/batches.jsonl
R_FULL / 01,prepared_inference,60,10,418.6114583333333,421.9801016666667,415.7215333333333,422.4229166666667,60-stage batch amortization; not single-request tail,deliverables/prepaper_evidence_closeout_v1/timing/batches.jsonl
R_FULL / 02,cached_from_adapted,60,10,484.15520833333335,488.87454916666667,480.50140000000005,488.97361666666666,60-stage batch amortization; not single-request tail,deliverables/prepaper_evidence_closeout_v1/timing/batches.jsonl
R_FULL / 02,load_parse_validate,1,10,1824.375,1994.133,1796.792,2014.833,load item,deliverables/prepaper_evidence_closeout_v1/timing/batches.jsonl
R_FULL / 02,loaded_raw_to_cached,60,10,8130.386108333333,8815.380416666667,8075.15,9122.704166666666,60-stage batch amortization; not single-request tail,deliverables/prepaper_evidence_closeout_v1/timing/batches.jsonl
R_FULL / 02,loaded_raw_to_original,60,10,10096.140275000002,10433.059764999998,9975.345833333335,10550.531949999999,60-stage batch amortization; not single-request tail,deliverables/prepaper_evidence_closeout_v1/timing/batches.jsonl
R_FULL / 02,model_input_prepare,60,10,58.42778333333334,61.80961,57.399300000000004,62.7868,60-stage batch amortization; not single-request tail,deliverables/prepaper_evidence_closeout_v1/timing/batches.jsonl
R_FULL / 02,original_current_interface,60,10,2262.30625,2443.6768725,2224.0486166666665,2506.9875,60-stage batch amortization; not single-request tail,deliverables/prepaper_evidence_closeout_v1/timing/batches.jsonl
R_FULL / 02,prepared_inference,60,10,418.3840333333333,857.5184983333327,415.8229166666667,1136.8631833333334,60-stage batch amortization; not single-request tail,deliverables/prepaper_evidence_closeout_v1/timing/batches.jsonl
R_FULL / 03,cached_from_adapted,60,10,470.5506916666667,473.5004166666667,462.5493,473.7666666666667,60-stage batch amortization; not single-request tail,deliverables/prepaper_evidence_closeout_v1/timing/batches.jsonl
R_FULL / 03,load_parse_validate,1,10,1797.5835,1903.9378,1748.25,1909.75,load item,deliverables/prepaper_evidence_closeout_v1/timing/batches.jsonl
R_FULL / 03,loaded_raw_to_cached,60,10,8137.0566,8307.9949975,8117.346533333333,8418.55,60-stage batch amortization; not single-request tail,deliverables/prepaper_evidence_closeout_v1/timing/batches.jsonl
R_FULL / 03,loaded_raw_to_original,60,10,9958.093741666667,10375.0657725,9903.09375,10376.2014,60-stage batch amortization; not single-request tail,deliverables/prepaper_evidence_closeout_v1/timing/batches.jsonl
R_FULL / 03,model_input_prepare,60,10,57.389925,58.989615,55.922916666666666,59.29305,60-stage batch amortization; not single-request tail,deliverables/prepaper_evidence_closeout_v1/timing/batches.jsonl
R_FULL / 03,original_current_interface,60,10,2211.4861083333335,2354.6366033333334,2186.8930499999997,2440.9097333333334,60-stage batch amortization; not single-request tail,deliverables/prepaper_evidence_closeout_v1/timing/batches.jsonl
R_FULL / 03,prepared_inference,60,10,403.684375,408.2786483333333,401.375,408.5145833333333,60-stage batch amortization; not single-request tail,deliverables/prepaper_evidence_closeout_v1/timing/batches.jsonl
R_NO_CROSS / 01,cached_from_adapted,60,10,483.721875,495.4253825,481.4479166666667,500.33195,60-stage batch amortization; not single-request tail,deliverables/prepaper_evidence_closeout_v1/timing/batches.jsonl
R_NO_CROSS / 01,load_parse_validate,1,10,1842.5835000000002,1954.8875,1796.75,1965.125,load item,deliverables/prepaper_evidence_closeout_v1/timing/batches.jsonl
R_NO_CROSS / 01,loaded_raw_to_cached,60,10,8164.067016666666,8760.330792499999,8134.477766666667,8993.873599999999,60-stage batch amortization; not single-request tail,deliverables/prepaper_evidence_closeout_v1/timing/batches.jsonl
R_NO_CROSS / 01,loaded_raw_to_original,60,10,9999.146175,10334.184893333333,9957.63055,10554.027083333334,60-stage batch amortization; not single-request tail,deliverables/prepaper_evidence_closeout_v1/timing/batches.jsonl
R_NO_CROSS / 01,model_input_prepare,60,10,55.14305833333333,58.08073416666666,54.75555,58.09791666666666,60-stage batch amortization; not single-request tail,deliverables/prepaper_evidence_closeout_v1/timing/batches.jsonl
R_NO_CROSS / 01,original_current_interface,60,10,2248.788883333333,2664.5881541666663,2220.7,2790.0847166666667,60-stage batch amortization; not single-request tail,deliverables/prepaper_evidence_closeout_v1/timing/batches.jsonl
R_NO_CROSS / 01,prepared_inference,60,10,418.54340833333333,422.6660416666667,417.46806666666663,423.22291666666666,60-stage batch amortization; not single-request tail,deliverables/prepaper_evidence_closeout_v1/timing/batches.jsonl
R_NO_CROSS / 02,cached_from_adapted,60,10,475.7201333333333,479.49326750000006,473.0889,480.54515000000004,60-stage batch amortization; not single-request tail,deliverables/prepaper_evidence_closeout_v1/timing/batches.jsonl
R_NO_CROSS / 02,load_parse_validate,1,10,1867.0005,1993.9019,1807.0,2017.958,load item,deliverables/prepaper_evidence_closeout_v1/timing/batches.jsonl
R_NO_CROSS / 02,loaded_raw_to_cached,60,10,8073.895483333334,8406.8573525,8035.9125,8489.686099999999,60-stage batch amortization; not single-request tail,deliverables/prepaper_evidence_closeout_v1/timing/batches.jsonl
R_NO_CROSS / 02,loaded_raw_to_original,60,10,9979.094441666668,10233.460555,9939.459716666666,10404.3868,60-stage batch amortization; not single-request tail,deliverables/prepaper_evidence_closeout_v1/timing/batches.jsonl
R_NO_CROSS / 02,model_input_prepare,60,10,55.31493333333333,289.5580158333329,54.704166666666666,478.5520833333333,60-stage batch amortization; not single-request tail,deliverables/prepaper_evidence_closeout_v1/timing/batches.jsonl
R_NO_CROSS / 02,original_current_interface,60,10,2258.9253416666666,2458.256875,2220.05555,2533.76875,60-stage batch amortization; not single-request tail,deliverables/prepaper_evidence_closeout_v1/timing/batches.jsonl
R_NO_CROSS / 02,prepared_inference,60,10,413.87118333333336,420.27128583333337,412.4138833333334,420.67848333333336,60-stage batch amortization; not single-request tail,deliverables/prepaper_evidence_closeout_v1/timing/batches.jsonl
R_NO_CROSS / 03,cached_from_adapted,60,10,461.515275,465.9068,457.0097166666667,466.3118,60-stage batch amortization; not single-request tail,deliverables/prepaper_evidence_closeout_v1/timing/batches.jsonl
R_NO_CROSS / 03,load_parse_validate,1,10,1820.1665,1924.90215,1771.417,1956.084,load item,deliverables/prepaper_evidence_closeout_v1/timing/batches.jsonl
R_NO_CROSS / 03,loaded_raw_to_cached,60,10,8142.877425000001,8363.229823333333,8109.015966666667,8533.563883333332,60-stage batch amortization; not single-request tail,deliverables/prepaper_evidence_closeout_v1/timing/batches.jsonl
R_NO_CROSS / 03,loaded_raw_to_original,60,10,9967.7059,10187.321073333333,9913.374300000001,10205.363883333333,60-stage batch amortization; not single-request tail,deliverables/prepaper_evidence_closeout_v1/timing/batches.jsonl
R_NO_CROSS / 03,model_input_prepare,60,10,54.860416666666666,56.67236666666666,53.93263333333333,57.29861666666667,60-stage batch amortization; not single-request tail,deliverables/prepaper_evidence_closeout_v1/timing/batches.jsonl
R_NO_CROSS / 03,original_current_interface,60,10,2197.532991666667,2344.3009716666666,2162.6861166666667,2429.097216666667,60-stage batch amortization; not single-request tail,deliverables/prepaper_evidence_closeout_v1/timing/batches.jsonl
R_NO_CROSS / 03,prepared_inference,60,10,405.13298333333336,425.37906250000003,400.66875,427.95625,60-stage batch amortization; not single-request tail,deliverables/prepaper_evidence_closeout_v1/timing/batches.jsonl
R_NO_MATCHED_NORMAL_CAP / 01,cached_from_adapted,60,10,481.61875,489.1615575,475.95765,490.63125,60-stage batch amortization; not single-request tail,deliverables/prepaper_evidence_closeout_v1/timing/batches.jsonl
R_NO_MATCHED_NORMAL_CAP / 01,load_parse_validate,1,10,1854.4375,1953.6480999999999,1801.125,1987.417,load item,deliverables/prepaper_evidence_closeout_v1/timing/batches.jsonl
R_NO_MATCHED_NORMAL_CAP / 01,loaded_raw_to_cached,60,10,8172.076041666667,8362.428154166666,8115.321533333333,8503.078466666666,60-stage batch amortization; not single-request tail,deliverables/prepaper_evidence_closeout_v1/timing/batches.jsonl
R_NO_MATCHED_NORMAL_CAP / 01,loaded_raw_to_original,60,10,10039.011108333334,10244.143790833332,10014.266666666666,10393.547233333333,60-stage batch amortization; not single-request tail,deliverables/prepaper_evidence_closeout_v1/timing/batches.jsonl
R_NO_MATCHED_NORMAL_CAP / 01,model_input_prepare,60,10,57.64583333333333,58.821109166666666,57.35138333333333,58.92986666666667,60-stage batch amortization; not single-request tail,deliverables/prepaper_evidence_closeout_v1/timing/batches.jsonl
R_NO_MATCHED_NORMAL_CAP / 01,original_current_interface,60,10,2264.5868083333335,2394.86719,2226.54375,2398.95625,60-stage batch amortization; not single-request tail,deliverables/prepaper_evidence_closeout_v1/timing/batches.jsonl
R_NO_MATCHED_NORMAL_CAP / 01,prepared_inference,60,10,420.8024333333333,424.4905958333333,416.81318333333337,426.1902833333333,60-stage batch amortization; not single-request tail,deliverables/prepaper_evidence_closeout_v1/timing/batches.jsonl
R_NO_MATCHED_NORMAL_CAP / 02,cached_from_adapted,60,10,480.503125,485.2830258333333,477.62013333333334,487.1770833333333,60-stage batch amortization; not single-request tail,deliverables/prepaper_evidence_closeout_v1/timing/batches.jsonl
R_NO_MATCHED_NORMAL_CAP / 02,load_parse_validate,1,10,1844.479,1972.04795,1825.709,2022.542,load item,deliverables/prepaper_evidence_closeout_v1/timing/batches.jsonl
R_NO_MATCHED_NORMAL_CAP / 02,loaded_raw_to_cached,60,10,8095.393749999999,8309.144091666667,8060.7375,8465.415966666667,60-stage batch amortization; not single-request tail,deliverables/prepaper_evidence_closeout_v1/timing/batches.jsonl
R_NO_MATCHED_NORMAL_CAP / 02,loaded_raw_to_original,60,10,10038.891316666666,10219.058405833333,9989.50765,10342.459033333333,60-stage batch amortization; not single-request tail,deliverables/prepaper_evidence_closeout_v1/timing/batches.jsonl
R_NO_MATCHED_NORMAL_CAP / 02,model_input_prepare,60,10,57.00694166666667,58.124379999999995,55.9632,58.4875,60-stage batch amortization; not single-request tail,deliverables/prepaper_evidence_closeout_v1/timing/batches.jsonl
R_NO_MATCHED_NORMAL_CAP / 02,original_current_interface,60,10,2260.277075,2376.467160833333,2225.0180499999997,2437.765283333333,60-stage batch amortization; not single-request tail,deliverables/prepaper_evidence_closeout_v1/timing/batches.jsonl
R_NO_MATCHED_NORMAL_CAP / 02,prepared_inference,60,10,415.25451666666663,437.1486166666666,411.31596666666667,446.29861666666665,60-stage batch amortization; not single-request tail,deliverables/prepaper_evidence_closeout_v1/timing/batches.jsonl
R_NO_MATCHED_NORMAL_CAP / 03,cached_from_adapted,60,10,470.172225,474.21367749999996,464.8777833333333,474.66805,60-stage batch amortization; not single-request tail,deliverables/prepaper_evidence_closeout_v1/timing/batches.jsonl
R_NO_MATCHED_NORMAL_CAP / 03,load_parse_validate,1,10,1789.2085,1915.7705,1751.5,1937.708,load item,deliverables/prepaper_evidence_closeout_v1/timing/batches.jsonl
R_NO_MATCHED_NORMAL_CAP / 03,loaded_raw_to_cached,60,10,8169.140275,8367.421044166666,8098.995150000001,8511.635416666666,60-stage batch amortization; not single-request tail,deliverables/prepaper_evidence_closeout_v1/timing/batches.jsonl
R_NO_MATCHED_NORMAL_CAP / 03,loaded_raw_to_original,60,10,9967.586458333331,10740.1369425,9936.454166666666,11147.80695,60-stage batch amortization; not single-request tail,deliverables/prepaper_evidence_closeout_v1/timing/batches.jsonl
R_NO_MATCHED_NORMAL_CAP / 03,model_input_prepare,60,10,56.894800000000004,59.65027833333333,55.96318333333333,60.609033333333336,60-stage batch amortization; not single-request tail,deliverables/prepaper_evidence_closeout_v1/timing/batches.jsonl
R_NO_MATCHED_NORMAL_CAP / 03,original_current_interface,60,10,2220.3579916666667,2609.4679599999995,2178.9229166666664,2834.0014,60-stage batch amortization; not single-request tail,deliverables/prepaper_evidence_closeout_v1/timing/batches.jsonl
R_NO_MATCHED_NORMAL_CAP / 03,prepared_inference,60,10,402.51909166666667,411.2176308333333,398.5229166666667,413.90763333333337,60-stage batch amortization; not single-request tail,deliverables/prepaper_evidence_closeout_v1/timing/batches.jsonl
shared_all_models,loaded_raw_adaptation,60,10,7625.548958333334,7856.293776666666,7591.649316666666,7979.8847166666665,60-stage batch amortization; not single-request tail,deliverables/prepaper_evidence_closeout_v1/timing/batches.jsonl
