dataset,input_scope,positions,normal,effective_interventions,role,unit,evidence
mtc_discovery,paired_App_Browser,630,630,0,development,paired stage; repeated environments are not independent devices,deliverables/prepaper_evidence_closeout_v1/results/members.jsonl
pilot18,paired_App_Browser,18,12,6,development,paired stage; repeated environments are not independent devices,deliverables/prepaper_evidence_closeout_v1/results/members.jsonl
b2b42,paired_App_Browser,42,34,8,development,paired stage; repeated environments are not independent devices,deliverables/prepaper_evidence_closeout_v1/results/members.jsonl
mtc_development,paired_App_Browser,144,144,0,historical_normal_evaluation,paired stage; repeated environments are not independent devices,deliverables/prepaper_evidence_closeout_v1/results/members.jsonl
mtc_reserved_validation,paired_App_Browser,117,117,0,historical_normal_evaluation,paired stage; repeated environments are not independent devices,deliverables/prepaper_evidence_closeout_v1/results/members.jsonl
App_historical_controlled,App_only_historical_specialist,378,252,126,historical_appendix_separate_denominator,App stage; memory has 6 additional no-observable-effect attempts,deliverables/timezone_relation_validation_v1/REPORT.md
App_memory_only,App_only_historical_specialist,72,48,18,historical_appendix_separate_denominator,App stage; memory has 6 additional no-observable-effect attempts,deliverables/memory_relation_validation_v1/REPORT.md
App_timezone_specialist,App_only_historical_specialist,36,30,6,historical_appendix_separate_denominator,App stage; memory has 6 additional no-observable-effect attempts,deliverables/timezone_relation_validation_v1/REPORT.md
App_screen_geometry_v15,App_only_historical_specialist,72,66,6,historical_appendix_separate_denominator,App stage; memory has 6 additional no-observable-effect attempts,deliverables/screen_geometry_observation_v1/REPORT.md
