model_family,model_id,setting,plan,base_config,input_scope,cohort,role,group,metric,numerator,denominator,T,F,U,FAILED,defined,input_complete,partial_input_binary,evidence_path,member_reference
B2C_incremental_rule,paired244-devext-c2e38381be26f0a91709871b,R_FULL,not_cross_validation,1,frozen_App_atoms_plus_C1,b2b42,selection,EFFECTIVE_INTERVENTION,intervention_trigger,4,8,4,4,0,0,8,,,deliverables/prepaper_evidence_closeout_v1/results/predictions.jsonl,deliverables/prepaper_evidence_closeout_v1/results/members.jsonl
B2C_incremental_rule,paired244-devext-c2e38381be26f0a91709871b,R_FULL,not_cross_validation,1,frozen_App_atoms_plus_C1,b2b42,selection,NORMAL,normal_alarm,0,34,0,34,0,0,34,,,deliverables/prepaper_evidence_closeout_v1/results/predictions.jsonl,deliverables/prepaper_evidence_closeout_v1/results/members.jsonl
B2C_incremental_rule,paired244-devext-c2e38381be26f0a91709871b,R_FULL,not_cross_validation,1,frozen_App_atoms_plus_C1,b2b42,selection,family:App_language,intervention_trigger,0,2,0,2,0,0,2,,,deliverables/prepaper_evidence_closeout_v1/results/predictions.jsonl,deliverables/prepaper_evidence_closeout_v1/results/members.jsonl
B2C_incremental_rule,paired244-devext-c2e38381be26f0a91709871b,R_FULL,not_cross_validation,1,frozen_App_atoms_plus_C1,b2b42,selection,family:App_timezone,intervention_trigger,2,2,2,0,0,0,2,,,deliverables/prepaper_evidence_closeout_v1/results/predictions.jsonl,deliverables/prepaper_evidence_closeout_v1/results/members.jsonl
B2C_incremental_rule,paired244-devext-c2e38381be26f0a91709871b,R_FULL,not_cross_validation,1,frozen_App_atoms_plus_C1,b2b42,selection,family:Browser_language,intervention_trigger,0,2,0,2,0,0,2,,,deliverables/prepaper_evidence_closeout_v1/results/predictions.jsonl,deliverables/prepaper_evidence_closeout_v1/results/members.jsonl
B2C_incremental_rule,paired244-devext-c2e38381be26f0a91709871b,R_FULL,not_cross_validation,1,frozen_App_atoms_plus_C1,b2b42,selection,family:Browser_timezone,intervention_trigger,2,2,2,0,0,0,2,,,deliverables/prepaper_evidence_closeout_v1/results/predictions.jsonl,deliverables/prepaper_evidence_closeout_v1/results/members.jsonl
B2C_incremental_rule,paired244-devext-c2e38381be26f0a91709871b,R_FULL,not_cross_validation,1,frozen_App_atoms_plus_C1,b2b42,selection,normal_browser_preference_change,normal_alarm,0,2,0,2,0,0,2,,,deliverables/prepaper_evidence_closeout_v1/results/predictions.jsonl,deliverables/prepaper_evidence_closeout_v1/results/members.jsonl
B2C_incremental_rule,paired244-devext-c2e38381be26f0a91709871b,R_FULL,not_cross_validation,1,frozen_App_atoms_plus_C1,mtc_development,historical_evaluation,NORMAL,normal_alarm,1,144,1,132,11,0,133,,,deliverables/prepaper_evidence_closeout_v1/results/predictions.jsonl,deliverables/prepaper_evidence_closeout_v1/results/members.jsonl
B2C_incremental_rule,paired244-devext-c2e38381be26f0a91709871b,R_FULL,not_cross_validation,1,frozen_App_atoms_plus_C1,mtc_discovery,selection,NORMAL,normal_alarm,6,630,6,561,63,0,567,,,deliverables/prepaper_evidence_closeout_v1/results/predictions.jsonl,deliverables/prepaper_evidence_closeout_v1/results/members.jsonl
B2C_incremental_rule,paired244-devext-c2e38381be26f0a91709871b,R_FULL,not_cross_validation,1,frozen_App_atoms_plus_C1,mtc_reserved_validation,historical_evaluation,NORMAL,normal_alarm,1,117,1,110,6,0,111,,,deliverables/prepaper_evidence_closeout_v1/results/predictions.jsonl,deliverables/prepaper_evidence_closeout_v1/results/members.jsonl
B2C_incremental_rule,paired244-devext-c2e38381be26f0a91709871b,R_FULL,not_cross_validation,1,frozen_App_atoms_plus_C1,pilot18,selection,EFFECTIVE_INTERVENTION,intervention_trigger,3,6,3,3,0,0,6,,,deliverables/prepaper_evidence_closeout_v1/results/predictions.jsonl,deliverables/prepaper_evidence_closeout_v1/results/members.jsonl
B2C_incremental_rule,paired244-devext-c2e38381be26f0a91709871b,R_FULL,not_cross_validation,1,frozen_App_atoms_plus_C1,pilot18,selection,NORMAL,normal_alarm,0,12,0,12,0,0,12,,,deliverables/prepaper_evidence_closeout_v1/results/predictions.jsonl,deliverables/prepaper_evidence_closeout_v1/results/members.jsonl
B2C_incremental_rule,paired244-devext-c2e38381be26f0a91709871b,R_FULL,not_cross_validation,1,frozen_App_atoms_plus_C1,pilot18,selection,family:Browser_language,intervention_trigger,0,3,0,3,0,0,3,,,deliverables/prepaper_evidence_closeout_v1/results/predictions.jsonl,deliverables/prepaper_evidence_closeout_v1/results/members.jsonl
B2C_incremental_rule,paired244-devext-c2e38381be26f0a91709871b,R_FULL,not_cross_validation,1,frozen_App_atoms_plus_C1,pilot18,selection,family:Browser_timezone,intervention_trigger,3,3,3,0,0,0,3,,,deliverables/prepaper_evidence_closeout_v1/results/predictions.jsonl,deliverables/prepaper_evidence_closeout_v1/results/members.jsonl
B2C_incremental_rule,paired244-devext-c2e38381be26f0a91709871b,R_FULL,not_cross_validation,1,frozen_App_atoms_plus_C1,small_development60,selection,NORMAL,normal_alarm,0,46,0,46,0,0,46,,,deliverables/prepaper_evidence_closeout_v1/results/predictions.jsonl,deliverables/prepaper_evidence_closeout_v1/results/members.jsonl
B2C_incremental_rule,paired244-devext-c2e38381be26f0a91709871b,R_FULL,not_cross_validation,1,frozen_App_atoms_plus_C1,small_development60,selection,EFFECTIVE_INTERVENTION,intervention_trigger,7,14,7,7,0,0,14,,,deliverables/prepaper_evidence_closeout_v1/results/predictions.jsonl,deliverables/prepaper_evidence_closeout_v1/results/members.jsonl
B2C_incremental_rule,paired244-devext-c2e38381be26f0a91709871b,R_FULL,not_cross_validation,1,frozen_App_atoms_plus_C1,small_development60,selection,family:App_language,intervention_trigger,0,2,0,2,0,0,2,,,deliverables/prepaper_evidence_closeout_v1/results/predictions.jsonl,deliverables/prepaper_evidence_closeout_v1/results/members.jsonl
B2C_incremental_rule,paired244-devext-c2e38381be26f0a91709871b,R_FULL,not_cross_validation,1,frozen_App_atoms_plus_C1,small_development60,selection,family:App_timezone,intervention_trigger,2,2,2,0,0,0,2,,,deliverables/prepaper_evidence_closeout_v1/results/predictions.jsonl,deliverables/prepaper_evidence_closeout_v1/results/members.jsonl
B2C_incremental_rule,paired244-devext-c2e38381be26f0a91709871b,R_FULL,not_cross_validation,1,frozen_App_atoms_plus_C1,small_development60,selection,family:Browser_language,intervention_trigger,0,5,0,5,0,0,5,,,deliverables/prepaper_evidence_closeout_v1/results/predictions.jsonl,deliverables/prepaper_evidence_closeout_v1/results/members.jsonl
B2C_incremental_rule,paired244-devext-c2e38381be26f0a91709871b,R_FULL,not_cross_validation,1,frozen_App_atoms_plus_C1,small_development60,selection,family:Browser_timezone,intervention_trigger,5,5,5,0,0,0,5,,,deliverables/prepaper_evidence_closeout_v1/results/predictions.jsonl,deliverables/prepaper_evidence_closeout_v1/results/members.jsonl
B2C_incremental_rule,paired244-ablation-459e8f0f135110c25ec7847b,R_NO_CROSS,not_cross_validation,1,frozen_App_atoms_plus_no_cross,b2b42,selection,EFFECTIVE_INTERVENTION,intervention_trigger,2,8,2,6,0,0,8,,,deliverables/prepaper_evidence_closeout_v1/results/predictions.jsonl,deliverables/prepaper_evidence_closeout_v1/results/members.jsonl
B2C_incremental_rule,paired244-ablation-459e8f0f135110c25ec7847b,R_NO_CROSS,not_cross_validation,1,frozen_App_atoms_plus_no_cross,b2b42,selection,NORMAL,normal_alarm,0,34,0,34,0,0,34,,,deliverables/prepaper_evidence_closeout_v1/results/predictions.jsonl,deliverables/prepaper_evidence_closeout_v1/results/members.jsonl
B2C_incremental_rule,paired244-ablation-459e8f0f135110c25ec7847b,R_NO_CROSS,not_cross_validation,1,frozen_App_atoms_plus_no_cross,b2b42,selection,family:App_language,intervention_trigger,0,2,0,2,0,0,2,,,deliverables/prepaper_evidence_closeout_v1/results/predictions.jsonl,deliverables/prepaper_evidence_closeout_v1/results/members.jsonl
B2C_incremental_rule,paired244-ablation-459e8f0f135110c25ec7847b,R_NO_CROSS,not_cross_validation,1,frozen_App_atoms_plus_no_cross,b2b42,selection,family:App_timezone,intervention_trigger,2,2,2,0,0,0,2,,,deliverables/prepaper_evidence_closeout_v1/results/predictions.jsonl,deliverables/prepaper_evidence_closeout_v1/results/members.jsonl
B2C_incremental_rule,paired244-ablation-459e8f0f135110c25ec7847b,R_NO_CROSS,not_cross_validation,1,frozen_App_atoms_plus_no_cross,b2b42,selection,family:Browser_language,intervention_trigger,0,2,0,2,0,0,2,,,deliverables/prepaper_evidence_closeout_v1/results/predictions.jsonl,deliverables/prepaper_evidence_closeout_v1/results/members.jsonl
B2C_incremental_rule,paired244-ablation-459e8f0f135110c25ec7847b,R_NO_CROSS,not_cross_validation,1,frozen_App_atoms_plus_no_cross,b2b42,selection,family:Browser_timezone,intervention_trigger,0,2,0,2,0,0,2,,,deliverables/prepaper_evidence_closeout_v1/results/predictions.jsonl,deliverables/prepaper_evidence_closeout_v1/results/members.jsonl
B2C_incremental_rule,paired244-ablation-459e8f0f135110c25ec7847b,R_NO_CROSS,not_cross_validation,1,frozen_App_atoms_plus_no_cross,b2b42,selection,normal_browser_preference_change,normal_alarm,0,2,0,2,0,0,2,,,deliverables/prepaper_evidence_closeout_v1/results/predictions.jsonl,deliverables/prepaper_evidence_closeout_v1/results/members.jsonl
B2C_incremental_rule,paired244-ablation-459e8f0f135110c25ec7847b,R_NO_CROSS,not_cross_validation,1,frozen_App_atoms_plus_no_cross,mtc_development,historical_evaluation,NORMAL,normal_alarm,1,144,1,135,8,0,136,,,deliverables/prepaper_evidence_closeout_v1/results/predictions.jsonl,deliverables/prepaper_evidence_closeout_v1/results/members.jsonl
B2C_incremental_rule,paired244-ablation-459e8f0f135110c25ec7847b,R_NO_CROSS,not_cross_validation,1,frozen_App_atoms_plus_no_cross,mtc_discovery,selection,NORMAL,normal_alarm,6,630,6,573,51,0,579,,,deliverables/prepaper_evidence_closeout_v1/results/predictions.jsonl,deliverables/prepaper_evidence_closeout_v1/results/members.jsonl
B2C_incremental_rule,paired244-ablation-459e8f0f135110c25ec7847b,R_NO_CROSS,not_cross_validation,1,frozen_App_atoms_plus_no_cross,mtc_reserved_validation,historical_evaluation,NORMAL,normal_alarm,1,117,1,110,6,0,111,,,deliverables/prepaper_evidence_closeout_v1/results/predictions.jsonl,deliverables/prepaper_evidence_closeout_v1/results/members.jsonl
B2C_incremental_rule,paired244-ablation-459e8f0f135110c25ec7847b,R_NO_CROSS,not_cross_validation,1,frozen_App_atoms_plus_no_cross,pilot18,selection,EFFECTIVE_INTERVENTION,intervention_trigger,0,6,0,6,0,0,6,,,deliverables/prepaper_evidence_closeout_v1/results/predictions.jsonl,deliverables/prepaper_evidence_closeout_v1/results/members.jsonl
B2C_incremental_rule,paired244-ablation-459e8f0f135110c25ec7847b,R_NO_CROSS,not_cross_validation,1,frozen_App_atoms_plus_no_cross,pilot18,selection,NORMAL,normal_alarm,0,12,0,12,0,0,12,,,deliverables/prepaper_evidence_closeout_v1/results/predictions.jsonl,deliverables/prepaper_evidence_closeout_v1/results/members.jsonl
B2C_incremental_rule,paired244-ablation-459e8f0f135110c25ec7847b,R_NO_CROSS,not_cross_validation,1,frozen_App_atoms_plus_no_cross,pilot18,selection,family:Browser_language,intervention_trigger,0,3,0,3,0,0,3,,,deliverables/prepaper_evidence_closeout_v1/results/predictions.jsonl,deliverables/prepaper_evidence_closeout_v1/results/members.jsonl
B2C_incremental_rule,paired244-ablation-459e8f0f135110c25ec7847b,R_NO_CROSS,not_cross_validation,1,frozen_App_atoms_plus_no_cross,pilot18,selection,family:Browser_timezone,intervention_trigger,0,3,0,3,0,0,3,,,deliverables/prepaper_evidence_closeout_v1/results/predictions.jsonl,deliverables/prepaper_evidence_closeout_v1/results/members.jsonl
B2C_incremental_rule,paired244-ablation-459e8f0f135110c25ec7847b,R_NO_CROSS,not_cross_validation,1,frozen_App_atoms_plus_no_cross,small_development60,selection,NORMAL,normal_alarm,0,46,0,46,0,0,46,,,deliverables/prepaper_evidence_closeout_v1/results/predictions.jsonl,deliverables/prepaper_evidence_closeout_v1/results/members.jsonl
B2C_incremental_rule,paired244-ablation-459e8f0f135110c25ec7847b,R_NO_CROSS,not_cross_validation,1,frozen_App_atoms_plus_no_cross,small_development60,selection,EFFECTIVE_INTERVENTION,intervention_trigger,2,14,2,12,0,0,14,,,deliverables/prepaper_evidence_closeout_v1/results/predictions.jsonl,deliverables/prepaper_evidence_closeout_v1/results/members.jsonl
B2C_incremental_rule,paired244-ablation-459e8f0f135110c25ec7847b,R_NO_CROSS,not_cross_validation,1,frozen_App_atoms_plus_no_cross,small_development60,selection,family:App_language,intervention_trigger,0,2,0,2,0,0,2,,,deliverables/prepaper_evidence_closeout_v1/results/predictions.jsonl,deliverables/prepaper_evidence_closeout_v1/results/members.jsonl
B2C_incremental_rule,paired244-ablation-459e8f0f135110c25ec7847b,R_NO_CROSS,not_cross_validation,1,frozen_App_atoms_plus_no_cross,small_development60,selection,family:App_timezone,intervention_trigger,2,2,2,0,0,0,2,,,deliverables/prepaper_evidence_closeout_v1/results/predictions.jsonl,deliverables/prepaper_evidence_closeout_v1/results/members.jsonl
B2C_incremental_rule,paired244-ablation-459e8f0f135110c25ec7847b,R_NO_CROSS,not_cross_validation,1,frozen_App_atoms_plus_no_cross,small_development60,selection,family:Browser_language,intervention_trigger,0,5,0,5,0,0,5,,,deliverables/prepaper_evidence_closeout_v1/results/predictions.jsonl,deliverables/prepaper_evidence_closeout_v1/results/members.jsonl
B2C_incremental_rule,paired244-ablation-459e8f0f135110c25ec7847b,R_NO_CROSS,not_cross_validation,1,frozen_App_atoms_plus_no_cross,small_development60,selection,family:Browser_timezone,intervention_trigger,0,5,0,5,0,0,5,,,deliverables/prepaper_evidence_closeout_v1/results/predictions.jsonl,deliverables/prepaper_evidence_closeout_v1/results/members.jsonl
B2C_incremental_rule,paired244-ablation-285ade8fe5c64ad17b2bfd09,R_NO_MATCHED_NORMAL_CAP,not_cross_validation,1,frozen_App_atoms_plus_C2,b2b42,selection,EFFECTIVE_INTERVENTION,intervention_trigger,6,8,6,2,0,0,8,,,deliverables/prepaper_evidence_closeout_v1/results/predictions.jsonl,deliverables/prepaper_evidence_closeout_v1/results/members.jsonl
B2C_incremental_rule,paired244-ablation-285ade8fe5c64ad17b2bfd09,R_NO_MATCHED_NORMAL_CAP,not_cross_validation,1,frozen_App_atoms_plus_C2,b2b42,selection,NORMAL,normal_alarm,2,34,2,32,0,0,34,,,deliverables/prepaper_evidence_closeout_v1/results/predictions.jsonl,deliverables/prepaper_evidence_closeout_v1/results/members.jsonl
B2C_incremental_rule,paired244-ablation-285ade8fe5c64ad17b2bfd09,R_NO_MATCHED_NORMAL_CAP,not_cross_validation,1,frozen_App_atoms_plus_C2,b2b42,selection,family:App_language,intervention_trigger,2,2,2,0,0,0,2,,,deliverables/prepaper_evidence_closeout_v1/results/predictions.jsonl,deliverables/prepaper_evidence_closeout_v1/results/members.jsonl
B2C_incremental_rule,paired244-ablation-285ade8fe5c64ad17b2bfd09,R_NO_MATCHED_NORMAL_CAP,not_cross_validation,1,frozen_App_atoms_plus_C2,b2b42,selection,family:App_timezone,intervention_trigger,2,2,2,0,0,0,2,,,deliverables/prepaper_evidence_closeout_v1/results/predictions.jsonl,deliverables/prepaper_evidence_closeout_v1/results/members.jsonl
B2C_incremental_rule,paired244-ablation-285ade8fe5c64ad17b2bfd09,R_NO_MATCHED_NORMAL_CAP,not_cross_validation,1,frozen_App_atoms_plus_C2,b2b42,selection,family:Browser_language,intervention_trigger,2,2,2,0,0,0,2,,,deliverables/prepaper_evidence_closeout_v1/results/predictions.jsonl,deliverables/prepaper_evidence_closeout_v1/results/members.jsonl
B2C_incremental_rule,paired244-ablation-285ade8fe5c64ad17b2bfd09,R_NO_MATCHED_NORMAL_CAP,not_cross_validation,1,frozen_App_atoms_plus_C2,b2b42,selection,family:Browser_timezone,intervention_trigger,0,2,0,2,0,0,2,,,deliverables/prepaper_evidence_closeout_v1/results/predictions.jsonl,deliverables/prepaper_evidence_closeout_v1/results/members.jsonl
B2C_incremental_rule,paired244-ablation-285ade8fe5c64ad17b2bfd09,R_NO_MATCHED_NORMAL_CAP,not_cross_validation,1,frozen_App_atoms_plus_C2,b2b42,selection,normal_browser_preference_change,normal_alarm,2,2,2,0,0,0,2,,,deliverables/prepaper_evidence_closeout_v1/results/predictions.jsonl,deliverables/prepaper_evidence_closeout_v1/results/members.jsonl
B2C_incremental_rule,paired244-ablation-285ade8fe5c64ad17b2bfd09,R_NO_MATCHED_NORMAL_CAP,not_cross_validation,1,frozen_App_atoms_plus_C2,mtc_development,historical_evaluation,NORMAL,normal_alarm,2,144,2,134,8,0,136,,,deliverables/prepaper_evidence_closeout_v1/results/predictions.jsonl,deliverables/prepaper_evidence_closeout_v1/results/members.jsonl
B2C_incremental_rule,paired244-ablation-285ade8fe5c64ad17b2bfd09,R_NO_MATCHED_NORMAL_CAP,not_cross_validation,1,frozen_App_atoms_plus_C2,mtc_discovery,selection,NORMAL,normal_alarm,6,630,6,572,52,0,578,,,deliverables/prepaper_evidence_closeout_v1/results/predictions.jsonl,deliverables/prepaper_evidence_closeout_v1/results/members.jsonl
B2C_incremental_rule,paired244-ablation-285ade8fe5c64ad17b2bfd09,R_NO_MATCHED_NORMAL_CAP,not_cross_validation,1,frozen_App_atoms_plus_C2,mtc_reserved_validation,historical_evaluation,NORMAL,normal_alarm,1,117,1,110,6,0,111,,,deliverables/prepaper_evidence_closeout_v1/results/predictions.jsonl,deliverables/prepaper_evidence_closeout_v1/results/members.jsonl
B2C_incremental_rule,paired244-ablation-285ade8fe5c64ad17b2bfd09,R_NO_MATCHED_NORMAL_CAP,not_cross_validation,1,frozen_App_atoms_plus_C2,pilot18,selection,EFFECTIVE_INTERVENTION,intervention_trigger,3,6,3,3,0,0,6,,,deliverables/prepaper_evidence_closeout_v1/results/predictions.jsonl,deliverables/prepaper_evidence_closeout_v1/results/members.jsonl
B2C_incremental_rule,paired244-ablation-285ade8fe5c64ad17b2bfd09,R_NO_MATCHED_NORMAL_CAP,not_cross_validation,1,frozen_App_atoms_plus_C2,pilot18,selection,NORMAL,normal_alarm,0,12,0,12,0,0,12,,,deliverables/prepaper_evidence_closeout_v1/results/predictions.jsonl,deliverables/prepaper_evidence_closeout_v1/results/members.jsonl
B2C_incremental_rule,paired244-ablation-285ade8fe5c64ad17b2bfd09,R_NO_MATCHED_NORMAL_CAP,not_cross_validation,1,frozen_App_atoms_plus_C2,pilot18,selection,family:Browser_language,intervention_trigger,3,3,3,0,0,0,3,,,deliverables/prepaper_evidence_closeout_v1/results/predictions.jsonl,deliverables/prepaper_evidence_closeout_v1/results/members.jsonl
B2C_incremental_rule,paired244-ablation-285ade8fe5c64ad17b2bfd09,R_NO_MATCHED_NORMAL_CAP,not_cross_validation,1,frozen_App_atoms_plus_C2,pilot18,selection,family:Browser_timezone,intervention_trigger,0,3,0,3,0,0,3,,,deliverables/prepaper_evidence_closeout_v1/results/predictions.jsonl,deliverables/prepaper_evidence_closeout_v1/results/members.jsonl
B2C_incremental_rule,paired244-ablation-285ade8fe5c64ad17b2bfd09,R_NO_MATCHED_NORMAL_CAP,not_cross_validation,1,frozen_App_atoms_plus_C2,small_development60,selection,NORMAL,normal_alarm,2,46,2,44,0,0,46,,,deliverables/prepaper_evidence_closeout_v1/results/predictions.jsonl,deliverables/prepaper_evidence_closeout_v1/results/members.jsonl
B2C_incremental_rule,paired244-ablation-285ade8fe5c64ad17b2bfd09,R_NO_MATCHED_NORMAL_CAP,not_cross_validation,1,frozen_App_atoms_plus_C2,small_development60,selection,EFFECTIVE_INTERVENTION,intervention_trigger,9,14,9,5,0,0,14,,,deliverables/prepaper_evidence_closeout_v1/results/predictions.jsonl,deliverables/prepaper_evidence_closeout_v1/results/members.jsonl
B2C_incremental_rule,paired244-ablation-285ade8fe5c64ad17b2bfd09,R_NO_MATCHED_NORMAL_CAP,not_cross_validation,1,frozen_App_atoms_plus_C2,small_development60,selection,family:App_language,intervention_trigger,2,2,2,0,0,0,2,,,deliverables/prepaper_evidence_closeout_v1/results/predictions.jsonl,deliverables/prepaper_evidence_closeout_v1/results/members.jsonl
B2C_incremental_rule,paired244-ablation-285ade8fe5c64ad17b2bfd09,R_NO_MATCHED_NORMAL_CAP,not_cross_validation,1,frozen_App_atoms_plus_C2,small_development60,selection,family:App_timezone,intervention_trigger,2,2,2,0,0,0,2,,,deliverables/prepaper_evidence_closeout_v1/results/predictions.jsonl,deliverables/prepaper_evidence_closeout_v1/results/members.jsonl
B2C_incremental_rule,paired244-ablation-285ade8fe5c64ad17b2bfd09,R_NO_MATCHED_NORMAL_CAP,not_cross_validation,1,frozen_App_atoms_plus_C2,small_development60,selection,family:Browser_language,intervention_trigger,5,5,5,0,0,0,5,,,deliverables/prepaper_evidence_closeout_v1/results/predictions.jsonl,deliverables/prepaper_evidence_closeout_v1/results/members.jsonl
B2C_incremental_rule,paired244-ablation-285ade8fe5c64ad17b2bfd09,R_NO_MATCHED_NORMAL_CAP,not_cross_validation,1,frozen_App_atoms_plus_C2,small_development60,selection,family:Browser_timezone,intervention_trigger,0,5,0,5,0,0,5,,,deliverables/prepaper_evidence_closeout_v1/results/predictions.jsonl,deliverables/prepaper_evidence_closeout_v1/results/members.jsonl
B2C_incremental_rule,paired244-devext-9688bfa5bc943c8095f94b46,R_FULL,not_cross_validation,2,frozen_App_atoms_plus_C1,b2b42,selection,EFFECTIVE_INTERVENTION,intervention_trigger,4,8,4,4,0,0,8,,,deliverables/prepaper_evidence_closeout_v1/results/predictions.jsonl,deliverables/prepaper_evidence_closeout_v1/results/members.jsonl
B2C_incremental_rule,paired244-devext-9688bfa5bc943c8095f94b46,R_FULL,not_cross_validation,2,frozen_App_atoms_plus_C1,b2b42,selection,NORMAL,normal_alarm,0,34,0,34,0,0,34,,,deliverables/prepaper_evidence_closeout_v1/results/predictions.jsonl,deliverables/prepaper_evidence_closeout_v1/results/members.jsonl
B2C_incremental_rule,paired244-devext-9688bfa5bc943c8095f94b46,R_FULL,not_cross_validation,2,frozen_App_atoms_plus_C1,b2b42,selection,family:App_language,intervention_trigger,0,2,0,2,0,0,2,,,deliverables/prepaper_evidence_closeout_v1/results/predictions.jsonl,deliverables/prepaper_evidence_closeout_v1/results/members.jsonl
B2C_incremental_rule,paired244-devext-9688bfa5bc943c8095f94b46,R_FULL,not_cross_validation,2,frozen_App_atoms_plus_C1,b2b42,selection,family:App_timezone,intervention_trigger,2,2,2,0,0,0,2,,,deliverables/prepaper_evidence_closeout_v1/results/predictions.jsonl,deliverables/prepaper_evidence_closeout_v1/results/members.jsonl
B2C_incremental_rule,paired244-devext-9688bfa5bc943c8095f94b46,R_FULL,not_cross_validation,2,frozen_App_atoms_plus_C1,b2b42,selection,family:Browser_language,intervention_trigger,0,2,0,2,0,0,2,,,deliverables/prepaper_evidence_closeout_v1/results/predictions.jsonl,deliverables/prepaper_evidence_closeout_v1/results/members.jsonl
B2C_incremental_rule,paired244-devext-9688bfa5bc943c8095f94b46,R_FULL,not_cross_validation,2,frozen_App_atoms_plus_C1,b2b42,selection,family:Browser_timezone,intervention_trigger,2,2,2,0,0,0,2,,,deliverables/prepaper_evidence_closeout_v1/results/predictions.jsonl,deliverables/prepaper_evidence_closeout_v1/results/members.jsonl
B2C_incremental_rule,paired244-devext-9688bfa5bc943c8095f94b46,R_FULL,not_cross_validation,2,frozen_App_atoms_plus_C1,b2b42,selection,normal_browser_preference_change,normal_alarm,0,2,0,2,0,0,2,,,deliverables/prepaper_evidence_closeout_v1/results/predictions.jsonl,deliverables/prepaper_evidence_closeout_v1/results/members.jsonl
B2C_incremental_rule,paired244-devext-9688bfa5bc943c8095f94b46,R_FULL,not_cross_validation,2,frozen_App_atoms_plus_C1,mtc_development,historical_evaluation,NORMAL,normal_alarm,1,144,1,132,11,0,133,,,deliverables/prepaper_evidence_closeout_v1/results/predictions.jsonl,deliverables/prepaper_evidence_closeout_v1/results/members.jsonl
B2C_incremental_rule,paired244-devext-9688bfa5bc943c8095f94b46,R_FULL,not_cross_validation,2,frozen_App_atoms_plus_C1,mtc_discovery,selection,NORMAL,normal_alarm,6,630,6,561,63,0,567,,,deliverables/prepaper_evidence_closeout_v1/results/predictions.jsonl,deliverables/prepaper_evidence_closeout_v1/results/members.jsonl
B2C_incremental_rule,paired244-devext-9688bfa5bc943c8095f94b46,R_FULL,not_cross_validation,2,frozen_App_atoms_plus_C1,mtc_reserved_validation,historical_evaluation,NORMAL,normal_alarm,1,117,1,110,6,0,111,,,deliverables/prepaper_evidence_closeout_v1/results/predictions.jsonl,deliverables/prepaper_evidence_closeout_v1/results/members.jsonl
B2C_incremental_rule,paired244-devext-9688bfa5bc943c8095f94b46,R_FULL,not_cross_validation,2,frozen_App_atoms_plus_C1,pilot18,selection,EFFECTIVE_INTERVENTION,intervention_trigger,3,6,3,3,0,0,6,,,deliverables/prepaper_evidence_closeout_v1/results/predictions.jsonl,deliverables/prepaper_evidence_closeout_v1/results/members.jsonl
B2C_incremental_rule,paired244-devext-9688bfa5bc943c8095f94b46,R_FULL,not_cross_validation,2,frozen_App_atoms_plus_C1,pilot18,selection,NORMAL,normal_alarm,0,12,0,12,0,0,12,,,deliverables/prepaper_evidence_closeout_v1/results/predictions.jsonl,deliverables/prepaper_evidence_closeout_v1/results/members.jsonl
B2C_incremental_rule,paired244-devext-9688bfa5bc943c8095f94b46,R_FULL,not_cross_validation,2,frozen_App_atoms_plus_C1,pilot18,selection,family:Browser_language,intervention_trigger,0,3,0,3,0,0,3,,,deliverables/prepaper_evidence_closeout_v1/results/predictions.jsonl,deliverables/prepaper_evidence_closeout_v1/results/members.jsonl
B2C_incremental_rule,paired244-devext-9688bfa5bc943c8095f94b46,R_FULL,not_cross_validation,2,frozen_App_atoms_plus_C1,pilot18,selection,family:Browser_timezone,intervention_trigger,3,3,3,0,0,0,3,,,deliverables/prepaper_evidence_closeout_v1/results/predictions.jsonl,deliverables/prepaper_evidence_closeout_v1/results/members.jsonl
B2C_incremental_rule,paired244-devext-9688bfa5bc943c8095f94b46,R_FULL,not_cross_validation,2,frozen_App_atoms_plus_C1,small_development60,selection,NORMAL,normal_alarm,0,46,0,46,0,0,46,,,deliverables/prepaper_evidence_closeout_v1/results/predictions.jsonl,deliverables/prepaper_evidence_closeout_v1/results/members.jsonl
B2C_incremental_rule,paired244-devext-9688bfa5bc943c8095f94b46,R_FULL,not_cross_validation,2,frozen_App_atoms_plus_C1,small_development60,selection,EFFECTIVE_INTERVENTION,intervention_trigger,7,14,7,7,0,0,14,,,deliverables/prepaper_evidence_closeout_v1/results/predictions.jsonl,deliverables/prepaper_evidence_closeout_v1/results/members.jsonl
B2C_incremental_rule,paired244-devext-9688bfa5bc943c8095f94b46,R_FULL,not_cross_validation,2,frozen_App_atoms_plus_C1,small_development60,selection,family:App_language,intervention_trigger,0,2,0,2,0,0,2,,,deliverables/prepaper_evidence_closeout_v1/results/predictions.jsonl,deliverables/prepaper_evidence_closeout_v1/results/members.jsonl
B2C_incremental_rule,paired244-devext-9688bfa5bc943c8095f94b46,R_FULL,not_cross_validation,2,frozen_App_atoms_plus_C1,small_development60,selection,family:App_timezone,intervention_trigger,2,2,2,0,0,0,2,,,deliverables/prepaper_evidence_closeout_v1/results/predictions.jsonl,deliverables/prepaper_evidence_closeout_v1/results/members.jsonl
B2C_incremental_rule,paired244-devext-9688bfa5bc943c8095f94b46,R_FULL,not_cross_validation,2,frozen_App_atoms_plus_C1,small_development60,selection,family:Browser_language,intervention_trigger,0,5,0,5,0,0,5,,,deliverables/prepaper_evidence_closeout_v1/results/predictions.jsonl,deliverables/prepaper_evidence_closeout_v1/results/members.jsonl
B2C_incremental_rule,paired244-devext-9688bfa5bc943c8095f94b46,R_FULL,not_cross_validation,2,frozen_App_atoms_plus_C1,small_development60,selection,family:Browser_timezone,intervention_trigger,5,5,5,0,0,0,5,,,deliverables/prepaper_evidence_closeout_v1/results/predictions.jsonl,deliverables/prepaper_evidence_closeout_v1/results/members.jsonl
B2C_incremental_rule,paired244-ablation-2ec7a0802a1dc63299c8edb4,R_NO_CROSS,not_cross_validation,2,frozen_App_atoms_plus_no_cross,b2b42,selection,EFFECTIVE_INTERVENTION,intervention_trigger,2,8,2,6,0,0,8,,,deliverables/prepaper_evidence_closeout_v1/results/predictions.jsonl,deliverables/prepaper_evidence_closeout_v1/results/members.jsonl
B2C_incremental_rule,paired244-ablation-2ec7a0802a1dc63299c8edb4,R_NO_CROSS,not_cross_validation,2,frozen_App_atoms_plus_no_cross,b2b42,selection,NORMAL,normal_alarm,0,34,0,34,0,0,34,,,deliverables/prepaper_evidence_closeout_v1/results/predictions.jsonl,deliverables/prepaper_evidence_closeout_v1/results/members.jsonl
B2C_incremental_rule,paired244-ablation-2ec7a0802a1dc63299c8edb4,R_NO_CROSS,not_cross_validation,2,frozen_App_atoms_plus_no_cross,b2b42,selection,family:App_language,intervention_trigger,0,2,0,2,0,0,2,,,deliverables/prepaper_evidence_closeout_v1/results/predictions.jsonl,deliverables/prepaper_evidence_closeout_v1/results/members.jsonl
B2C_incremental_rule,paired244-ablation-2ec7a0802a1dc63299c8edb4,R_NO_CROSS,not_cross_validation,2,frozen_App_atoms_plus_no_cross,b2b42,selection,family:App_timezone,intervention_trigger,2,2,2,0,0,0,2,,,deliverables/prepaper_evidence_closeout_v1/results/predictions.jsonl,deliverables/prepaper_evidence_closeout_v1/results/members.jsonl
B2C_incremental_rule,paired244-ablation-2ec7a0802a1dc63299c8edb4,R_NO_CROSS,not_cross_validation,2,frozen_App_atoms_plus_no_cross,b2b42,selection,family:Browser_language,intervention_trigger,0,2,0,2,0,0,2,,,deliverables/prepaper_evidence_closeout_v1/results/predictions.jsonl,deliverables/prepaper_evidence_closeout_v1/results/members.jsonl
B2C_incremental_rule,paired244-ablation-2ec7a0802a1dc63299c8edb4,R_NO_CROSS,not_cross_validation,2,frozen_App_atoms_plus_no_cross,b2b42,selection,family:Browser_timezone,intervention_trigger,0,2,0,2,0,0,2,,,deliverables/prepaper_evidence_closeout_v1/results/predictions.jsonl,deliverables/prepaper_evidence_closeout_v1/results/members.jsonl
B2C_incremental_rule,paired244-ablation-2ec7a0802a1dc63299c8edb4,R_NO_CROSS,not_cross_validation,2,frozen_App_atoms_plus_no_cross,b2b42,selection,normal_browser_preference_change,normal_alarm,0,2,0,2,0,0,2,,,deliverables/prepaper_evidence_closeout_v1/results/predictions.jsonl,deliverables/prepaper_evidence_closeout_v1/results/members.jsonl
B2C_incremental_rule,paired244-ablation-2ec7a0802a1dc63299c8edb4,R_NO_CROSS,not_cross_validation,2,frozen_App_atoms_plus_no_cross,mtc_development,historical_evaluation,NORMAL,normal_alarm,1,144,1,135,8,0,136,,,deliverables/prepaper_evidence_closeout_v1/results/predictions.jsonl,deliverables/prepaper_evidence_closeout_v1/results/members.jsonl
B2C_incremental_rule,paired244-ablation-2ec7a0802a1dc63299c8edb4,R_NO_CROSS,not_cross_validation,2,frozen_App_atoms_plus_no_cross,mtc_discovery,selection,NORMAL,normal_alarm,6,630,6,573,51,0,579,,,deliverables/prepaper_evidence_closeout_v1/results/predictions.jsonl,deliverables/prepaper_evidence_closeout_v1/results/members.jsonl
B2C_incremental_rule,paired244-ablation-2ec7a0802a1dc63299c8edb4,R_NO_CROSS,not_cross_validation,2,frozen_App_atoms_plus_no_cross,mtc_reserved_validation,historical_evaluation,NORMAL,normal_alarm,1,117,1,110,6,0,111,,,deliverables/prepaper_evidence_closeout_v1/results/predictions.jsonl,deliverables/prepaper_evidence_closeout_v1/results/members.jsonl
B2C_incremental_rule,paired244-ablation-2ec7a0802a1dc63299c8edb4,R_NO_CROSS,not_cross_validation,2,frozen_App_atoms_plus_no_cross,pilot18,selection,EFFECTIVE_INTERVENTION,intervention_trigger,0,6,0,6,0,0,6,,,deliverables/prepaper_evidence_closeout_v1/results/predictions.jsonl,deliverables/prepaper_evidence_closeout_v1/results/members.jsonl
B2C_incremental_rule,paired244-ablation-2ec7a0802a1dc63299c8edb4,R_NO_CROSS,not_cross_validation,2,frozen_App_atoms_plus_no_cross,pilot18,selection,NORMAL,normal_alarm,0,12,0,12,0,0,12,,,deliverables/prepaper_evidence_closeout_v1/results/predictions.jsonl,deliverables/prepaper_evidence_closeout_v1/results/members.jsonl
B2C_incremental_rule,paired244-ablation-2ec7a0802a1dc63299c8edb4,R_NO_CROSS,not_cross_validation,2,frozen_App_atoms_plus_no_cross,pilot18,selection,family:Browser_language,intervention_trigger,0,3,0,3,0,0,3,,,deliverables/prepaper_evidence_closeout_v1/results/predictions.jsonl,deliverables/prepaper_evidence_closeout_v1/results/members.jsonl
B2C_incremental_rule,paired244-ablation-2ec7a0802a1dc63299c8edb4,R_NO_CROSS,not_cross_validation,2,frozen_App_atoms_plus_no_cross,pilot18,selection,family:Browser_timezone,intervention_trigger,0,3,0,3,0,0,3,,,deliverables/prepaper_evidence_closeout_v1/results/predictions.jsonl,deliverables/prepaper_evidence_closeout_v1/results/members.jsonl
B2C_incremental_rule,paired244-ablation-2ec7a0802a1dc63299c8edb4,R_NO_CROSS,not_cross_validation,2,frozen_App_atoms_plus_no_cross,small_development60,selection,NORMAL,normal_alarm,0,46,0,46,0,0,46,,,deliverables/prepaper_evidence_closeout_v1/results/predictions.jsonl,deliverables/prepaper_evidence_closeout_v1/results/members.jsonl
B2C_incremental_rule,paired244-ablation-2ec7a0802a1dc63299c8edb4,R_NO_CROSS,not_cross_validation,2,frozen_App_atoms_plus_no_cross,small_development60,selection,EFFECTIVE_INTERVENTION,intervention_trigger,2,14,2,12,0,0,14,,,deliverables/prepaper_evidence_closeout_v1/results/predictions.jsonl,deliverables/prepaper_evidence_closeout_v1/results/members.jsonl
B2C_incremental_rule,paired244-ablation-2ec7a0802a1dc63299c8edb4,R_NO_CROSS,not_cross_validation,2,frozen_App_atoms_plus_no_cross,small_development60,selection,family:App_language,intervention_trigger,0,2,0,2,0,0,2,,,deliverables/prepaper_evidence_closeout_v1/results/predictions.jsonl,deliverables/prepaper_evidence_closeout_v1/results/members.jsonl
B2C_incremental_rule,paired244-ablation-2ec7a0802a1dc63299c8edb4,R_NO_CROSS,not_cross_validation,2,frozen_App_atoms_plus_no_cross,small_development60,selection,family:App_timezone,intervention_trigger,2,2,2,0,0,0,2,,,deliverables/prepaper_evidence_closeout_v1/results/predictions.jsonl,deliverables/prepaper_evidence_closeout_v1/results/members.jsonl
B2C_incremental_rule,paired244-ablation-2ec7a0802a1dc63299c8edb4,R_NO_CROSS,not_cross_validation,2,frozen_App_atoms_plus_no_cross,small_development60,selection,family:Browser_language,intervention_trigger,0,5,0,5,0,0,5,,,deliverables/prepaper_evidence_closeout_v1/results/predictions.jsonl,deliverables/prepaper_evidence_closeout_v1/results/members.jsonl
B2C_incremental_rule,paired244-ablation-2ec7a0802a1dc63299c8edb4,R_NO_CROSS,not_cross_validation,2,frozen_App_atoms_plus_no_cross,small_development60,selection,family:Browser_timezone,intervention_trigger,0,5,0,5,0,0,5,,,deliverables/prepaper_evidence_closeout_v1/results/predictions.jsonl,deliverables/prepaper_evidence_closeout_v1/results/members.jsonl
B2C_incremental_rule,paired244-ablation-ec071710c8e07c918c3fb6e7,R_NO_MATCHED_NORMAL_CAP,not_cross_validation,2,frozen_App_atoms_plus_C2,b2b42,selection,EFFECTIVE_INTERVENTION,intervention_trigger,6,8,6,2,0,0,8,,,deliverables/prepaper_evidence_closeout_v1/results/predictions.jsonl,deliverables/prepaper_evidence_closeout_v1/results/members.jsonl
B2C_incremental_rule,paired244-ablation-ec071710c8e07c918c3fb6e7,R_NO_MATCHED_NORMAL_CAP,not_cross_validation,2,frozen_App_atoms_plus_C2,b2b42,selection,NORMAL,normal_alarm,2,34,2,32,0,0,34,,,deliverables/prepaper_evidence_closeout_v1/results/predictions.jsonl,deliverables/prepaper_evidence_closeout_v1/results/members.jsonl
B2C_incremental_rule,paired244-ablation-ec071710c8e07c918c3fb6e7,R_NO_MATCHED_NORMAL_CAP,not_cross_validation,2,frozen_App_atoms_plus_C2,b2b42,selection,family:App_language,intervention_trigger,2,2,2,0,0,0,2,,,deliverables/prepaper_evidence_closeout_v1/results/predictions.jsonl,deliverables/prepaper_evidence_closeout_v1/results/members.jsonl
B2C_incremental_rule,paired244-ablation-ec071710c8e07c918c3fb6e7,R_NO_MATCHED_NORMAL_CAP,not_cross_validation,2,frozen_App_atoms_plus_C2,b2b42,selection,family:App_timezone,intervention_trigger,2,2,2,0,0,0,2,,,deliverables/prepaper_evidence_closeout_v1/results/predictions.jsonl,deliverables/prepaper_evidence_closeout_v1/results/members.jsonl
B2C_incremental_rule,paired244-ablation-ec071710c8e07c918c3fb6e7,R_NO_MATCHED_NORMAL_CAP,not_cross_validation,2,frozen_App_atoms_plus_C2,b2b42,selection,family:Browser_language,intervention_trigger,2,2,2,0,0,0,2,,,deliverables/prepaper_evidence_closeout_v1/results/predictions.jsonl,deliverables/prepaper_evidence_closeout_v1/results/members.jsonl
B2C_incremental_rule,paired244-ablation-ec071710c8e07c918c3fb6e7,R_NO_MATCHED_NORMAL_CAP,not_cross_validation,2,frozen_App_atoms_plus_C2,b2b42,selection,family:Browser_timezone,intervention_trigger,0,2,0,2,0,0,2,,,deliverables/prepaper_evidence_closeout_v1/results/predictions.jsonl,deliverables/prepaper_evidence_closeout_v1/results/members.jsonl
B2C_incremental_rule,paired244-ablation-ec071710c8e07c918c3fb6e7,R_NO_MATCHED_NORMAL_CAP,not_cross_validation,2,frozen_App_atoms_plus_C2,b2b42,selection,normal_browser_preference_change,normal_alarm,2,2,2,0,0,0,2,,,deliverables/prepaper_evidence_closeout_v1/results/predictions.jsonl,deliverables/prepaper_evidence_closeout_v1/results/members.jsonl
B2C_incremental_rule,paired244-ablation-ec071710c8e07c918c3fb6e7,R_NO_MATCHED_NORMAL_CAP,not_cross_validation,2,frozen_App_atoms_plus_C2,mtc_development,historical_evaluation,NORMAL,normal_alarm,2,144,2,134,8,0,136,,,deliverables/prepaper_evidence_closeout_v1/results/predictions.jsonl,deliverables/prepaper_evidence_closeout_v1/results/members.jsonl
B2C_incremental_rule,paired244-ablation-ec071710c8e07c918c3fb6e7,R_NO_MATCHED_NORMAL_CAP,not_cross_validation,2,frozen_App_atoms_plus_C2,mtc_discovery,selection,NORMAL,normal_alarm,6,630,6,572,52,0,578,,,deliverables/prepaper_evidence_closeout_v1/results/predictions.jsonl,deliverables/prepaper_evidence_closeout_v1/results/members.jsonl
B2C_incremental_rule,paired244-ablation-ec071710c8e07c918c3fb6e7,R_NO_MATCHED_NORMAL_CAP,not_cross_validation,2,frozen_App_atoms_plus_C2,mtc_reserved_validation,historical_evaluation,NORMAL,normal_alarm,1,117,1,110,6,0,111,,,deliverables/prepaper_evidence_closeout_v1/results/predictions.jsonl,deliverables/prepaper_evidence_closeout_v1/results/members.jsonl
B2C_incremental_rule,paired244-ablation-ec071710c8e07c918c3fb6e7,R_NO_MATCHED_NORMAL_CAP,not_cross_validation,2,frozen_App_atoms_plus_C2,pilot18,selection,EFFECTIVE_INTERVENTION,intervention_trigger,3,6,3,3,0,0,6,,,deliverables/prepaper_evidence_closeout_v1/results/predictions.jsonl,deliverables/prepaper_evidence_closeout_v1/results/members.jsonl
B2C_incremental_rule,paired244-ablation-ec071710c8e07c918c3fb6e7,R_NO_MATCHED_NORMAL_CAP,not_cross_validation,2,frozen_App_atoms_plus_C2,pilot18,selection,NORMAL,normal_alarm,0,12,0,12,0,0,12,,,deliverables/prepaper_evidence_closeout_v1/results/predictions.jsonl,deliverables/prepaper_evidence_closeout_v1/results/members.jsonl
B2C_incremental_rule,paired244-ablation-ec071710c8e07c918c3fb6e7,R_NO_MATCHED_NORMAL_CAP,not_cross_validation,2,frozen_App_atoms_plus_C2,pilot18,selection,family:Browser_language,intervention_trigger,3,3,3,0,0,0,3,,,deliverables/prepaper_evidence_closeout_v1/results/predictions.jsonl,deliverables/prepaper_evidence_closeout_v1/results/members.jsonl
B2C_incremental_rule,paired244-ablation-ec071710c8e07c918c3fb6e7,R_NO_MATCHED_NORMAL_CAP,not_cross_validation,2,frozen_App_atoms_plus_C2,pilot18,selection,family:Browser_timezone,intervention_trigger,0,3,0,3,0,0,3,,,deliverables/prepaper_evidence_closeout_v1/results/predictions.jsonl,deliverables/prepaper_evidence_closeout_v1/results/members.jsonl
B2C_incremental_rule,paired244-ablation-ec071710c8e07c918c3fb6e7,R_NO_MATCHED_NORMAL_CAP,not_cross_validation,2,frozen_App_atoms_plus_C2,small_development60,selection,NORMAL,normal_alarm,2,46,2,44,0,0,46,,,deliverables/prepaper_evidence_closeout_v1/results/predictions.jsonl,deliverables/prepaper_evidence_closeout_v1/results/members.jsonl
B2C_incremental_rule,paired244-ablation-ec071710c8e07c918c3fb6e7,R_NO_MATCHED_NORMAL_CAP,not_cross_validation,2,frozen_App_atoms_plus_C2,small_development60,selection,EFFECTIVE_INTERVENTION,intervention_trigger,9,14,9,5,0,0,14,,,deliverables/prepaper_evidence_closeout_v1/results/predictions.jsonl,deliverables/prepaper_evidence_closeout_v1/results/members.jsonl
B2C_incremental_rule,paired244-ablation-ec071710c8e07c918c3fb6e7,R_NO_MATCHED_NORMAL_CAP,not_cross_validation,2,frozen_App_atoms_plus_C2,small_development60,selection,family:App_language,intervention_trigger,2,2,2,0,0,0,2,,,deliverables/prepaper_evidence_closeout_v1/results/predictions.jsonl,deliverables/prepaper_evidence_closeout_v1/results/members.jsonl
B2C_incremental_rule,paired244-ablation-ec071710c8e07c918c3fb6e7,R_NO_MATCHED_NORMAL_CAP,not_cross_validation,2,frozen_App_atoms_plus_C2,small_development60,selection,family:App_timezone,intervention_trigger,2,2,2,0,0,0,2,,,deliverables/prepaper_evidence_closeout_v1/results/predictions.jsonl,deliverables/prepaper_evidence_closeout_v1/results/members.jsonl
B2C_incremental_rule,paired244-ablation-ec071710c8e07c918c3fb6e7,R_NO_MATCHED_NORMAL_CAP,not_cross_validation,2,frozen_App_atoms_plus_C2,small_development60,selection,family:Browser_language,intervention_trigger,5,5,5,0,0,0,5,,,deliverables/prepaper_evidence_closeout_v1/results/predictions.jsonl,deliverables/prepaper_evidence_closeout_v1/results/members.jsonl
B2C_incremental_rule,paired244-ablation-ec071710c8e07c918c3fb6e7,R_NO_MATCHED_NORMAL_CAP,not_cross_validation,2,frozen_App_atoms_plus_C2,small_development60,selection,family:Browser_timezone,intervention_trigger,0,5,0,5,0,0,5,,,deliverables/prepaper_evidence_closeout_v1/results/predictions.jsonl,deliverables/prepaper_evidence_closeout_v1/results/members.jsonl
B2C_incremental_rule,paired244-devext-09060772f27998b093caaea7,R_FULL,not_cross_validation,3,frozen_App_atoms_plus_C1,b2b42,selection,EFFECTIVE_INTERVENTION,intervention_trigger,4,8,4,4,0,0,8,,,deliverables/prepaper_evidence_closeout_v1/results/predictions.jsonl,deliverables/prepaper_evidence_closeout_v1/results/members.jsonl
B2C_incremental_rule,paired244-devext-09060772f27998b093caaea7,R_FULL,not_cross_validation,3,frozen_App_atoms_plus_C1,b2b42,selection,NORMAL,normal_alarm,0,34,0,34,0,0,34,,,deliverables/prepaper_evidence_closeout_v1/results/predictions.jsonl,deliverables/prepaper_evidence_closeout_v1/results/members.jsonl
B2C_incremental_rule,paired244-devext-09060772f27998b093caaea7,R_FULL,not_cross_validation,3,frozen_App_atoms_plus_C1,b2b42,selection,family:App_language,intervention_trigger,0,2,0,2,0,0,2,,,deliverables/prepaper_evidence_closeout_v1/results/predictions.jsonl,deliverables/prepaper_evidence_closeout_v1/results/members.jsonl
B2C_incremental_rule,paired244-devext-09060772f27998b093caaea7,R_FULL,not_cross_validation,3,frozen_App_atoms_plus_C1,b2b42,selection,family:App_timezone,intervention_trigger,2,2,2,0,0,0,2,,,deliverables/prepaper_evidence_closeout_v1/results/predictions.jsonl,deliverables/prepaper_evidence_closeout_v1/results/members.jsonl
B2C_incremental_rule,paired244-devext-09060772f27998b093caaea7,R_FULL,not_cross_validation,3,frozen_App_atoms_plus_C1,b2b42,selection,family:Browser_language,intervention_trigger,0,2,0,2,0,0,2,,,deliverables/prepaper_evidence_closeout_v1/results/predictions.jsonl,deliverables/prepaper_evidence_closeout_v1/results/members.jsonl
B2C_incremental_rule,paired244-devext-09060772f27998b093caaea7,R_FULL,not_cross_validation,3,frozen_App_atoms_plus_C1,b2b42,selection,family:Browser_timezone,intervention_trigger,2,2,2,0,0,0,2,,,deliverables/prepaper_evidence_closeout_v1/results/predictions.jsonl,deliverables/prepaper_evidence_closeout_v1/results/members.jsonl
B2C_incremental_rule,paired244-devext-09060772f27998b093caaea7,R_FULL,not_cross_validation,3,frozen_App_atoms_plus_C1,b2b42,selection,normal_browser_preference_change,normal_alarm,0,2,0,2,0,0,2,,,deliverables/prepaper_evidence_closeout_v1/results/predictions.jsonl,deliverables/prepaper_evidence_closeout_v1/results/members.jsonl
B2C_incremental_rule,paired244-devext-09060772f27998b093caaea7,R_FULL,not_cross_validation,3,frozen_App_atoms_plus_C1,mtc_development,historical_evaluation,NORMAL,normal_alarm,0,144,0,133,11,0,133,,,deliverables/prepaper_evidence_closeout_v1/results/predictions.jsonl,deliverables/prepaper_evidence_closeout_v1/results/members.jsonl
B2C_incremental_rule,paired244-devext-09060772f27998b093caaea7,R_FULL,not_cross_validation,3,frozen_App_atoms_plus_C1,mtc_discovery,selection,NORMAL,normal_alarm,0,630,0,567,63,0,567,,,deliverables/prepaper_evidence_closeout_v1/results/predictions.jsonl,deliverables/prepaper_evidence_closeout_v1/results/members.jsonl
B2C_incremental_rule,paired244-devext-09060772f27998b093caaea7,R_FULL,not_cross_validation,3,frozen_App_atoms_plus_C1,mtc_reserved_validation,historical_evaluation,NORMAL,normal_alarm,0,117,0,111,6,0,111,,,deliverables/prepaper_evidence_closeout_v1/results/predictions.jsonl,deliverables/prepaper_evidence_closeout_v1/results/members.jsonl
B2C_incremental_rule,paired244-devext-09060772f27998b093caaea7,R_FULL,not_cross_validation,3,frozen_App_atoms_plus_C1,pilot18,selection,EFFECTIVE_INTERVENTION,intervention_trigger,3,6,3,3,0,0,6,,,deliverables/prepaper_evidence_closeout_v1/results/predictions.jsonl,deliverables/prepaper_evidence_closeout_v1/results/members.jsonl
B2C_incremental_rule,paired244-devext-09060772f27998b093caaea7,R_FULL,not_cross_validation,3,frozen_App_atoms_plus_C1,pilot18,selection,NORMAL,normal_alarm,0,12,0,12,0,0,12,,,deliverables/prepaper_evidence_closeout_v1/results/predictions.jsonl,deliverables/prepaper_evidence_closeout_v1/results/members.jsonl
B2C_incremental_rule,paired244-devext-09060772f27998b093caaea7,R_FULL,not_cross_validation,3,frozen_App_atoms_plus_C1,pilot18,selection,family:Browser_language,intervention_trigger,0,3,0,3,0,0,3,,,deliverables/prepaper_evidence_closeout_v1/results/predictions.jsonl,deliverables/prepaper_evidence_closeout_v1/results/members.jsonl
B2C_incremental_rule,paired244-devext-09060772f27998b093caaea7,R_FULL,not_cross_validation,3,frozen_App_atoms_plus_C1,pilot18,selection,family:Browser_timezone,intervention_trigger,3,3,3,0,0,0,3,,,deliverables/prepaper_evidence_closeout_v1/results/predictions.jsonl,deliverables/prepaper_evidence_closeout_v1/results/members.jsonl
B2C_incremental_rule,paired244-devext-09060772f27998b093caaea7,R_FULL,not_cross_validation,3,frozen_App_atoms_plus_C1,small_development60,selection,NORMAL,normal_alarm,0,46,0,46,0,0,46,,,deliverables/prepaper_evidence_closeout_v1/results/predictions.jsonl,deliverables/prepaper_evidence_closeout_v1/results/members.jsonl
B2C_incremental_rule,paired244-devext-09060772f27998b093caaea7,R_FULL,not_cross_validation,3,frozen_App_atoms_plus_C1,small_development60,selection,EFFECTIVE_INTERVENTION,intervention_trigger,7,14,7,7,0,0,14,,,deliverables/prepaper_evidence_closeout_v1/results/predictions.jsonl,deliverables/prepaper_evidence_closeout_v1/results/members.jsonl
B2C_incremental_rule,paired244-devext-09060772f27998b093caaea7,R_FULL,not_cross_validation,3,frozen_App_atoms_plus_C1,small_development60,selection,family:App_language,intervention_trigger,0,2,0,2,0,0,2,,,deliverables/prepaper_evidence_closeout_v1/results/predictions.jsonl,deliverables/prepaper_evidence_closeout_v1/results/members.jsonl
B2C_incremental_rule,paired244-devext-09060772f27998b093caaea7,R_FULL,not_cross_validation,3,frozen_App_atoms_plus_C1,small_development60,selection,family:App_timezone,intervention_trigger,2,2,2,0,0,0,2,,,deliverables/prepaper_evidence_closeout_v1/results/predictions.jsonl,deliverables/prepaper_evidence_closeout_v1/results/members.jsonl
B2C_incremental_rule,paired244-devext-09060772f27998b093caaea7,R_FULL,not_cross_validation,3,frozen_App_atoms_plus_C1,small_development60,selection,family:Browser_language,intervention_trigger,0,5,0,5,0,0,5,,,deliverables/prepaper_evidence_closeout_v1/results/predictions.jsonl,deliverables/prepaper_evidence_closeout_v1/results/members.jsonl
B2C_incremental_rule,paired244-devext-09060772f27998b093caaea7,R_FULL,not_cross_validation,3,frozen_App_atoms_plus_C1,small_development60,selection,family:Browser_timezone,intervention_trigger,5,5,5,0,0,0,5,,,deliverables/prepaper_evidence_closeout_v1/results/predictions.jsonl,deliverables/prepaper_evidence_closeout_v1/results/members.jsonl
B2C_incremental_rule,paired244-ablation-9d8a02e4a70536477fd53533,R_NO_CROSS,not_cross_validation,3,frozen_App_atoms_plus_no_cross,b2b42,selection,EFFECTIVE_INTERVENTION,intervention_trigger,2,8,2,6,0,0,8,,,deliverables/prepaper_evidence_closeout_v1/results/predictions.jsonl,deliverables/prepaper_evidence_closeout_v1/results/members.jsonl
B2C_incremental_rule,paired244-ablation-9d8a02e4a70536477fd53533,R_NO_CROSS,not_cross_validation,3,frozen_App_atoms_plus_no_cross,b2b42,selection,NORMAL,normal_alarm,0,34,0,34,0,0,34,,,deliverables/prepaper_evidence_closeout_v1/results/predictions.jsonl,deliverables/prepaper_evidence_closeout_v1/results/members.jsonl
B2C_incremental_rule,paired244-ablation-9d8a02e4a70536477fd53533,R_NO_CROSS,not_cross_validation,3,frozen_App_atoms_plus_no_cross,b2b42,selection,family:App_language,intervention_trigger,0,2,0,2,0,0,2,,,deliverables/prepaper_evidence_closeout_v1/results/predictions.jsonl,deliverables/prepaper_evidence_closeout_v1/results/members.jsonl
B2C_incremental_rule,paired244-ablation-9d8a02e4a70536477fd53533,R_NO_CROSS,not_cross_validation,3,frozen_App_atoms_plus_no_cross,b2b42,selection,family:App_timezone,intervention_trigger,2,2,2,0,0,0,2,,,deliverables/prepaper_evidence_closeout_v1/results/predictions.jsonl,deliverables/prepaper_evidence_closeout_v1/results/members.jsonl
B2C_incremental_rule,paired244-ablation-9d8a02e4a70536477fd53533,R_NO_CROSS,not_cross_validation,3,frozen_App_atoms_plus_no_cross,b2b42,selection,family:Browser_language,intervention_trigger,0,2,0,2,0,0,2,,,deliverables/prepaper_evidence_closeout_v1/results/predictions.jsonl,deliverables/prepaper_evidence_closeout_v1/results/members.jsonl
B2C_incremental_rule,paired244-ablation-9d8a02e4a70536477fd53533,R_NO_CROSS,not_cross_validation,3,frozen_App_atoms_plus_no_cross,b2b42,selection,family:Browser_timezone,intervention_trigger,0,2,0,2,0,0,2,,,deliverables/prepaper_evidence_closeout_v1/results/predictions.jsonl,deliverables/prepaper_evidence_closeout_v1/results/members.jsonl
B2C_incremental_rule,paired244-ablation-9d8a02e4a70536477fd53533,R_NO_CROSS,not_cross_validation,3,frozen_App_atoms_plus_no_cross,b2b42,selection,normal_browser_preference_change,normal_alarm,0,2,0,2,0,0,2,,,deliverables/prepaper_evidence_closeout_v1/results/predictions.jsonl,deliverables/prepaper_evidence_closeout_v1/results/members.jsonl
B2C_incremental_rule,paired244-ablation-9d8a02e4a70536477fd53533,R_NO_CROSS,not_cross_validation,3,frozen_App_atoms_plus_no_cross,mtc_development,historical_evaluation,NORMAL,normal_alarm,0,144,0,136,8,0,136,,,deliverables/prepaper_evidence_closeout_v1/results/predictions.jsonl,deliverables/prepaper_evidence_closeout_v1/results/members.jsonl
B2C_incremental_rule,paired244-ablation-9d8a02e4a70536477fd53533,R_NO_CROSS,not_cross_validation,3,frozen_App_atoms_plus_no_cross,mtc_discovery,selection,NORMAL,normal_alarm,0,630,0,579,51,0,579,,,deliverables/prepaper_evidence_closeout_v1/results/predictions.jsonl,deliverables/prepaper_evidence_closeout_v1/results/members.jsonl
B2C_incremental_rule,paired244-ablation-9d8a02e4a70536477fd53533,R_NO_CROSS,not_cross_validation,3,frozen_App_atoms_plus_no_cross,mtc_reserved_validation,historical_evaluation,NORMAL,normal_alarm,0,117,0,111,6,0,111,,,deliverables/prepaper_evidence_closeout_v1/results/predictions.jsonl,deliverables/prepaper_evidence_closeout_v1/results/members.jsonl
B2C_incremental_rule,paired244-ablation-9d8a02e4a70536477fd53533,R_NO_CROSS,not_cross_validation,3,frozen_App_atoms_plus_no_cross,pilot18,selection,EFFECTIVE_INTERVENTION,intervention_trigger,0,6,0,6,0,0,6,,,deliverables/prepaper_evidence_closeout_v1/results/predictions.jsonl,deliverables/prepaper_evidence_closeout_v1/results/members.jsonl
B2C_incremental_rule,paired244-ablation-9d8a02e4a70536477fd53533,R_NO_CROSS,not_cross_validation,3,frozen_App_atoms_plus_no_cross,pilot18,selection,NORMAL,normal_alarm,0,12,0,12,0,0,12,,,deliverables/prepaper_evidence_closeout_v1/results/predictions.jsonl,deliverables/prepaper_evidence_closeout_v1/results/members.jsonl
B2C_incremental_rule,paired244-ablation-9d8a02e4a70536477fd53533,R_NO_CROSS,not_cross_validation,3,frozen_App_atoms_plus_no_cross,pilot18,selection,family:Browser_language,intervention_trigger,0,3,0,3,0,0,3,,,deliverables/prepaper_evidence_closeout_v1/results/predictions.jsonl,deliverables/prepaper_evidence_closeout_v1/results/members.jsonl
B2C_incremental_rule,paired244-ablation-9d8a02e4a70536477fd53533,R_NO_CROSS,not_cross_validation,3,frozen_App_atoms_plus_no_cross,pilot18,selection,family:Browser_timezone,intervention_trigger,0,3,0,3,0,0,3,,,deliverables/prepaper_evidence_closeout_v1/results/predictions.jsonl,deliverables/prepaper_evidence_closeout_v1/results/members.jsonl
B2C_incremental_rule,paired244-ablation-9d8a02e4a70536477fd53533,R_NO_CROSS,not_cross_validation,3,frozen_App_atoms_plus_no_cross,small_development60,selection,NORMAL,normal_alarm,0,46,0,46,0,0,46,,,deliverables/prepaper_evidence_closeout_v1/results/predictions.jsonl,deliverables/prepaper_evidence_closeout_v1/results/members.jsonl
B2C_incremental_rule,paired244-ablation-9d8a02e4a70536477fd53533,R_NO_CROSS,not_cross_validation,3,frozen_App_atoms_plus_no_cross,small_development60,selection,EFFECTIVE_INTERVENTION,intervention_trigger,2,14,2,12,0,0,14,,,deliverables/prepaper_evidence_closeout_v1/results/predictions.jsonl,deliverables/prepaper_evidence_closeout_v1/results/members.jsonl
B2C_incremental_rule,paired244-ablation-9d8a02e4a70536477fd53533,R_NO_CROSS,not_cross_validation,3,frozen_App_atoms_plus_no_cross,small_development60,selection,family:App_language,intervention_trigger,0,2,0,2,0,0,2,,,deliverables/prepaper_evidence_closeout_v1/results/predictions.jsonl,deliverables/prepaper_evidence_closeout_v1/results/members.jsonl
B2C_incremental_rule,paired244-ablation-9d8a02e4a70536477fd53533,R_NO_CROSS,not_cross_validation,3,frozen_App_atoms_plus_no_cross,small_development60,selection,family:App_timezone,intervention_trigger,2,2,2,0,0,0,2,,,deliverables/prepaper_evidence_closeout_v1/results/predictions.jsonl,deliverables/prepaper_evidence_closeout_v1/results/members.jsonl
B2C_incremental_rule,paired244-ablation-9d8a02e4a70536477fd53533,R_NO_CROSS,not_cross_validation,3,frozen_App_atoms_plus_no_cross,small_development60,selection,family:Browser_language,intervention_trigger,0,5,0,5,0,0,5,,,deliverables/prepaper_evidence_closeout_v1/results/predictions.jsonl,deliverables/prepaper_evidence_closeout_v1/results/members.jsonl
B2C_incremental_rule,paired244-ablation-9d8a02e4a70536477fd53533,R_NO_CROSS,not_cross_validation,3,frozen_App_atoms_plus_no_cross,small_development60,selection,family:Browser_timezone,intervention_trigger,0,5,0,5,0,0,5,,,deliverables/prepaper_evidence_closeout_v1/results/predictions.jsonl,deliverables/prepaper_evidence_closeout_v1/results/members.jsonl
B2C_incremental_rule,paired244-ablation-72c97dc4caa5ca522f817bb7,R_NO_MATCHED_NORMAL_CAP,not_cross_validation,3,frozen_App_atoms_plus_C2,b2b42,selection,EFFECTIVE_INTERVENTION,intervention_trigger,6,8,6,2,0,0,8,,,deliverables/prepaper_evidence_closeout_v1/results/predictions.jsonl,deliverables/prepaper_evidence_closeout_v1/results/members.jsonl
B2C_incremental_rule,paired244-ablation-72c97dc4caa5ca522f817bb7,R_NO_MATCHED_NORMAL_CAP,not_cross_validation,3,frozen_App_atoms_plus_C2,b2b42,selection,NORMAL,normal_alarm,2,34,2,32,0,0,34,,,deliverables/prepaper_evidence_closeout_v1/results/predictions.jsonl,deliverables/prepaper_evidence_closeout_v1/results/members.jsonl
B2C_incremental_rule,paired244-ablation-72c97dc4caa5ca522f817bb7,R_NO_MATCHED_NORMAL_CAP,not_cross_validation,3,frozen_App_atoms_plus_C2,b2b42,selection,family:App_language,intervention_trigger,2,2,2,0,0,0,2,,,deliverables/prepaper_evidence_closeout_v1/results/predictions.jsonl,deliverables/prepaper_evidence_closeout_v1/results/members.jsonl
B2C_incremental_rule,paired244-ablation-72c97dc4caa5ca522f817bb7,R_NO_MATCHED_NORMAL_CAP,not_cross_validation,3,frozen_App_atoms_plus_C2,b2b42,selection,family:App_timezone,intervention_trigger,2,2,2,0,0,0,2,,,deliverables/prepaper_evidence_closeout_v1/results/predictions.jsonl,deliverables/prepaper_evidence_closeout_v1/results/members.jsonl
B2C_incremental_rule,paired244-ablation-72c97dc4caa5ca522f817bb7,R_NO_MATCHED_NORMAL_CAP,not_cross_validation,3,frozen_App_atoms_plus_C2,b2b42,selection,family:Browser_language,intervention_trigger,2,2,2,0,0,0,2,,,deliverables/prepaper_evidence_closeout_v1/results/predictions.jsonl,deliverables/prepaper_evidence_closeout_v1/results/members.jsonl
B2C_incremental_rule,paired244-ablation-72c97dc4caa5ca522f817bb7,R_NO_MATCHED_NORMAL_CAP,not_cross_validation,3,frozen_App_atoms_plus_C2,b2b42,selection,family:Browser_timezone,intervention_trigger,0,2,0,2,0,0,2,,,deliverables/prepaper_evidence_closeout_v1/results/predictions.jsonl,deliverables/prepaper_evidence_closeout_v1/results/members.jsonl
B2C_incremental_rule,paired244-ablation-72c97dc4caa5ca522f817bb7,R_NO_MATCHED_NORMAL_CAP,not_cross_validation,3,frozen_App_atoms_plus_C2,b2b42,selection,normal_browser_preference_change,normal_alarm,2,2,2,0,0,0,2,,,deliverables/prepaper_evidence_closeout_v1/results/predictions.jsonl,deliverables/prepaper_evidence_closeout_v1/results/members.jsonl
B2C_incremental_rule,paired244-ablation-72c97dc4caa5ca522f817bb7,R_NO_MATCHED_NORMAL_CAP,not_cross_validation,3,frozen_App_atoms_plus_C2,mtc_development,historical_evaluation,NORMAL,normal_alarm,1,144,1,135,8,0,136,,,deliverables/prepaper_evidence_closeout_v1/results/predictions.jsonl,deliverables/prepaper_evidence_closeout_v1/results/members.jsonl
B2C_incremental_rule,paired244-ablation-72c97dc4caa5ca522f817bb7,R_NO_MATCHED_NORMAL_CAP,not_cross_validation,3,frozen_App_atoms_plus_C2,mtc_discovery,selection,NORMAL,normal_alarm,0,630,0,578,52,0,578,,,deliverables/prepaper_evidence_closeout_v1/results/predictions.jsonl,deliverables/prepaper_evidence_closeout_v1/results/members.jsonl
B2C_incremental_rule,paired244-ablation-72c97dc4caa5ca522f817bb7,R_NO_MATCHED_NORMAL_CAP,not_cross_validation,3,frozen_App_atoms_plus_C2,mtc_reserved_validation,historical_evaluation,NORMAL,normal_alarm,0,117,0,111,6,0,111,,,deliverables/prepaper_evidence_closeout_v1/results/predictions.jsonl,deliverables/prepaper_evidence_closeout_v1/results/members.jsonl
B2C_incremental_rule,paired244-ablation-72c97dc4caa5ca522f817bb7,R_NO_MATCHED_NORMAL_CAP,not_cross_validation,3,frozen_App_atoms_plus_C2,pilot18,selection,EFFECTIVE_INTERVENTION,intervention_trigger,3,6,3,3,0,0,6,,,deliverables/prepaper_evidence_closeout_v1/results/predictions.jsonl,deliverables/prepaper_evidence_closeout_v1/results/members.jsonl
B2C_incremental_rule,paired244-ablation-72c97dc4caa5ca522f817bb7,R_NO_MATCHED_NORMAL_CAP,not_cross_validation,3,frozen_App_atoms_plus_C2,pilot18,selection,NORMAL,normal_alarm,0,12,0,12,0,0,12,,,deliverables/prepaper_evidence_closeout_v1/results/predictions.jsonl,deliverables/prepaper_evidence_closeout_v1/results/members.jsonl
B2C_incremental_rule,paired244-ablation-72c97dc4caa5ca522f817bb7,R_NO_MATCHED_NORMAL_CAP,not_cross_validation,3,frozen_App_atoms_plus_C2,pilot18,selection,family:Browser_language,intervention_trigger,3,3,3,0,0,0,3,,,deliverables/prepaper_evidence_closeout_v1/results/predictions.jsonl,deliverables/prepaper_evidence_closeout_v1/results/members.jsonl
B2C_incremental_rule,paired244-ablation-72c97dc4caa5ca522f817bb7,R_NO_MATCHED_NORMAL_CAP,not_cross_validation,3,frozen_App_atoms_plus_C2,pilot18,selection,family:Browser_timezone,intervention_trigger,0,3,0,3,0,0,3,,,deliverables/prepaper_evidence_closeout_v1/results/predictions.jsonl,deliverables/prepaper_evidence_closeout_v1/results/members.jsonl
B2C_incremental_rule,paired244-ablation-72c97dc4caa5ca522f817bb7,R_NO_MATCHED_NORMAL_CAP,not_cross_validation,3,frozen_App_atoms_plus_C2,small_development60,selection,NORMAL,normal_alarm,2,46,2,44,0,0,46,,,deliverables/prepaper_evidence_closeout_v1/results/predictions.jsonl,deliverables/prepaper_evidence_closeout_v1/results/members.jsonl
B2C_incremental_rule,paired244-ablation-72c97dc4caa5ca522f817bb7,R_NO_MATCHED_NORMAL_CAP,not_cross_validation,3,frozen_App_atoms_plus_C2,small_development60,selection,EFFECTIVE_INTERVENTION,intervention_trigger,9,14,9,5,0,0,14,,,deliverables/prepaper_evidence_closeout_v1/results/predictions.jsonl,deliverables/prepaper_evidence_closeout_v1/results/members.jsonl
B2C_incremental_rule,paired244-ablation-72c97dc4caa5ca522f817bb7,R_NO_MATCHED_NORMAL_CAP,not_cross_validation,3,frozen_App_atoms_plus_C2,small_development60,selection,family:App_language,intervention_trigger,2,2,2,0,0,0,2,,,deliverables/prepaper_evidence_closeout_v1/results/predictions.jsonl,deliverables/prepaper_evidence_closeout_v1/results/members.jsonl
B2C_incremental_rule,paired244-ablation-72c97dc4caa5ca522f817bb7,R_NO_MATCHED_NORMAL_CAP,not_cross_validation,3,frozen_App_atoms_plus_C2,small_development60,selection,family:App_timezone,intervention_trigger,2,2,2,0,0,0,2,,,deliverables/prepaper_evidence_closeout_v1/results/predictions.jsonl,deliverables/prepaper_evidence_closeout_v1/results/members.jsonl
B2C_incremental_rule,paired244-ablation-72c97dc4caa5ca522f817bb7,R_NO_MATCHED_NORMAL_CAP,not_cross_validation,3,frozen_App_atoms_plus_C2,small_development60,selection,family:Browser_language,intervention_trigger,5,5,5,0,0,0,5,,,deliverables/prepaper_evidence_closeout_v1/results/predictions.jsonl,deliverables/prepaper_evidence_closeout_v1/results/members.jsonl
B2C_incremental_rule,paired244-ablation-72c97dc4caa5ca522f817bb7,R_NO_MATCHED_NORMAL_CAP,not_cross_validation,3,frozen_App_atoms_plus_C2,small_development60,selection,family:Browser_timezone,intervention_trigger,0,5,0,5,0,0,5,,,deliverables/prepaper_evidence_closeout_v1/results/predictions.jsonl,deliverables/prepaper_evidence_closeout_v1/results/members.jsonl
