kind,id,cohort,group,n,T,F,U,FAILED,evaluable_fraction,deviation_per_planned,deviation_per_evaluable
model,mtc-rel-tz-4ae67bb9da899cc419dd525f,pilot,language_fr,3,0,3,0,0,3/3,0/3,0/3
model,mtc-rel-tz-4ae67bb9da899cc419dd525f,pilot,normal,12,0,12,0,0,12/12,0/12,0/12
model,mtc-rel-tz-4ae67bb9da899cc419dd525f,pilot,timezone_tokyo,3,0,3,0,0,3/3,0/3,0/3
model,mtc-rel-tz-6e10284c39b1b601ab406240,pilot,language_fr,3,0,3,0,0,3/3,0/3,0/3
model,mtc-rel-tz-6e10284c39b1b601ab406240,pilot,normal,12,0,12,0,0,12/12,0/12,0/12
model,mtc-rel-tz-6e10284c39b1b601ab406240,pilot,timezone_tokyo,3,0,3,0,0,3/3,0/3,0/3
model,mtc-rel-tz-9c5fa0e310ba10a00e520b1c,pilot,language_fr,3,0,3,0,0,3/3,0/3,0/3
model,mtc-rel-tz-9c5fa0e310ba10a00e520b1c,pilot,normal,12,0,12,0,0,12/12,0/12,0/12
model,mtc-rel-tz-9c5fa0e310ba10a00e520b1c,pilot,timezone_tokyo,3,0,3,0,0,3/3,0/3,0/3
condition,C1,mtc,development,144,0,140,4,0,140/144,0/144,0/140
condition,C1,mtc,discovery,630,0,610,20,0,610/630,0/630,0/610
condition,C1,mtc,reserved_validation,117,0,116,1,0,116/117,0/117,0/116
condition,C1,pilot,language_fr,3,0,3,0,0,3/3,0/3,0/3
condition,C1,pilot,normal,12,0,12,0,0,12/12,0/12,0/12
condition,C1,pilot,timezone_tokyo,3,3,0,0,0,3/3,3/3,3/3
condition,C2,mtc,development,144,1,143,0,0,144/144,1/144,1/144
condition,C2,mtc,discovery,630,0,629,1,0,629/630,0/630,0/629
condition,C2,mtc,reserved_validation,117,0,117,0,0,117/117,0/117,0/117
condition,C2,pilot,language_fr,3,3,0,0,0,3/3,3/3,3/3
condition,C2,pilot,normal,12,0,12,0,0,12/12,0/12,0/12
condition,C2,pilot,timezone_tokyo,3,0,3,0,0,3/3,0/3,0/3
condition,C3,mtc,development,144,1,143,0,0,144/144,1/144,1/144
condition,C3,mtc,discovery,630,0,629,1,0,629/630,0/630,0/629
condition,C3,mtc,reserved_validation,117,0,117,0,0,117/117,0/117,0/117
condition,C3,pilot,language_fr,3,3,0,0,0,3/3,3/3,3/3
condition,C3,pilot,normal,12,0,12,0,0,12/12,0/12,0/12
condition,C3,pilot,timezone_tokyo,3,0,3,0,0,3/3,0/3,0/3
condition,D1,mtc,development,144,30,114,0,0,144/144,30/144,30/144
condition,D1,mtc,discovery,630,144,486,0,0,630/630,144/630,144/630
condition,D1,mtc,reserved_validation,117,20,97,0,0,117/117,20/117,20/117
condition,D1,pilot,language_fr,3,3,0,0,0,3/3,3/3,3/3
condition,D1,pilot,normal,12,12,0,0,0,12/12,12/12,12/12
condition,D1,pilot,timezone_tokyo,3,3,0,0,0,3/3,3/3,3/3
condition,D2,mtc,development,144,0,143,1,0,143/144,0/144,0/143
condition,D2,mtc,discovery,630,0,625,5,0,625/630,0/630,0/625
condition,D2,mtc,reserved_validation,117,0,117,0,0,117/117,0/117,0/117
condition,D2,pilot,language_fr,3,0,3,0,0,3/3,0/3,0/3
condition,D2,pilot,normal,12,0,12,0,0,12/12,0/12,0/12
condition,D2,pilot,timezone_tokyo,3,0,3,0,0,3/3,0/3,0/3
