field_id,field_group,repository_field,raw_api,project_type_units_normalization,collection_scope,candidate_atom_or_relation,final_selected_rule,local_source_ids,collection_caveat,runtime_validation,official_semantics,normal_mechanism_A,normal_mechanism_B,normal_mechanism_C,normal_mechanism_D,official_scope,platform_version,evidence_strength,relations_supported,relations_not_established,source_ids,app_evidence_ids
F01,UA_PLATFORM,app.web_data.navigator_layer.user_agent,navigator.userAgent,string -> _ua_class; lowercase substring priority,当前JS realm与其WebView,CAT:NW-006; OFFDER-UA-001; NW-001/NW-002; UA DEFAULT/SETTINGS,W01;C01,"[""LOC-008"",""LOC-014"",""LOC-015"",""LOC-016""]",HTTP请求UA另有拦截/重写层，不由该字段直接采集。,NOT_PERFORMED,HTTP UA是请求发起软件标识；Web UA是执行环境默认UA；Host默认UA与当前WebView settings UA是不同对象；platform独立取平台/兼容/冻结值。Java http.agent仅为System属性读口，不能由本层资料推断它是WebView实际请求头。,App可对特定WebView整串替换/追加UA；HTTP库可按请求配置UA，但需App调用证据。,框架可封装并在初始化调用setter，是否默认由框架/应用分别核实。,系统、设备、WebView版本参与默认串；平台字符串可能从uname或兼容冻结分支来。,UA、platform是兼容标识；133 WebView UA reduction开关源码默认禁用，不应套desktop默认。,WebSettings/页面执行环境/网络请求分别限定；同App多个WebView可不同。,V2关联83/124/133；链路详查133.0.6943.137；最新API另列,"[""ENGINE_IMPLEMENTATION_SUPPORTED""]","[""default UA可以不等于当前实例UA。"",""133 UA setter→mUserAgent→WebContents UA override；platform getter走独立设置/平台路径。"",""133默认WebView UA构建有wv与Version/4.0；应用覆盖可能改写这些标识。""]","[""UA整串变化不证明navigator.platform随之变化。"",""Java http.agent、HTTP库UA、WebView请求UA不能无条件相等。"",""存在可选桌面/兼容分支不证明所有正常App默认启用，也未证明当前项目会触发。""]","[""LOC-008"",""LOC-014"",""LOC-015"",""LOC-016"",""OFF-001"",""OFF-002"",""OFF-013"",""OFF-014"",""OFF-015"",""OFF-016"",""OFF-017"",""OFF-018"",""OFF-019"",""OFF-040"",""OFF-041"",""OFF-042"",""OFF-046""]","[""A-009"",""A-010"",""A-011"",""B-001"",""B-008""]"
F02,UA_PLATFORM,app.web_data.navigator_layer.platform,"navigator.platform || """"",string -> _platform_class；Linux含x86不直接判desktop,JS realm/engine platform,CAT:NW-006; OFFDER-UA-001,W01;C01,"[""LOC-008"",""LOC-014""]",不能从UA整串覆盖推定platform随动。,NOT_PERFORMED,HTTP UA是请求发起软件标识；Web UA是执行环境默认UA；Host默认UA与当前WebView settings UA是不同对象；platform独立取平台/兼容/冻结值。Java http.agent仅为System属性读口，不能由本层资料推断它是WebView实际请求头。,App可对特定WebView整串替换/追加UA；HTTP库可按请求配置UA，但需App调用证据。,框架可封装并在初始化调用setter，是否默认由框架/应用分别核实。,系统、设备、WebView版本参与默认串；平台字符串可能从uname或兼容冻结分支来。,UA、platform是兼容标识；133 WebView UA reduction开关源码默认禁用，不应套desktop默认。,WebSettings/页面执行环境/网络请求分别限定；同App多个WebView可不同。,V2关联83/124/133；链路详查133.0.6943.137；最新API另列,"[""ENGINE_IMPLEMENTATION_SUPPORTED""]","[""default UA可以不等于当前实例UA。"",""133 UA setter→mUserAgent→WebContents UA override；platform getter走独立设置/平台路径。"",""133默认WebView UA构建有wv与Version/4.0；应用覆盖可能改写这些标识。""]","[""UA整串变化不证明navigator.platform随之变化。"",""Java http.agent、HTTP库UA、WebView请求UA不能无条件相等。"",""存在可选桌面/兼容分支不证明所有正常App默认启用，也未证明当前项目会触发。""]","[""LOC-008"",""LOC-014"",""OFF-001"",""OFF-002"",""OFF-013"",""OFF-014"",""OFF-015"",""OFF-016"",""OFF-017"",""OFF-018"",""OFF-019"",""OFF-040"",""OFF-041"",""OFF-042"",""OFF-046""]","[""B-001"",""A-019""]"
F03,UA_PLATFORM,app.webview_data.kernel_container_layer.default_ua_native,WebSettings.getDefaultUserAgent(context),默认UA string,默认配置API,OFFDER-UA-002;P3-UA-DEFAULT,NOT_SELECTED,"[""LOC-007""]",不是当前实例settings，也不是Native不可变真值。,NOT_PERFORMED,HTTP UA是请求发起软件标识；Web UA是执行环境默认UA；Host默认UA与当前WebView settings UA是不同对象；platform独立取平台/兼容/冻结值。Java http.agent仅为System属性读口，不能由本层资料推断它是WebView实际请求头。,App可对特定WebView整串替换/追加UA；HTTP库可按请求配置UA，但需App调用证据。,框架可封装并在初始化调用setter，是否默认由框架/应用分别核实。,系统、设备、WebView版本参与默认串；平台字符串可能从uname或兼容冻结分支来。,UA、platform是兼容标识；133 WebView UA reduction开关源码默认禁用，不应套desktop默认。,WebSettings/页面执行环境/网络请求分别限定；同App多个WebView可不同。,V2关联83/124/133；链路详查133.0.6943.137；最新API另列,"[""ENGINE_IMPLEMENTATION_SUPPORTED""]","[""default UA可以不等于当前实例UA。"",""133 UA setter→mUserAgent→WebContents UA override；platform getter走独立设置/平台路径。"",""133默认WebView UA构建有wv与Version/4.0；应用覆盖可能改写这些标识。""]","[""UA整串变化不证明navigator.platform随之变化。"",""Java http.agent、HTTP库UA、WebView请求UA不能无条件相等。"",""存在可选桌面/兼容分支不证明所有正常App默认启用，也未证明当前项目会触发。""]","[""LOC-007"",""OFF-001"",""OFF-002"",""OFF-013"",""OFF-014"",""OFF-015"",""OFF-016"",""OFF-017"",""OFF-018"",""OFF-019"",""OFF-040"",""OFF-041"",""OFF-042"",""OFF-046""]","[""A-009"",""B-008""]"
F04,UA_PLATFORM,app.webview_data.webview_settings_layer.settings_user_agent,webView.settings.userAgentString,string；先拍快照再由bridge返回,单WebView在configure时的快照,P3-UA-SETTINGS,NOT_SELECTED,"[""LOC-027"",""LOC-011"",""LOC-012"",""LOC-029""]",当前设置和稍后网页值须同实例/时序；不能因有settings字段就视为同时采集。,NOT_PERFORMED,HTTP UA是请求发起软件标识；Web UA是执行环境默认UA；Host默认UA与当前WebView settings UA是不同对象；platform独立取平台/兼容/冻结值。Java http.agent仅为System属性读口，不能由本层资料推断它是WebView实际请求头。,App可对特定WebView整串替换/追加UA；HTTP库可按请求配置UA，但需App调用证据。,框架可封装并在初始化调用setter，是否默认由框架/应用分别核实。,系统、设备、WebView版本参与默认串；平台字符串可能从uname或兼容冻结分支来。,UA、platform是兼容标识；133 WebView UA reduction开关源码默认禁用，不应套desktop默认。,WebSettings/页面执行环境/网络请求分别限定；同App多个WebView可不同。,V2关联83/124/133；链路详查133.0.6943.137；最新API另列,"[""ENGINE_IMPLEMENTATION_SUPPORTED""]","[""default UA可以不等于当前实例UA。"",""133 UA setter→mUserAgent→WebContents UA override；platform getter走独立设置/平台路径。"",""133默认WebView UA构建有wv与Version/4.0；应用覆盖可能改写这些标识。""]","[""UA整串变化不证明navigator.platform随之变化。"",""Java http.agent、HTTP库UA、WebView请求UA不能无条件相等。"",""存在可选桌面/兼容分支不证明所有正常App默认启用，也未证明当前项目会触发。""]","[""LOC-011"",""LOC-012"",""LOC-027"",""LOC-029"",""OFF-001"",""OFF-002"",""OFF-013"",""OFF-014"",""OFF-015"",""OFF-016"",""OFF-017"",""OFF-018"",""OFF-019"",""OFF-040"",""OFF-041"",""OFF-042"",""OFF-046""]","[""A-009"",""A-011"",""B-001""]"
F05,UA_PLATFORM,app.webview_data.kernel_container_layer.system_http_agent,"System.getProperty(""http.agent"")",JVM属性string；采集无实际HTTP请求,进程Java网络默认属性,NVW-001;NVW-002/OFFDER-OS-002,NOT_SELECTED,"[""LOC-007"",""LOC-016""]",不是WebView请求头、不是所有网络库实际UA。,NOT_PERFORMED,HTTP UA是请求发起软件标识；Web UA是执行环境默认UA；Host默认UA与当前WebView settings UA是不同对象；platform独立取平台/兼容/冻结值。Java http.agent仅为System属性读口，不能由本层资料推断它是WebView实际请求头。,App可对特定WebView整串替换/追加UA；HTTP库可按请求配置UA，但需App调用证据。,框架可封装并在初始化调用setter，是否默认由框架/应用分别核实。,系统、设备、WebView版本参与默认串；平台字符串可能从uname或兼容冻结分支来。,UA、platform是兼容标识；133 WebView UA reduction开关源码默认禁用，不应套desktop默认。,WebSettings/页面执行环境/网络请求分别限定；同App多个WebView可不同。,V2关联83/124/133；链路详查133.0.6943.137；最新API另列,"[""ENGINE_IMPLEMENTATION_SUPPORTED""]","[""default UA可以不等于当前实例UA。"",""133 UA setter→mUserAgent→WebContents UA override；platform getter走独立设置/平台路径。"",""133默认WebView UA构建有wv与Version/4.0；应用覆盖可能改写这些标识。""]","[""UA整串变化不证明navigator.platform随之变化。"",""Java http.agent、HTTP库UA、WebView请求UA不能无条件相等。"",""存在可选桌面/兼容分支不证明所有正常App默认启用，也未证明当前项目会触发。""]","[""LOC-007"",""LOC-016"",""OFF-001"",""OFF-002"",""OFF-013"",""OFF-014"",""OFF-015"",""OFF-016"",""OFF-017"",""OFF-018"",""OFF-019"",""OFF-040"",""OFF-041"",""OFF-042"",""OFF-046""]","[""A-001"",""A-007"",""B-008""]"
F06,UA_PLATFORM,app.android_native_data.build_fingerprint_layer.os_version,Build.VERSION.RELEASE,"""Android ""+RELEASE -> strict_major",Android build,OFFDER-UA-001门控；NW-002/OFFDER-OS-001比较,C01,"[""LOC-006"",""LOC-013"",""LOC-016""]",C0最终未比较该版本与UA里的版本。,NOT_PERFORMED,HTTP UA是请求发起软件标识；Web UA是执行环境默认UA；Host默认UA与当前WebView settings UA是不同对象；platform独立取平台/兼容/冻结值。Java http.agent仅为System属性读口，不能由本层资料推断它是WebView实际请求头。,App可对特定WebView整串替换/追加UA；HTTP库可按请求配置UA，但需App调用证据。,框架可封装并在初始化调用setter，是否默认由框架/应用分别核实。,系统、设备、WebView版本参与默认串；平台字符串可能从uname或兼容冻结分支来。,UA、platform是兼容标识；133 WebView UA reduction开关源码默认禁用，不应套desktop默认。,WebSettings/页面执行环境/网络请求分别限定；同App多个WebView可不同。,V2关联83/124/133；链路详查133.0.6943.137；最新API另列,"[""ENGINE_IMPLEMENTATION_SUPPORTED""]","[""default UA可以不等于当前实例UA。"",""133 UA setter→mUserAgent→WebContents UA override；platform getter走独立设置/平台路径。"",""133默认WebView UA构建有wv与Version/4.0；应用覆盖可能改写这些标识。""]","[""UA整串变化不证明navigator.platform随之变化。"",""Java http.agent、HTTP库UA、WebView请求UA不能无条件相等。"",""存在可选桌面/兼容分支不证明所有正常App默认启用，也未证明当前项目会触发。""]","[""LOC-006"",""LOC-013"",""LOC-016"",""OFF-001"",""OFF-002"",""OFF-013"",""OFF-014"",""OFF-015"",""OFF-016"",""OFF-017"",""OFF-018"",""OFF-019"",""OFF-040"",""OFF-041"",""OFF-042"",""OFF-046""]","[""B-001""]"
F07,LANGUAGE,app.android_native_data.locale_timezone_layer.native_locale;app.android_native_data.locale_timezone_layer.native_language;app.android_native_data.locale_timezone_layer.native_country,Locale.getDefault().toLanguageTag/language/country,tag/primary/region三个string；B仅有限primary parser,进程默认locale,B LANG_PRIMARY/LANG_LIST；单字段control,NOT_SELECTED,"[""LOC-006"",""LOC-022""]",不采Resources.configuration.locales全列表，不是系统所有偏好。,NOT_PERFORMED,Native Locale.getDefault是Java VM默认locale；资源Configuration有上下文列表；语言码、完整locale tag、首选语言和列表不是同一对象。navigator.language是网页languages的首项。,Locale.setDefault可改VM默认；资源context locale改变是另一作用域，是否由用户主动选择需App证据。,133 WebView在构造/attach/config callback读取LocaleList并向native/renderer传播；若locale列表字符串不含en-US子串则附加；检查不是精确token匹配。,系统默认列表、资源可用语言和区域自然不同，默认locale未必列表首项。,BCP47标签含地区/脚本信息；浏览器允许缩减/规范化，列表长度不是用户语言数。,VM默认、Resources上下文、AwContents native全局locale list、renderer页面；网络context共享须另标。,Android LocaleList API24+；133详查；83/124存在同名updateDefaultLocale读取路径但未逐段重新闭合所有中间调用,"[""ENGINE_IMPLEMENTATION_SUPPORTED""]","[""LocaleList.getDefault含Locale.getDefault但未必首项，平台API明确允许正常资源fallback。"",""133：AwContents production构造/attach/config→LocaleUtils.getDefaultLocaleListString→JNI→GetAcceptLangsImpl(不含en-US子串时追加)→renderer prefs→ChromeClientImpl→NavigatorLanguage。"",""在无probe override且不走语言缩减分支时，自动en-US进入navigator.languages；language取其首项。133源码kReduceAcceptLanguage默认禁用。""]","[""仅App UI变了不能证明Web languages变化。"",""Locale.setDefault执行时刻不等于已有所有WebView立即可见的时刻。"",""133源码默认禁用缩减已核实；发布二进制field trial/flag及probe override状态未测，仍不称所有运行时相同。"",""普通系统语言天然差异不等于本任务排除的用户指纹覆盖选项。""]","[""LOC-006"",""LOC-022"",""OFF-002"",""OFF-003"",""OFF-004"",""OFF-005"",""OFF-015"",""OFF-016"",""OFF-019"",""OFF-020"",""OFF-021"",""OFF-022"",""OFF-023"",""OFF-047"",""OFF-048"",""OFF-050""]","[""A-005"",""A-006"",""B-014"",""B-015"",""B-021""]"
F08,LANGUAGE,app.web_data.navigator_layer.language,"navigator.language || """"",string；B有限primary解析,UA暴露给当前realm的首选语言,B LANG_PRIMARY;WEB_LIST,NOT_SELECTED,"[""LOC-008"",""LOC-022""]",HTML lang或UI语言变化不直接证明此字段变化。,NOT_PERFORMED,Native Locale.getDefault是Java VM默认locale；资源Configuration有上下文列表；语言码、完整locale tag、首选语言和列表不是同一对象。navigator.language是网页languages的首项。,Locale.setDefault可改VM默认；资源context locale改变是另一作用域，是否由用户主动选择需App证据。,133 WebView在构造/attach/config callback读取LocaleList并向native/renderer传播；若locale列表字符串不含en-US子串则附加；检查不是精确token匹配。,系统默认列表、资源可用语言和区域自然不同，默认locale未必列表首项。,BCP47标签含地区/脚本信息；浏览器允许缩减/规范化，列表长度不是用户语言数。,VM默认、Resources上下文、AwContents native全局locale list、renderer页面；网络context共享须另标。,Android LocaleList API24+；133详查；83/124存在同名updateDefaultLocale读取路径但未逐段重新闭合所有中间调用,"[""ENGINE_IMPLEMENTATION_SUPPORTED""]","[""LocaleList.getDefault含Locale.getDefault但未必首项，平台API明确允许正常资源fallback。"",""133：AwContents production构造/attach/config→LocaleUtils.getDefaultLocaleListString→JNI→GetAcceptLangsImpl(不含en-US子串时追加)→renderer prefs→ChromeClientImpl→NavigatorLanguage。"",""在无probe override且不走语言缩减分支时，自动en-US进入navigator.languages；language取其首项。133源码kReduceAcceptLanguage默认禁用。""]","[""仅App UI变了不能证明Web languages变化。"",""Locale.setDefault执行时刻不等于已有所有WebView立即可见的时刻。"",""133源码默认禁用缩减已核实；发布二进制field trial/flag及probe override状态未测，仍不称所有运行时相同。"",""普通系统语言天然差异不等于本任务排除的用户指纹覆盖选项。""]","[""LOC-008"",""LOC-022"",""OFF-002"",""OFF-003"",""OFF-004"",""OFF-005"",""OFF-015"",""OFF-016"",""OFF-019"",""OFF-020"",""OFF-021"",""OFF-022"",""OFF-023"",""OFF-047"",""OFF-048"",""OFF-050""]","[""B-014"",""B-021""]"
F09,LANGUAGE,app.web_data.navigator_layer.languages,arrayFrom(navigator.languages || []),string array保留顺序；control_input只转len；LE:1.0 NEGATIVE,UA语言偏好列表,CONTROL:app.web_data.navigator_layer.languages:LE:1.0,W06,"[""LOC-008"",""LOC-013"",""LOC-017""]",最终条件不看成员、地区、顺序，只看长度；B另有成员语义。,NOT_PERFORMED,Native Locale.getDefault是Java VM默认locale；资源Configuration有上下文列表；语言码、完整locale tag、首选语言和列表不是同一对象。navigator.language是网页languages的首项。,Locale.setDefault可改VM默认；资源context locale改变是另一作用域，是否由用户主动选择需App证据。,133 WebView在构造/attach/config callback读取LocaleList并向native/renderer传播；若locale列表字符串不含en-US子串则附加；检查不是精确token匹配。,系统默认列表、资源可用语言和区域自然不同，默认locale未必列表首项。,BCP47标签含地区/脚本信息；浏览器允许缩减/规范化，列表长度不是用户语言数。,VM默认、Resources上下文、AwContents native全局locale list、renderer页面；网络context共享须另标。,Android LocaleList API24+；133详查；83/124存在同名updateDefaultLocale读取路径但未逐段重新闭合所有中间调用,"[""ENGINE_IMPLEMENTATION_SUPPORTED""]","[""LocaleList.getDefault含Locale.getDefault但未必首项，平台API明确允许正常资源fallback。"",""133：AwContents production构造/attach/config→LocaleUtils.getDefaultLocaleListString→JNI→GetAcceptLangsImpl(不含en-US子串时追加)→renderer prefs→ChromeClientImpl→NavigatorLanguage。"",""在无probe override且不走语言缩减分支时，自动en-US进入navigator.languages；language取其首项。133源码kReduceAcceptLanguage默认禁用。""]","[""仅App UI变了不能证明Web languages变化。"",""Locale.setDefault执行时刻不等于已有所有WebView立即可见的时刻。"",""133源码默认禁用缩减已核实；发布二进制field trial/flag及probe override状态未测，仍不称所有运行时相同。"",""普通系统语言天然差异不等于本任务排除的用户指纹覆盖选项。""]","[""LOC-008"",""LOC-013"",""LOC-017"",""OFF-002"",""OFF-003"",""OFF-004"",""OFF-005"",""OFF-015"",""OFF-016"",""OFF-019"",""OFF-020"",""OFF-021"",""OFF-022"",""OFF-023"",""OFF-047"",""OFF-048"",""OFF-050""]","[""A-002"",""B-014""]"
F10,LANGUAGE,NOT_COLLECTED:HTTP Accept-Language,HTTP request header,项目177字段不直接保存header,逐请求/网络栈,NO_CURRENT_ATOM,NOT_COLLECTED,"[""LOC-007"",""LOC-008""]",不得以navigator.language或UI语言替代真实请求头。,NOT_PERFORMED,HTTP Accept-Language是带q权重的响应内容语言偏好，不是语言数组原文。133 WebView由locale偏好构造renderer值，HTTP链再扩展base-language fallback和q权重。,请求栈可另配headers；实际App单独记录，不自动归入navigator改变。,WebView正常初始化扩展语言头，作用于共享network context后续请求。,系统locale列表本身随正常环境不同。,HTTP语言范围/权重与JS BCP47数组类型不同，串长/逐字相等没有语义保证。,请求/NetworkContext；JS是renderer执行环境。,RFC9110；Chromium133,"[""ENGINE_IMPLEMENTATION_SUPPORTED""]","[""同一来源偏好可以合法生成不同表示：JS数组与HTTP扩展带q字符串。""]","[""某一次WebView.loadUrl或HTTP请求自定义headers必然改变navigator.languages。"",""读取Java http.agent能代表这里的Accept-Language。""]","[""LOC-007"",""LOC-008"",""OFF-013"",""OFF-015"",""OFF-019"",""OFF-024"",""OFF-047"",""OFF-048""]","[""A-001"",""A-002"",""A-015""]"
F11,TIMEZONE,app.android_native_data.locale_timezone_layer.native_timezone_id;app.android_native_data.locale_timezone_layer.native_timezone_offset_min,TimeZone.getDefault().id/rawOffset,ID string; rawOffset ms /60000 -> 分钟向东,Java进程默认时区；标准偏移,B固定时区关系,NOT_SELECTED,"[""LOC-006"",""LOC-022""]",未采getOffset(同一时刻)，raw不含DST；三次getDefault调用也非原子联合快照。,NOT_PERFORMED,Java rawOffset是标准时UTC→当地毫秒，JS getTimezoneOffset是指定Date的当地→UTC分钟；只有同一时刻、相同有效timezone/tzdata并处理DST/符号/单位才可比较。Intl formatter指定timezone只影响该对象。,TimeZone.setDefault可改Java默认缓存；formatter.setTimeZone或Intl的timeZone参数不是同一操作。,133 Android ICU初始化经JNI取Java默认ID；TIMEZONE_CHANGED广播经monitor UpdateIcuAndNotifyClients向已注册renderer client发送新ID，再更新ICU/V8；相同时区不重复通知。,系统地理时区、DST、时刻和tzdata版本自然造成差异；同一offset可以对应多个ID。,ID/别名/固定偏移不是唯一地理位置；raw offset不含DST。,Java VM默认、formatter对象、Chromium各进程的ICU/V8默认及其缓存；明确区分浏览器进程与renderer进程。,Android API基础方法；Chromium133固定实现；当前ECMA规范用于定义不追溯新增特性,"[""ENGINE_IMPLEMENTATION_SUPPORTED""]","[""若同一时刻同一有效时区，应比较Java getOffset(t)/60000 == -JS getTimezoneOffset(t)。"",""133存在Java默认ID→ICU初始化联系，故“Java与Web绝不关联”不成立。"",""133系统时区广播→native monitor UpdateIcuAndNotifyClients→NotifyClients.OnTimeZoneChange→renderer timezone controller→V8通知有逐段源码；controller经AddClient注册，注册时收到缓存ID。""]","[""不能将Native rawOffset与JS当前offset无条件作相等约束。"",""任意业务代码TimeZone.setDefault后已存在renderer一定立即改变：UNRESOLVED。"",""不能由浏览器进程Java默认值推定每个独立renderer Java VM/ICU缓存相同；初始化先后及多进程传递仍未运行验证。"",""仅formatter显示UTC不证明全局Web时区变化；ID不同也不证明有效offset不同。""]","[""LOC-006"",""LOC-022"",""OFF-006"",""OFF-007"",""OFF-008"",""OFF-025"",""OFF-026"",""OFF-027"",""OFF-028"",""OFF-029"",""OFF-051"",""OFF-052""]","[""B-004"",""B-010"",""B-017"",""B-023"",""A-016""]"
F12,TIMEZONE,app.web_data.execution_layer.timezone_offset,new Date().getTimezoneOffset(),number 分钟向西；LE:0 NEGATIVE -> >0,JS当前时刻本地时区,CONTROL:app.web_data.execution_layer.timezone_offset:LE:0.0,W04,"[""LOC-009"",""LOC-017""]",报警只检查正号；不是与Native不一致，也不是所有非零时区。,NOT_PERFORMED,Java rawOffset是标准时UTC→当地毫秒，JS getTimezoneOffset是指定Date的当地→UTC分钟；只有同一时刻、相同有效timezone/tzdata并处理DST/符号/单位才可比较。Intl formatter指定timezone只影响该对象。,TimeZone.setDefault可改Java默认缓存；formatter.setTimeZone或Intl的timeZone参数不是同一操作。,133 Android ICU初始化经JNI取Java默认ID；TIMEZONE_CHANGED广播经monitor UpdateIcuAndNotifyClients向已注册renderer client发送新ID，再更新ICU/V8；相同时区不重复通知。,系统地理时区、DST、时刻和tzdata版本自然造成差异；同一offset可以对应多个ID。,ID/别名/固定偏移不是唯一地理位置；raw offset不含DST。,Java VM默认、formatter对象、Chromium各进程的ICU/V8默认及其缓存；明确区分浏览器进程与renderer进程。,Android API基础方法；Chromium133固定实现；当前ECMA规范用于定义不追溯新增特性,"[""ENGINE_IMPLEMENTATION_SUPPORTED""]","[""若同一时刻同一有效时区，应比较Java getOffset(t)/60000 == -JS getTimezoneOffset(t)。"",""133存在Java默认ID→ICU初始化联系，故“Java与Web绝不关联”不成立。"",""133系统时区广播→native monitor UpdateIcuAndNotifyClients→NotifyClients.OnTimeZoneChange→renderer timezone controller→V8通知有逐段源码；controller经AddClient注册，注册时收到缓存ID。""]","[""不能将Native rawOffset与JS当前offset无条件作相等约束。"",""任意业务代码TimeZone.setDefault后已存在renderer一定立即改变：UNRESOLVED。"",""不能由浏览器进程Java默认值推定每个独立renderer Java VM/ICU缓存相同；初始化先后及多进程传递仍未运行验证。"",""仅formatter显示UTC不证明全局Web时区变化；ID不同也不证明有效offset不同。""]","[""LOC-009"",""LOC-017"",""OFF-006"",""OFF-007"",""OFF-008"",""OFF-025"",""OFF-026"",""OFF-027"",""OFF-028"",""OFF-029"",""OFF-051"",""OFF-052""]","[""B-004"",""B-010"",""B-017"",""B-023""]"
F13,TIMEZONE,app.web_data.execution_layer.timezone_id,Intl.DateTimeFormat().resolvedOptions().timeZone,string；当前创建默认格式器,JS Intl默认时区,描述性/相关关系来源,NOT_SELECTED,"[""LOC-009""]",另一个指定timeZone格式器只改显示，不自动更改这里的默认时区。,NOT_PERFORMED,Java rawOffset是标准时UTC→当地毫秒，JS getTimezoneOffset是指定Date的当地→UTC分钟；只有同一时刻、相同有效timezone/tzdata并处理DST/符号/单位才可比较。Intl formatter指定timezone只影响该对象。,TimeZone.setDefault可改Java默认缓存；formatter.setTimeZone或Intl的timeZone参数不是同一操作。,133 Android ICU初始化经JNI取Java默认ID；TIMEZONE_CHANGED广播经monitor UpdateIcuAndNotifyClients向已注册renderer client发送新ID，再更新ICU/V8；相同时区不重复通知。,系统地理时区、DST、时刻和tzdata版本自然造成差异；同一offset可以对应多个ID。,ID/别名/固定偏移不是唯一地理位置；raw offset不含DST。,Java VM默认、formatter对象、Chromium各进程的ICU/V8默认及其缓存；明确区分浏览器进程与renderer进程。,Android API基础方法；Chromium133固定实现；当前ECMA规范用于定义不追溯新增特性,"[""ENGINE_IMPLEMENTATION_SUPPORTED""]","[""若同一时刻同一有效时区，应比较Java getOffset(t)/60000 == -JS getTimezoneOffset(t)。"",""133存在Java默认ID→ICU初始化联系，故“Java与Web绝不关联”不成立。"",""133系统时区广播→native monitor UpdateIcuAndNotifyClients→NotifyClients.OnTimeZoneChange→renderer timezone controller→V8通知有逐段源码；controller经AddClient注册，注册时收到缓存ID。""]","[""不能将Native rawOffset与JS当前offset无条件作相等约束。"",""任意业务代码TimeZone.setDefault后已存在renderer一定立即改变：UNRESOLVED。"",""不能由浏览器进程Java默认值推定每个独立renderer Java VM/ICU缓存相同；初始化先后及多进程传递仍未运行验证。"",""仅formatter显示UTC不证明全局Web时区变化；ID不同也不证明有效offset不同。""]","[""LOC-009"",""OFF-006"",""OFF-007"",""OFF-008"",""OFF-025"",""OFF-026"",""OFF-027"",""OFF-028"",""OFF-029"",""OFF-051"",""OFF-052""]","[""A-016"",""B-017""]"
F14,MEMORY_CONCURRENCY,app.android_native_data.memory_layer.total_memory_gb,ActivityManager.MemoryInfo.totalMem,bytes / 1024³ -> GiB double,Android系统内核可用总RAM口径,B Web/Native memory ratio,NOT_SELECTED,"[""LOC-006"",""LOC-027"",""LOC-022""]",字段名gb不等于十进制GB，不是可用空闲内存。,NOT_PERFORMED,Native totalMem为kernel可访问总RAM；availMem为动态可用内存；Web deviceMemory为物理RAM量化信号。V2三个对应tag均最近2幂量化并封顶8。,未找到普通WebSettings deviceMemory setter；这不证明正常值恒定。,内核自动做量化及上限，secure-context影响是否暴露。,不同真实RAM设备自然落入0.5/1/2/4/8等档位，kernel保留内存影响原始可见容量。,不是精确RAM、空闲RAM或JS堆；缺失与0必须区别。,设备/内核可访问资源、进程初始化近似缓存、secure网页API。,83.0.4103.106 /124.0.6367.219 /133.0.6943.137已核同一公式；最新规范允许上界随实现变化,"[""ENGINE_IMPLEMENTATION_SUPPORTED""]","[""这三个tag Web值可与Native总内存不精确相等且仍完全正常。"",""假设某正常设备内核可见RAM在8GiB附近，则公式得到8；这是公式边界示例，不是新增实测样本。""]","[""Web deviceMemory等于Native availMem。"",""源码8上限可永久套未来/厂商内核。"",""App缺setter等于所有正常设备都返回同一档位。""]","[""LOC-006"",""LOC-022"",""LOC-027"",""OFF-009"",""OFF-010"",""OFF-030"",""OFF-031"",""OFF-032"",""OFF-033"",""OFF-034""]","[""B-005"",""B-011"",""B-018"",""B-024""]"
F15,MEMORY_CONCURRENCY,app.android_native_data.memory_layer.avail_memory_gb,ActivityManager.MemoryInfo.availMem,bytes /1024³ -> GiB double,采样时刻可用内存,单字段control；非最终条件,NOT_SELECTED,"[""LOC-006"",""LOC-027""]",负载变化与总内存、Web deviceMemory是不同对象。,NOT_PERFORMED,Native totalMem为kernel可访问总RAM；availMem为动态可用内存；Web deviceMemory为物理RAM量化信号。V2三个对应tag均最近2幂量化并封顶8。,未找到普通WebSettings deviceMemory setter；这不证明正常值恒定。,内核自动做量化及上限，secure-context影响是否暴露。,不同真实RAM设备自然落入0.5/1/2/4/8等档位，kernel保留内存影响原始可见容量。,不是精确RAM、空闲RAM或JS堆；缺失与0必须区别。,设备/内核可访问资源、进程初始化近似缓存、secure网页API。,83.0.4103.106 /124.0.6367.219 /133.0.6943.137已核同一公式；最新规范允许上界随实现变化,"[""ENGINE_IMPLEMENTATION_SUPPORTED""]","[""这三个tag Web值可与Native总内存不精确相等且仍完全正常。"",""假设某正常设备内核可见RAM在8GiB附近，则公式得到8；这是公式边界示例，不是新增实测样本。""]","[""Web deviceMemory等于Native availMem。"",""源码8上限可永久套未来/厂商内核。"",""App缺setter等于所有正常设备都返回同一档位。""]","[""LOC-006"",""LOC-027"",""OFF-009"",""OFF-010"",""OFF-030"",""OFF-031"",""OFF-032"",""OFF-033"",""OFF-034""]","[""B-005"",""B-011"",""B-018"",""B-024""]"
F16,MEMORY_CONCURRENCY,app.web_data.navigator_layer.device_memory,navigator.deviceMemory || 0,number GiB近似；<=0在matrix不可用；LE:2 NEGATIVE -> >2,UA受限内存估计,CONTROL:app.web_data.navigator_layer.device_memory:LE:2.0,W05,"[""LOC-008"",""LOC-013"",""LOC-017""]",0为采集占位，不视为真实0GiB；不能与Native总RAM直接相等。,NOT_PERFORMED,Native totalMem为kernel可访问总RAM；availMem为动态可用内存；Web deviceMemory为物理RAM量化信号。V2三个对应tag均最近2幂量化并封顶8。,未找到普通WebSettings deviceMemory setter；这不证明正常值恒定。,内核自动做量化及上限，secure-context影响是否暴露。,不同真实RAM设备自然落入0.5/1/2/4/8等档位，kernel保留内存影响原始可见容量。,不是精确RAM、空闲RAM或JS堆；缺失与0必须区别。,设备/内核可访问资源、进程初始化近似缓存、secure网页API。,83.0.4103.106 /124.0.6367.219 /133.0.6943.137已核同一公式；最新规范允许上界随实现变化,"[""ENGINE_IMPLEMENTATION_SUPPORTED""]","[""这三个tag Web值可与Native总内存不精确相等且仍完全正常。"",""假设某正常设备内核可见RAM在8GiB附近，则公式得到8；这是公式边界示例，不是新增实测样本。""]","[""Web deviceMemory等于Native availMem。"",""源码8上限可永久套未来/厂商内核。"",""App缺setter等于所有正常设备都返回同一档位。""]","[""LOC-008"",""LOC-013"",""LOC-017"",""OFF-009"",""OFF-010"",""OFF-030"",""OFF-031"",""OFF-032"",""OFF-033"",""OFF-034""]","[""B-005"",""B-011"",""B-018"",""B-024""]"
F17,MEMORY_CONCURRENCY,app.web_data.navigator_layer.hardware_concurrency,navigator.hardwareConcurrency || 0,number；<=0不可用；历史折阈值另存,UA可用逻辑处理器,历史Web条件，非当前六条,H01_HISTORICAL,"[""LOC-008"",""LOC-013"",""LOC-019"",""LOC-031""]",Native84/Host26无核数同义参照；ABI/arch不是核数。,NOT_PERFORMED,Web并发数为逻辑处理器可用数量信号；133 getter→SysInfo读缓存的_SC_NPROCESSORS_CONF；ABI/架构不编码CPU数。,未在本次官方API范围建立正常App setter链。,标准允许实现限额；已查133 POSIX实现有平台条件。,正常设备本来有不同逻辑处理器数量。,不是物理核数，亦不等于当前在线核；Linux affinity分支不可直接套Android。,用户代理/进程看到的逻辑资源；历史规则单列。,WHATWG定义；133固定源码；不推定83/124调度策略逐行同等,"[""ENGINE_IMPLEMENTATION_SUPPORTED""]","[""同架构设备可能有不同逻辑处理器数量，架构不得充当核数参照。""]","[""负载变化必然实时改hardwareConcurrency。"",""所有正常Android都应8/12；未找到setter不提供这种保证。""]","[""LOC-008"",""LOC-013"",""LOC-019"",""LOC-031"",""OFF-011"",""OFF-017"",""OFF-035"",""OFF-036""]","[""B-005"",""B-011"",""B-018"",""B-024"",""A-019""]"
F18,PLUGINS_MIME_PDF,app.web_data.automation_surface_layer.plugins_count,navigator.plugins.length，缺省0,nonnegative count；另存hash,内核兼容接口,历史相关control,NOT_SELECTED,"[""LOC-010""]",计数/hash不能还原成员，不代表安装的真实插件数。,NOT_PERFORMED,最新标准5插件/2 MIME主要是PDF兼容接口。83较旧直接从PluginData列举；124/133有现代PDF兼容分支。必须先检查Android WebView容器是否允许plugins。,本次未找到标准Android WebSettings正常业务setter能把历史WebView变为桌面PDF插件清单。,133 WebView强制plugins_enabled=false，plugin data因此null，固定/旧模式数组都为空。,其他正常内核/桌面PDF能力可不同，但这不是本项目历史AndroidWebView反例。,名称及长度不是真实已安装插件数；PDF.js渲染业务内容不自动注册navigator插件。,特定浏览器/容器、页面执行环境、内核插件能力；不等同操作系统可打开PDF。,V2三个固定tag只共同确认AwSettings禁plugins；133 plugins/MIME完整闭合；83/124未逐段闭合全部中间链，83无后来的固定5名称分支,"[""ENGINE_IMPLEMENTATION_SUPPORTED""]","[""133: AwSettings:false→WebView.ApplyWebPreferences.SetPluginsEnabled(prefs.plugins_enabled)→FrameLoader.AllowPlugins:false→LocalFrame.GetPluginData:null→DOMPluginArray空/pdf=false。"",""133 MIME固定分支从空plugins取得空数组；旧分支也无plugin data，因此为0。"",""124/83也见容器禁用配置，不能拿最新desktop的5插件作这些版本正常plugins>0的已证反例。""]","[""正常Android WebView这个历史范围内默认plugins>0/mimeTypes>0已有反例：本层未找到。"",""没有反例就能跨版本批准独立报警：不成立。"",""其他内核、未来Android原生PDF支持或厂商定制均未由这条链覆盖。""]","[""LOC-010"",""OFF-002"",""OFF-015"",""OFF-037"",""OFF-038"",""OFF-039"",""OFF-040"",""OFF-041"",""OFF-042"",""OFF-043"",""OFF-044"",""OFF-048"",""OFF-049""]","[""B-006"",""B-012"",""B-019"",""B-025""]"
F19,PLUGINS_MIME_PDF,app.web_data.automation_surface_layer.mime_types_count,navigator.mimeTypes.length，缺省0,count；LE:0 NEGATIVE -> >0,内核兼容接口/PDF支持,CONTROL:app.web_data.automation_surface_layer.mime_types_count:LE:0.0,W02,"[""LOC-010"",""LOC-017""]",Android WebView/桌面内核及版本必须分开；未采pdfViewerEnabled本身。,NOT_PERFORMED,最新标准5插件/2 MIME主要是PDF兼容接口。83较旧直接从PluginData列举；124/133有现代PDF兼容分支。必须先检查Android WebView容器是否允许plugins。,本次未找到标准Android WebSettings正常业务setter能把历史WebView变为桌面PDF插件清单。,133 WebView强制plugins_enabled=false，plugin data因此null，固定/旧模式数组都为空。,其他正常内核/桌面PDF能力可不同，但这不是本项目历史AndroidWebView反例。,名称及长度不是真实已安装插件数；PDF.js渲染业务内容不自动注册navigator插件。,特定浏览器/容器、页面执行环境、内核插件能力；不等同操作系统可打开PDF。,V2三个固定tag只共同确认AwSettings禁plugins；133 plugins/MIME完整闭合；83/124未逐段闭合全部中间链，83无后来的固定5名称分支,"[""ENGINE_IMPLEMENTATION_SUPPORTED""]","[""133: AwSettings:false→WebView.ApplyWebPreferences.SetPluginsEnabled(prefs.plugins_enabled)→FrameLoader.AllowPlugins:false→LocalFrame.GetPluginData:null→DOMPluginArray空/pdf=false。"",""133 MIME固定分支从空plugins取得空数组；旧分支也无plugin data，因此为0。"",""124/83也见容器禁用配置，不能拿最新desktop的5插件作这些版本正常plugins>0的已证反例。""]","[""正常Android WebView这个历史范围内默认plugins>0/mimeTypes>0已有反例：本层未找到。"",""没有反例就能跨版本批准独立报警：不成立。"",""其他内核、未来Android原生PDF支持或厂商定制均未由这条链覆盖。""]","[""LOC-010"",""LOC-017"",""OFF-002"",""OFF-015"",""OFF-037"",""OFF-038"",""OFF-039"",""OFF-040"",""OFF-041"",""OFF-042"",""OFF-043"",""OFF-044"",""OFF-048"",""OFF-049""]","[""B-006"",""B-012"",""B-019"",""B-025"",""A-019""]"
F20,WEBDRIVER,app.web_data.automation_surface_layer.webdriver,navigator.webdriver === true,boolean；undefined被投影为false,JS realm内核automation标记,CONTROL:app.web_data.automation_surface_layer.webdriver:EQ:True,W03,"[""LOC-010""]",false不能区分缺接口与原生false；is_debuggable、JS bridge或evaluateJavascript不等于webdriver=true。,NOT_PERFORMED,webdriver报告automation-controlled/远程控制状态，规范初值false，不判断恶意。133实现由Runtime AutomationControlled或probe override返回。,本次未建立普通发行App业务默认设置true的链。,测试/自动化封装可能启用，但F类不作正常App默认证据。,未发现一般Android设备差异本身开启true的依据。,支持自动化、debuggable、WebContents debugging与当前true是不同事实。,浏览器运行会话/renderer runtime flag与执行上下文；测试/调试单列。,W3C当前定义；Chromium133固定实现,"[""ENGINE_IMPLEMENTATION_SUPPORTED""]","[""133 enable-automation/headless/debugging-pipe/随机远程调试端口0有明确启用条件。"",""133特定非0调试端口不会因此自动启用该特性。""]","[""普通发行App可调试就一定navigator.webdriver=true。"",""WebDriver依赖存在等于默认运行true。"",""本轮没有正常App默认true案例不构成所有App永远false的证明。""]","[""LOC-010"",""OFF-012"",""OFF-016"",""OFF-045""]","[""B-007"",""B-013"",""B-020"",""B-026"",""B-032""]"
F21,SCREEN_WEBGL,app.android_native_data.screen_display_layer.screen_resolution_physical;app.web_data.screen_layer.screen_resolution_logical;app.web_data.screen_layer.device_pixel_ratio,DisplayMetrics;screen.width/height;devicePixelRatio,Native metrics尺寸string；CSS像素string；比例number,display/context/viewport,P3-SCREEN-APP,NOT_SELECTED,"[""LOC-006"",""LOC-008""]",当前采集physical名使用metrics；显示模式另有字段。窗口/布局变化不能自动当物理屏幕变化。,NOT_PERFORMED,WebSettings控制CSS布局/文字缩放；WebGL扩展提供图形驱动描述，不能直接等同物理屏幕或不可变硬件ID。,业务WebView可配viewport/overview/textZoom；仅有明确布局线索。,框架可默认配置布局；Flutter例B-033。,显示上下文、图形驱动与可用扩展有环境差异。,CSS像素/DisplayMetrics/显示模式和GLES/WebGL context分别解释。,实例布局/图形context,动态Android API与Khronos规范，未覆盖历史所有图形栈,"[""SPEC_OR_API_DEFINED""]","[""布局设置能影响内容布局；renderer描述图形驱动""]","[""不证明特定正常设置越过当前残差容差或正常GPU族冲突""]","[""LOC-006"",""LOC-008"",""EXT-001"",""EXT-002""]","[""A-004"",""A-019"",""B-033""]"
F22,SCREEN_WEBGL,app.android_native_data.graphics_layer.native_gpu_renderer;app.web_data.graphics_layer.webgl_renderer,GLES20.glGetString;WEBGL_debug_renderer_info,string；NW-005仅解析明确硬件族,各图形context与驱动/后端,NW-005,NOT_SELECTED,"[""LOC-032"",""LOC-030""]",Native GLES与WebGL后端不保证原始字符串相等；软件/不明族域保留U。,NOT_PERFORMED,WebSettings控制CSS布局/文字缩放；WebGL扩展提供图形驱动描述，不能直接等同物理屏幕或不可变硬件ID。,业务WebView可配viewport/overview/textZoom；仅有明确布局线索。,框架可默认配置布局；Flutter例B-033。,显示上下文、图形驱动与可用扩展有环境差异。,CSS像素/DisplayMetrics/显示模式和GLES/WebGL context分别解释。,实例布局/图形context,动态Android API与Khronos规范，未覆盖历史所有图形栈,"[""SPEC_OR_API_DEFINED""]","[""布局设置能影响内容布局；renderer描述图形驱动""]","[""不证明特定正常设置越过当前残差容差或正常GPU族冲突""]","[""LOC-032"",""LOC-030"",""EXT-001"",""EXT-002""]","[""A-016"",""A-017"",""A-019""]"
