rule_id,rule_role,atom_id,actual_condition,field_group,normal_scope_mechanism,real_app_static_evidence,project_applicability,difference_origin,established_interpretation,unresolved,research_recommendation,local_source_ids,source_ids,app_evidence_ids,runtime_validation,model_changed,evidence_strength
W01,FINAL_WEB,CAT:NW-006:POSITIVE,UA类为script_client/desktop_or_headless，或platform类desktop；要求两类别可解释,UA_PLATFORM,正常App可为验证码或内容兼容在业务初始化整串设置桌面UA。,NewPipe ReCaptchaActivity正常验证码流程自动Windows Firefox UA；不是App所有页面启动默认。Nextcloud改UA但保留Android，不能充当此条件正反例。,WebSettings同属Android；NewPipe固定HEAD不等于项目历史App；仅由字符串与现有谓词推导可能满足，未运行采集/预测。,A配置；D粗粒度token解析,桌面UA不等于桌面设备或主动伪装；Linux x86平台单独不判desktop。,navigator.platform实测、当前项目是否部署到该页面、发布包实际执行未知。,拆分App/HTTP身份与平台语义；该绝对类别不宜单独归因攻击；保留作用域和目的证据，不能用一个反例永久禁用字段。,"[""LOC-004"",""LOC-008"",""LOC-013"",""LOC-014"",""LOC-015""]","[""APPA-029"",""APPA-030"",""APPA-031"",""APPA-032"",""APPA-033"",""APPA-035"",""APPA-036"",""APPB-001"",""APPB-002"",""APPB-003"",""APPB-004"",""APPB-005"",""APPB-006"",""APPB-007"",""APPB-008"",""APPB-009"",""APPB-042"",""APPB-043"",""APPB-044"",""APPB-045"",""APPB-046"",""APPB-047"",""APPB-048"",""APPB-049"",""APPB-050"",""LOC-004"",""LOC-008"",""LOC-013"",""LOC-014"",""LOC-015"",""OFF-001"",""OFF-002"",""OFF-013"",""OFF-014"",""OFF-015"",""OFF-016"",""OFF-017"",""OFF-018"",""OFF-019"",""OFF-040"",""OFF-041"",""OFF-042"",""OFF-046""]","[""B-001"",""B-002"",""A-009"",""A-011""]",NOT_PERFORMED,NO,"[""APP_CONDITIONAL_PATH_SUPPORTED"",""APP_DEFAULT_PATH_SUPPORTED"",""ENGINE_IMPLEMENTATION_SUPPORTED"",""UNRESOLVED""]"
W02,FINAL_WEB,CONTROL:app.web_data.automation_surface_layer.mime_types_count:LE:0.0:NEGATIVE,mimeTypes.length > 0,PLUGINS_MIME_PDF,桌面HTML兼容PDF列表可非零；但已查83/124/133 Android WebView关闭plugins，不能将桌面路径套入。,8App范围内未找到默认修改navigator.mimeTypes使其非零的实际调用；JS bridge、外部PDF viewer不算。,三历史WebViewtag的实现具有直接版本相关性；对应商业二进制仍未运行确认，最新其他内核未知。,C内核/PDF能力；D兼容接口,mimeTypes不是任意MIME支持总数；桌面反例不能证明此项目历史WebView反例。,尚无指定历史Android WebView正常mime>0静态可达案例；其他供应商/后续版本未全面审查。,限容器与内核版本，补正常能力边界；本轮证据不足以批准普适独立报警，也不足以删除规则。,"[""LOC-004"",""LOC-010"",""LOC-017""]","[""APPA-031"",""APPA-034"",""APPA-035"",""APPA-036"",""APPB-001"",""APPB-004"",""APPB-012"",""APPB-013"",""APPB-024"",""APPB-025"",""APPB-026"",""APPB-027"",""APPB-028"",""APPB-029"",""APPB-030"",""APPB-036"",""LOC-004"",""LOC-010"",""LOC-017"",""OFF-002"",""OFF-015"",""OFF-037"",""OFF-038"",""OFF-039"",""OFF-040"",""OFF-041"",""OFF-042"",""OFF-043"",""OFF-044"",""OFF-048"",""OFF-049""]","[""A-019"",""B-006"",""B-012"",""B-019"",""B-025""]",NOT_PERFORMED,NO,"[""ENGINE_IMPLEMENTATION_SUPPORTED"",""NOT_FOUND_IN_SCOPED_CODE"",""UNRESOLVED""]"
W03,FINAL_WEB,CONTROL:app.web_data.automation_surface_layer.webdriver:EQ:True:POSITIVE,navigator.webdriver === true,WEBDRIVER,规范为自动化控制状态；正常发行版无自动化时的原生默认false。测试或外部自动化属于F，不充当本轮正常默认反例。,8App未找到生产默认navigator.webdriver=true路径；启用JS、evaluateJavascript、debugging或框架支持测试均非等价证据。,Chromium对应版本实现可定位；尚无项目自身无外部干预true证据。,C运行模式；D状态语义；F另列,字段说明自动化状态，不说明恶意意图；本轮研究排除F，不再用获准自动化替代正常App案例。,没有本轮A-D生产true反例，不等于市场全部App恒为false；页面篡改可能性不作为已发现证据。,保留自动化上下文解释，禁止由true直接倒推攻击标签；缺少正常发行版反例时也不直接批准独立报警资格。,"[""LOC-004"",""LOC-010"",""LOC-018""]","[""APPA-042"",""APPA-043"",""APPA-044"",""APPB-001"",""APPB-004"",""APPB-012"",""APPB-019"",""APPB-024"",""APPB-025"",""APPB-028"",""APPB-030"",""APPB-035"",""APPB-037"",""APPB-041"",""LOC-004"",""LOC-010"",""LOC-018"",""OFF-012"",""OFF-016"",""OFF-045""]","[""B-007"",""B-013"",""B-020"",""B-026"",""B-032"",""A-013""]",NOT_PERFORMED,NO,"[""ENGINE_IMPLEMENTATION_SUPPORTED"",""FRAMEWORK_CAPABILITY"",""NOT_FOUND_IN_SCOPED_CODE""]"
W04,FINAL_WEB,CONTROL:app.web_data.execution_layer.timezone_offset:LE:0.0:NEGATIVE,Web当前Date offset > 0分钟（UTC以西）,TIMEZONE,正常设备处在UTC以西时区即可为正；DST改变具体偏移，不需App setter或指纹覆盖选项。,未找到所选App默认TimeZone.setDefault改变Web Date的完整调用链；时间显示用UTC/自定义formatter不算。,ECMAScript符号语义直接适用项目API；地域正常差异不依赖额外设备才能建立语义结论。,C环境时区；D符号/时刻,这不是Native/Web不一致，也不是时区非零；Native raw offset不能在DST条件下直接反号相等。,Java默认修改对各WebView进程及初始化/刷新时序的最终影响未实测。,不宜以正偏移独立报警；后续若研究关系须同一时刻、清楚来源及DST，不能直接把rawOffset当当前值。,"[""LOC-004"",""LOC-006"",""LOC-009"",""LOC-022""]","[""APPA-001"",""APPA-004"",""APPA-009"",""APPA-012"",""APPB-001"",""APPB-004"",""APPB-012"",""APPB-013"",""APPB-024"",""APPB-025"",""APPB-026"",""APPB-027"",""APPB-028"",""APPB-029"",""APPB-030"",""LOC-004"",""LOC-006"",""LOC-009"",""LOC-022"",""OFF-006"",""OFF-007"",""OFF-008"",""OFF-025"",""OFF-026"",""OFF-027"",""OFF-028"",""OFF-029"",""OFF-051"",""OFF-052""]","[""B-004"",""B-010"",""B-017"",""B-023"",""A-016""]",NOT_PERFORMED,NO,"[""ENGINE_IMPLEMENTATION_SUPPORTED"",""NOT_FOUND_IN_SCOPED_CODE"",""UNRESOLVED""]"
W05,FINAL_WEB,CONTROL:app.web_data.navigator_layer.device_memory:LE:2.0:NEGATIVE,deviceMemory > 2（GiB近似值）,MEMORY_CONCURRENCY,正常更大RAM经Chromium量化可返回4/8；不是要求App可直接setter。,8App未发现默认修改deviceMemory；字段天然随设备/内核变化已有实现依据，不以setter未命中推恒定。,83/124/133量化与上限源码对应项目版本；Native总内存与Web源值不是精确同义。,C设备内存；D量化/裁剪,availMem、totalMem和deviceMemory三个口径不同；高于2没有攻击语义。,具体OEM保留内存及运行值未测；不能从静态代码计算真实FPR。,不宜独立绝对阈值归因攻击；若后续考虑跨层，先建有版本的量化区间，不能重用B比例失败阈值当普适界限。,"[""LOC-004"",""LOC-006"",""LOC-008"",""LOC-013"",""LOC-021""]","[""APPB-001"",""APPB-004"",""APPB-012"",""APPB-013"",""APPB-024"",""APPB-025"",""APPB-026"",""APPB-027"",""APPB-028"",""APPB-029"",""APPB-030"",""LOC-004"",""LOC-006"",""LOC-008"",""LOC-013"",""LOC-021"",""OFF-009"",""OFF-010"",""OFF-011"",""OFF-017"",""OFF-030"",""OFF-031"",""OFF-032"",""OFF-033"",""OFF-034"",""OFF-035"",""OFF-036""]","[""B-005"",""B-011"",""B-018"",""B-024""]",NOT_PERFORMED,NO,"[""ENGINE_IMPLEMENTATION_SUPPORTED"",""NOT_FOUND_IN_SCOPED_CODE""]"
W06,FINAL_WEB,CONTROL:app.web_data.navigator_layer.languages:LE:1.0:NEGATIVE,有效languages数组长度 > 1,LANGUAGE,正常系统语言偏好、locale fallback及已定位WebView en-US追加机制可产生多项；不是用户主动伪装分支。,Signal系统语言匹配/回退有进程Locale.setDefault；Wikipedia Accept-Language构造有生产路径，但后者不能证明navigator.languages同步；无直接App主动设置该列表的通用证据。,Chromium133语言传递链对应项目一个版本；其他版本明确按实际已读文件定位，不把UI变化直接套用。,B/C平台默认fallback；D列表语义；A进程locale仅局部证据,最终规则只看长度，en-US/en是否同primary不参与；列表顺序和首选项有独立含义。,Signal Java locale改变是否在其验证码renderer生效及何时生效未确认；不计算多语言真实发生率。,不宜用列表长度独立报警；后续先记录来源/主语言/地区/fallback/顺序的语义关系及有效域。,"[""LOC-004"",""LOC-006"",""LOC-008"",""LOC-017"",""LOC-022""]","[""APPA-004"",""APPA-008"",""APPA-009"",""APPA-010"",""APPA-011"",""APPA-017"",""APPA-018"",""APPA-019"",""APPB-020"",""APPB-021"",""APPB-022"",""APPB-023"",""APPB-031"",""APPB-032"",""APPB-033"",""APPB-034"",""LOC-004"",""LOC-006"",""LOC-008"",""LOC-017"",""LOC-022"",""OFF-002"",""OFF-003"",""OFF-004"",""OFF-005"",""OFF-013"",""OFF-015"",""OFF-016"",""OFF-019"",""OFF-020"",""OFF-021"",""OFF-022"",""OFF-023"",""OFF-024"",""OFF-047"",""OFF-048"",""OFF-050""]","[""A-002"",""A-005"",""B-014"",""B-021""]",NOT_PERFORMED,NO,"[""APP_CONDITIONAL_PATH_SUPPORTED"",""APP_DEFAULT_PATH_SUPPORTED"",""ENGINE_IMPLEMENTATION_SUPPORTED""]"
C01,FINAL_C0,DEVIATION:OFFDER-UA-001:POSITIVE,Native可解释Android主版本门控；Web桌面/脚本UA或desktop platform为偏差；至少一Web类别可解释,UA_PLATFORM,与W01相同桌面业务UA可满足；Native真实Android值不会排除该正常业务。,NewPipe正常验证码业务是UA机制案例；其真实Native采集没有本轮测量。,该规则在开发材料与NW-006同值，但有效域不同，不能全局合并。,A UA配置；D门控与粗分类,Native不是逐值比对真值；跨层命名没有把此条件变成硬件身份一致性证明。,源码显示可影响UA，未实测模型/当时App；脚本token分支在本轮没有额外默认App反例。,把有效性锚点与真正比较关系分开表述，限制归因；不改C0模型、不扩大确认主张。,"[""LOC-005"",""LOC-013"",""LOC-014"",""LOC-016"",""LOC-019""]","[""APPB-001"",""APPB-002"",""APPB-003"",""APPB-004"",""APPB-005"",""APPB-006"",""APPB-007"",""APPB-008"",""APPB-009"",""APPB-042"",""APPB-043"",""APPB-044"",""APPB-045"",""APPB-046"",""APPB-047"",""APPB-048"",""APPB-049"",""APPB-050"",""LOC-005"",""LOC-013"",""LOC-014"",""LOC-016"",""LOC-019"",""OFF-001"",""OFF-002"",""OFF-013"",""OFF-014"",""OFF-015"",""OFF-016"",""OFF-017"",""OFF-018"",""OFF-019"",""OFF-040"",""OFF-041"",""OFF-042"",""OFF-046""]","[""B-001"",""B-002""]",NOT_PERFORMED,NO,"[""APP_CONDITIONAL_PATH_SUPPORTED"",""ENGINE_IMPLEMENTATION_SUPPORTED"",""UNRESOLVED""]"
C02,C0_CANDIDATE_NOT_SELECTED,DEVIATION:OFFDER-UA-002,默认UA与Web UA经既有trim比较的偏差,UA_PLATFORM,正常App实例UA追加标识或全串覆盖即可与平台默认UA不同。,Nextcloud与WordPress实际WebView setter与平台API语义联合支持；未实测runtime差异。Wikipedia HTTP拦截仅作范围对照。,getDefaultUserAgent不同于getSettings().getUserAgentString；不要求重测才可否定无条件相等。,A配置；D取值对象不同,default/current/runtime三个对象必须分开。,实例、时点、JS暴露受何中间层影响未逐个运行验证。,默认值仅作参照；不能无条件要求默认UA=网页UA。,"[""LOC-007"",""LOC-016"",""LOC-026""]","[""APPA-029"",""APPA-030"",""APPA-031"",""APPA-032"",""APPA-033"",""APPA-035"",""APPA-036"",""APPB-012"",""APPB-013"",""APPB-014"",""APPB-015"",""APPB-016"",""LOC-007"",""LOC-016"",""LOC-026"",""OFF-001"",""OFF-002"",""OFF-013"",""OFF-014"",""OFF-015"",""OFF-016"",""OFF-017"",""OFF-018"",""OFF-019"",""OFF-040"",""OFF-041"",""OFF-042"",""OFF-046""]","[""A-009"",""A-011"",""B-008""]",NOT_PERFORMED,NO,"[""APP_CONDITIONAL_PATH_SUPPORTED"",""APP_DEFAULT_PATH_SUPPORTED"",""ENGINE_IMPLEMENTATION_SUPPORTED""]"
C03,C0_CANDIDATE_NOT_SELECTED,DEVIATION:P3-UA-DEFAULT,平台默认UA与Web UAtyped equality偏差,UA_PLATFORM,同C02；trim与typed比较是不同候选身份。,同Nextcloud/WordPress UA配置案例；与平台API/实现语义联合支持，非已实测runtime差异。,候选与OFFDER-UA-002没有被强行合并；保留当前实现。,A配置；D比较口径,正常追加也可产生差异，不能等价于NW-006桌面命中。,具体空白差异未展开测量。,分别保存default/current/runtime和比较前提。,"[""LOC-007"",""LOC-026""]","[""APPA-029"",""APPA-030"",""APPA-031"",""APPA-032"",""APPA-033"",""APPB-012"",""APPB-013"",""APPB-014"",""APPB-015"",""APPB-016"",""LOC-007"",""LOC-026"",""OFF-001"",""OFF-002"",""OFF-013"",""OFF-014"",""OFF-015"",""OFF-016"",""OFF-017"",""OFF-018"",""OFF-019"",""OFF-040"",""OFF-041"",""OFF-042"",""OFF-046""]","[""A-009"",""B-008""]",NOT_PERFORMED,NO,"[""APP_CONDITIONAL_PATH_SUPPORTED"",""APP_DEFAULT_PATH_SUPPORTED"",""ENGINE_IMPLEMENTATION_SUPPORTED""]"
C04,C0_CANDIDATE_NOT_SELECTED,DEVIATION:P3-UA-SETTINGS,Host设置快照与Web UAtyped equality偏差,UA_PLATFORM,同实例同时稳定设置下有相等机制依据；多WebView、按页面重设、早期快照会破坏直接配对。,Nextcloud不同业务静态路径配置不同UA，TextEditor还可在super普通初始化后条件设置Office UA；NewPipe只在验证码实例设置；不能拼接不同实例。,本项目configure时拍快照，bridge稍后返回；当前该路径未发现后续UA setter，但并非原子联合采集。,A实例/页面；D采集时序,settings比平台默认更近当前UA，但还需实例/时点/未重写约束。,未发现项目自身正常快照失配实例；App例不能证明本项目已有失配。,限定同实例/时间窗及导航状态，不能仅按同会话盲比。,"[""LOC-011"",""LOC-012"",""LOC-027"",""LOC-029"",""LOC-026""]","[""APPA-029"",""APPA-030"",""APPA-031"",""APPA-032"",""APPA-033"",""APPA-035"",""APPA-036"",""APPB-001"",""APPB-002"",""APPB-003"",""APPB-042"",""APPB-043"",""APPB-044"",""APPB-045"",""APPB-046"",""APPB-047"",""APPB-048"",""APPB-049"",""APPB-050"",""LOC-011"",""LOC-012"",""LOC-026"",""LOC-027"",""LOC-029"",""OFF-001"",""OFF-002"",""OFF-013"",""OFF-014"",""OFF-015"",""OFF-016"",""OFF-017"",""OFF-018"",""OFF-019"",""OFF-040"",""OFF-041"",""OFF-042"",""OFF-046""]","[""A-009"",""A-011"",""B-001""]",NOT_PERFORMED,NO,"[""APP_CONDITIONAL_PATH_SUPPORTED"",""APP_DEFAULT_PATH_SUPPORTED"",""ENGINE_IMPLEMENTATION_SUPPORTED""]"
C05,C0_CANDIDATE_NOT_SELECTED,DEVIATION:NW-002 (NW-002/OFFDER-OS-001 aliases),Native与App Web UA解析Android major差异,UA_PLATFORM,整串替换可能没有Android或保留兼容版本；UA缩减也须版本/容器判别。,Nextcloud通用UA无版本号；NewPipe桌面UA无Android；这种缺解析先为U，不直接等于报警。,matrix已有Android10 K reduced-UA域排除；不能把现代浏览器缩减统统套给历史WebView。,A配置；C版本；D语法域,真正版本比较与C01门控不同。,本样本未证明有生产默认伪旧Android版本且进入可解释域的案例。,保留可解释域与UA来源；缺失token为未知，不能按假定系统版本填充。,"[""LOC-006"",""LOC-013"",""LOC-016"",""LOC-026""]","[""APPA-029"",""APPA-030"",""APPA-031"",""APPA-032"",""APPA-033"",""APPB-001"",""APPB-002"",""APPB-003"",""APPB-042"",""APPB-043"",""APPB-044"",""APPB-045"",""APPB-046"",""APPB-047"",""APPB-048"",""APPB-049"",""APPB-050"",""LOC-006"",""LOC-013"",""LOC-016"",""LOC-026"",""OFF-001"",""OFF-002"",""OFF-013"",""OFF-014"",""OFF-015"",""OFF-016"",""OFF-017"",""OFF-018"",""OFF-019"",""OFF-040"",""OFF-041"",""OFF-042"",""OFF-046""]","[""A-009"",""B-001""]",NOT_PERFORMED,NO,"[""APP_CONDITIONAL_PATH_SUPPORTED"",""APP_DEFAULT_PATH_SUPPORTED"",""ENGINE_IMPLEMENTATION_SUPPORTED""]"
C06,C0_CANDIDATE_NOT_SELECTED,DEVIATION:NW-001,Native model与Web UA Build模型token规范化关系,UA_PLATFORM,正常全串覆盖/品牌串可能省略模型；UA不是硬件标识的无条件镜像。,Nextcloud/NewPipe覆盖串缺完整设备模型；缺token不应伪造比较值。,原冻结model_build_token域另行检查；本轮不扩大解析器。,A配置；D兼容字符串,无model token不等于型号冲突。,没有证明所选App生产默认提供可解析但错误模型token。,保留UNKNOWN/NOT_APPLICABLE与源域，勿强制token存在。,"[""LOC-006"",""LOC-014"",""LOC-026""]","[""APPA-029"",""APPA-030"",""APPA-031"",""APPA-032"",""APPA-033"",""APPB-001"",""APPB-002"",""APPB-003"",""APPB-042"",""APPB-043"",""APPB-044"",""APPB-045"",""APPB-046"",""APPB-047"",""APPB-048"",""APPB-049"",""APPB-050"",""LOC-006"",""LOC-014"",""LOC-026"",""OFF-001"",""OFF-002"",""OFF-013"",""OFF-014"",""OFF-015"",""OFF-016"",""OFF-017"",""OFF-018"",""OFF-019"",""OFF-040"",""OFF-041"",""OFF-042"",""OFF-046""]","[""A-009"",""B-001""]",NOT_PERFORMED,NO,"[""APP_CONDITIONAL_PATH_SUPPORTED"",""APP_DEFAULT_PATH_SUPPORTED"",""ENGINE_IMPLEMENTATION_SUPPORTED""]"
C07,C0_CANDIDATE_NOT_SELECTED,DEVIATION:NVW-001,Native设备模型与system_http_agent Build token关系,UA_PLATFORM,system_http_agent是Java属性；App网络栈可在实际请求另行选择UA，不能用请求差异反推属性变化。,Wikipedia HTTP UA重写/NewPipe OkHttp固定UA仅证明请求可独立，不证明System.setProperty被调用。,Host字段getProperty与WebView请求无自动同义；当前实现要求显式Dalvik语法。,D采集对象；A请求配置但未连到属性setter,字段名Host不表示不可变系统真值或实际请求头。,所选范围未找到默认修改http.agent的实际App调用，不能声称属性正常必变。,限定到该Java属性与Dalvik语法；缺少setter证据保持缺口，不删除关系。,"[""LOC-007"",""LOC-013"",""LOC-016"",""LOC-026""]","[""APPA-001"",""APPA-002"",""APPA-003"",""APPA-004"",""APPA-005"",""APPA-006"",""APPA-007"",""APPA-025"",""APPA-026"",""APPA-027"",""APPA-028"",""APPB-012"",""APPB-013"",""APPB-014"",""APPB-015"",""APPB-016"",""LOC-007"",""LOC-013"",""LOC-016"",""LOC-026"",""OFF-001"",""OFF-002"",""OFF-013"",""OFF-014"",""OFF-015"",""OFF-016"",""OFF-017"",""OFF-018"",""OFF-019"",""OFF-040"",""OFF-041"",""OFF-042"",""OFF-046""]","[""A-001"",""A-007"",""B-008""]",NOT_PERFORMED,NO,"[""APP_CONDITIONAL_PATH_SUPPORTED"",""APP_DEFAULT_PATH_SUPPORTED"",""ENGINE_IMPLEMENTATION_SUPPORTED""]"
C08,C0_CANDIDATE_NOT_SELECTED,DEVIATION:NVW-002 (NVW-002/OFFDER-OS-002 aliases),Native Android major与system_http_agent解析major关系,UA_PLATFORM,system_http_agent是Java属性；App网络栈可在实际请求另行选择UA，不能用请求差异反推属性变化。,Wikipedia HTTP UA重写/NewPipe OkHttp固定UA仅证明请求可独立，不证明System.setProperty被调用。,Host字段getProperty与WebView请求无自动同义；当前实现要求显式Dalvik语法。,D采集对象；A请求配置但未连到属性setter,字段名Host不表示不可变系统真值或实际请求头。,所选范围未找到默认修改http.agent的实际App调用，不能声称属性正常必变。,限定到该Java属性与Dalvik语法；缺少setter证据保持缺口，不删除关系。,"[""LOC-007"",""LOC-013"",""LOC-016"",""LOC-026""]","[""APPA-001"",""APPA-002"",""APPA-003"",""APPA-004"",""APPA-005"",""APPA-006"",""APPA-007"",""APPB-012"",""APPB-013"",""APPB-014"",""APPB-015"",""APPB-016"",""LOC-007"",""LOC-013"",""LOC-016"",""LOC-026"",""OFF-001"",""OFF-002"",""OFF-013"",""OFF-014"",""OFF-015"",""OFF-016"",""OFF-017"",""OFF-018"",""OFF-019"",""OFF-040"",""OFF-041"",""OFF-042"",""OFF-046""]","[""A-001"",""B-008""]",NOT_PERFORMED,NO,"[""APP_CONDITIONAL_PATH_SUPPORTED"",""ENGINE_IMPLEMENTATION_SUPPORTED""]"
C09,C0_CANDIDATE_NOT_SELECTED,DEVIATION:NW-005,Native GLES与WebGL明确硬件族关系（软件/未知为U）,SCREEN_WEBGL,不同图形context/驱动包装与扩展可用性使字符串差异正常；不能凭字符串不等报警。,本轮App没有深入完整图形栈，只有容器/渲染范围线索。,项目现有解析器已对软件/未知弃判；未证明正常明确不同硬件族反例。,C后端；D字符串/扩展,WebGL renderer是驱动描述，非设备唯一硬件证件。,ANGLE/OEM后端完整链和运行字段未评估。,保留软件/不明族域，图形栈另做定向静态研究。,"[""LOC-030"",""LOC-032"",""LOC-019"",""LOC-026""]","[""APPA-001"",""APPA-004"",""APPA-009"",""APPA-012"",""APPA-013"",""APPA-015"",""APPA-018"",""APPA-021"",""APPA-031"",""APPA-034"",""APPA-035"",""APPA-036"",""LOC-019"",""LOC-026"",""LOC-030"",""LOC-032"",""EXT-001"",""EXT-002""]","[""A-016"",""A-017"",""A-019""]",NOT_PERFORMED,NO,"[""UNRESOLVED"",""SPEC_OR_API_DEFINED""]"
C10,C0_CANDIDATE_NOT_SELECTED,DEVIATION:P3-SCREEN-APP,Native/网页短边经DPR换算及容差关系,SCREEN_WEBGL,正常viewport/meta、overview和文字缩放提供布局配置线索；尚未连接到规则实际读取的screen.width/DPR或短边残差，不代表物理面板被修改。,Thunderbird/Nextcloud等业务WebView有布局设置，具体见App记录；文字缩放不能直接冒充DPR变化证据。,项目physical名来自DisplayMetrics；不是所有窗口/显示模式都可假定同屏同单位。,A布局；C设备显示；D采集口径,CSS pixels与Native metrics需明确映射与上下文。,未证明特定正常配置一定越过现有残差容差。,先限定display/window/viewport/时序，维持本轮次优先级，不据线索改阈值。,"[""LOC-006"",""LOC-008"",""LOC-026""]","[""APPA-013"",""APPA-014"",""APPA-015"",""APPA-016"",""APPA-031"",""APPA-034"",""APPA-035"",""APPA-036"",""APPB-037"",""APPB-038"",""LOC-006"",""LOC-008"",""LOC-026"",""EXT-001"",""EXT-002""]","[""A-004"",""A-019"",""B-033""]",NOT_PERFORMED,NO,"[""APP_DEFAULT_PATH_SUPPORTED"",""FRAMEWORK_CAPABILITY"",""UNRESOLVED"",""SPEC_OR_API_DEFINED""]"
H01,HISTORICAL_NOT_FINAL,CONTROL:app.web_data.navigator_layer.hardware_concurrency:LE:4.0:NEGATIVE,R07 LOEO-v1-03历史hardwareConcurrency >4；C最终未选,MEMORY_CONCURRENCY,正常更多可用逻辑处理器可大于4；UA可限制暴露值。,未找到App默认setter；无需setter才能发生设备资源差异。,历史折阈值是4，不能冒充C最终阈值或新规则。,C设备；D可用并发近似,ABI/架构不是核数；Native/Host缺同义核数参照。,具体设备值与框架资源限制未测。,不宜单独绝对值报警；保持历史身份，不能凭ABI构造跨层参照。,"[""LOC-031"",""LOC-008"",""LOC-019""]","[""APPA-031"",""APPA-034"",""APPA-035"",""APPA-036"",""APPB-001"",""APPB-004"",""APPB-024"",""APPB-025"",""LOC-008"",""LOC-019"",""LOC-031"",""OFF-009"",""OFF-010"",""OFF-011"",""OFF-017"",""OFF-030"",""OFF-031"",""OFF-032"",""OFF-033"",""OFF-034"",""OFF-035"",""OFF-036""]","[""A-019"",""B-005"",""B-018""]",NOT_PERFORMED,NO,"[""ENGINE_IMPLEMENTATION_SUPPORTED"",""NOT_FOUND_IN_SCOPED_CODE"",""UNRESOLVED""]"
