order,config_id,short_name,zh_name,role
1,w10-cdp-emulation-screen-metrics-only-v1,Screen metrics,屏幕参数修改,controlled_modification_configuration
2,w10-cdp-emulation-timezone-only-v1,Timezone only,时区单独修改,controlled_modification_configuration
3,w6-tool-054-legacy-default-v1,Playwright preset,Playwright既有配置,controlled_modification_configuration
4,w6-tool-055-legacy-default-v1,Puppeteer preset,Puppeteer既有配置,controlled_modification_configuration
5,w6-tool-056-legacy-default-v1,CDP multi-field preset,CDP既有多字段配置,controlled_modification_configuration
6,w6-tool-058-legacy-default-v1,Stealth preset,stealth既有配置,controlled_modification_configuration
7,w9-rule-boundary-cdp-platform-only-v1,Platform only,平台标识单独修改,controlled_modification_configuration
8,w9-rule-boundary-cdp-resource-pair-v1,CPU + memory,CPU与内存联合修改,controlled_modification_configuration
9,w9-rule-boundary-cdp-ua-only-v1,UA only,UA单独修改,controlled_modification_configuration
10,w9-rule-boundary-cdp-ua-platform-desktop-v1,UA + platform,UA与平台同时修改,controlled_modification_configuration
11,w9-rule-boundary-cdp-webdriver-only-v1,Webdriver only,webdriver单独修改,controlled_modification_configuration
12,w9-stealth-boundary-languages-only-v1,Language list,语言列表单独修改,controlled_modification_configuration
13,w9-stealth-boundary-plugins-mime-v1,Plugins / MIME,插件/MIME信息修改,controlled_modification_configuration
14,w9-stealth-boundary-webgl-pair-v1,WebGL vendor / renderer,WebGL厂商/渲染器修改,controlled_modification_configuration
