scheme,fold_id,cohort,scenario,phase,identity,N,T,F,U,FAILED,EMPTY_MODEL,defined,source_path,source_locator,source_csv_row,method_short,stage,numerator,denominator,rate,defined_rate
APP_FULL,WEBGL1-LOEO-v1-01,timezone,ALL,ALL,NORMAL,30,0,30,0,0,0,30,deliverables/app177_core_ablation_v1/results/summary/specialists.json,/27,29,Full App,RETENTION,0,30,0.0,1.0
APP_FULL,WEBGL1-LOEO-v1-01,timezone,ALL,ALL,EFFECTIVE_INTERVENTION,6,6,0,0,0,0,6,deliverables/app177_core_ablation_v1/results/summary/specialists.json,/28,30,Full App,RETENTION,6,6,1.0,1.0
APP_FULL,WEBGL1-LOEO-v1-02,timezone,ALL,ALL,NORMAL,30,0,30,0,0,0,30,deliverables/app177_core_ablation_v1/results/summary/specialists.json,/101,103,Full App,RETENTION,0,30,0.0,1.0
APP_FULL,WEBGL1-LOEO-v1-02,timezone,ALL,ALL,EFFECTIVE_INTERVENTION,6,6,0,0,0,0,6,deliverables/app177_core_ablation_v1/results/summary/specialists.json,/102,104,Full App,RETENTION,6,6,1.0,1.0
APP_FULL,WEBGL1-LOEO-v1-03,timezone,ALL,ALL,NORMAL,30,0,30,0,0,0,30,deliverables/app177_core_ablation_v1/results/summary/specialists.json,/175,177,Full App,RETENTION,0,30,0.0,1.0
APP_FULL,WEBGL1-LOEO-v1-03,timezone,ALL,ALL,EFFECTIVE_INTERVENTION,6,6,0,0,0,0,6,deliverables/app177_core_ablation_v1/results/summary/specialists.json,/176,178,Full App,RETENTION,6,6,1.0,1.0
A_NO_MTC_CAP,WEBGL1-LOEO-v1-01,timezone,ALL,ALL,NORMAL,30,0,30,0,0,0,30,deliverables/app177_core_ablation_v1/results/summary/specialists.json,/249,251,No MTC alarm cap,RETENTION,0,30,0.0,1.0
A_NO_MTC_CAP,WEBGL1-LOEO-v1-01,timezone,ALL,ALL,EFFECTIVE_INTERVENTION,6,6,0,0,0,0,6,deliverables/app177_core_ablation_v1/results/summary/specialists.json,/250,252,No MTC alarm cap,RETENTION,6,6,1.0,1.0
A_NO_MTC_CAP,WEBGL1-LOEO-v1-02,timezone,ALL,ALL,NORMAL,30,0,30,0,0,0,30,deliverables/app177_core_ablation_v1/results/summary/specialists.json,/323,325,No MTC alarm cap,RETENTION,0,30,0.0,1.0
A_NO_MTC_CAP,WEBGL1-LOEO-v1-02,timezone,ALL,ALL,EFFECTIVE_INTERVENTION,6,6,0,0,0,0,6,deliverables/app177_core_ablation_v1/results/summary/specialists.json,/324,326,No MTC alarm cap,RETENTION,6,6,1.0,1.0
A_NO_MTC_CAP,WEBGL1-LOEO-v1-03,timezone,ALL,ALL,NORMAL,30,0,30,0,0,0,30,deliverables/app177_core_ablation_v1/results/summary/specialists.json,/397,399,No MTC alarm cap,RETENTION,0,30,0.0,1.0
A_NO_MTC_CAP,WEBGL1-LOEO-v1-03,timezone,ALL,ALL,EFFECTIVE_INTERVENTION,6,6,0,0,0,0,6,deliverables/app177_core_ablation_v1/results/summary/specialists.json,/398,400,No MTC alarm cap,RETENTION,6,6,1.0,1.0
A_APP_WEB_ONLY,WEBGL1-LOEO-v1-01,timezone,ALL,ALL,NORMAL,30,6,24,0,0,0,30,deliverables/app177_core_ablation_v1/results/summary/specialists.json,/471,473,App Web only,RETENTION,6,30,0.2,1.0
A_APP_WEB_ONLY,WEBGL1-LOEO-v1-01,timezone,ALL,ALL,EFFECTIVE_INTERVENTION,6,6,0,0,0,0,6,deliverables/app177_core_ablation_v1/results/summary/specialists.json,/472,474,App Web only,RETENTION,6,6,1.0,1.0
A_APP_WEB_ONLY,WEBGL1-LOEO-v1-02,timezone,ALL,ALL,NORMAL,30,6,24,0,0,0,30,deliverables/app177_core_ablation_v1/results/summary/specialists.json,/545,547,App Web only,RETENTION,6,30,0.2,1.0
A_APP_WEB_ONLY,WEBGL1-LOEO-v1-02,timezone,ALL,ALL,EFFECTIVE_INTERVENTION,6,6,0,0,0,0,6,deliverables/app177_core_ablation_v1/results/summary/specialists.json,/546,548,App Web only,RETENTION,6,6,1.0,1.0
A_APP_WEB_ONLY,WEBGL1-LOEO-v1-03,timezone,ALL,ALL,NORMAL,30,6,24,0,0,0,30,deliverables/app177_core_ablation_v1/results/summary/specialists.json,/619,621,App Web only,RETENTION,6,30,0.2,1.0
A_APP_WEB_ONLY,WEBGL1-LOEO-v1-03,timezone,ALL,ALL,EFFECTIVE_INTERVENTION,6,6,0,0,0,0,6,deliverables/app177_core_ablation_v1/results/summary/specialists.json,/620,622,App Web only,RETENTION,6,6,1.0,1.0
A_NO_MEMORY_REL,WEBGL1-LOEO-v1-01,timezone,ALL,ALL,NORMAL,30,0,30,0,0,0,30,deliverables/app177_core_ablation_v1/results/summary/specialists.json,/693,695,No memory relation,RETENTION,0,30,0.0,1.0
A_NO_MEMORY_REL,WEBGL1-LOEO-v1-01,timezone,ALL,ALL,EFFECTIVE_INTERVENTION,6,6,0,0,0,0,6,deliverables/app177_core_ablation_v1/results/summary/specialists.json,/694,696,No memory relation,RETENTION,6,6,1.0,1.0
A_NO_MEMORY_REL,WEBGL1-LOEO-v1-02,timezone,ALL,ALL,NORMAL,30,0,30,0,0,0,30,deliverables/app177_core_ablation_v1/results/summary/specialists.json,/767,769,No memory relation,RETENTION,0,30,0.0,1.0
A_NO_MEMORY_REL,WEBGL1-LOEO-v1-02,timezone,ALL,ALL,EFFECTIVE_INTERVENTION,6,6,0,0,0,0,6,deliverables/app177_core_ablation_v1/results/summary/specialists.json,/768,770,No memory relation,RETENTION,6,6,1.0,1.0
A_NO_MEMORY_REL,WEBGL1-LOEO-v1-03,timezone,ALL,ALL,NORMAL,30,0,30,0,0,0,30,deliverables/app177_core_ablation_v1/results/summary/specialists.json,/841,843,No memory relation,RETENTION,0,30,0.0,1.0
A_NO_MEMORY_REL,WEBGL1-LOEO-v1-03,timezone,ALL,ALL,EFFECTIVE_INTERVENTION,6,6,0,0,0,0,6,deliverables/app177_core_ablation_v1/results/summary/specialists.json,/842,844,No memory relation,RETENTION,6,6,1.0,1.0
A_NO_TIMEZONE_REL,WEBGL1-LOEO-v1-01,timezone,ALL,ALL,NORMAL,30,6,24,0,0,0,30,deliverables/app177_core_ablation_v1/results/summary/specialists.json,/915,917,No timezone relation,RETENTION,6,30,0.2,1.0
A_NO_TIMEZONE_REL,WEBGL1-LOEO-v1-01,timezone,ALL,ALL,EFFECTIVE_INTERVENTION,6,6,0,0,0,0,6,deliverables/app177_core_ablation_v1/results/summary/specialists.json,/916,918,No timezone relation,RETENTION,6,6,1.0,1.0
A_NO_TIMEZONE_REL,WEBGL1-LOEO-v1-02,timezone,ALL,ALL,NORMAL,30,6,24,0,0,0,30,deliverables/app177_core_ablation_v1/results/summary/specialists.json,/989,991,No timezone relation,RETENTION,6,30,0.2,1.0
A_NO_TIMEZONE_REL,WEBGL1-LOEO-v1-02,timezone,ALL,ALL,EFFECTIVE_INTERVENTION,6,6,0,0,0,0,6,deliverables/app177_core_ablation_v1/results/summary/specialists.json,/990,992,No timezone relation,RETENTION,6,6,1.0,1.0
A_NO_TIMEZONE_REL,WEBGL1-LOEO-v1-03,timezone,ALL,ALL,NORMAL,30,6,24,0,0,0,30,deliverables/app177_core_ablation_v1/results/summary/specialists.json,/1063,1065,No timezone relation,RETENTION,6,30,0.2,1.0
A_NO_TIMEZONE_REL,WEBGL1-LOEO-v1-03,timezone,ALL,ALL,EFFECTIVE_INTERVENTION,6,6,0,0,0,0,6,deliverables/app177_core_ablation_v1/results/summary/specialists.json,/1064,1066,No timezone relation,RETENTION,6,6,1.0,1.0
APP_TREE,WEBGL1-LOEO-v1-01,timezone,ALL,ALL,NORMAL,30,0,30,0,0,0,30,deliverables/app177_core_ablation_v1/results/summary/specialists.json,/1137,1139,Small App tree,FITTED,0,30,0.0,1.0
APP_TREE,WEBGL1-LOEO-v1-01,timezone,ALL,ALL,EFFECTIVE_INTERVENTION,6,0,6,0,0,0,6,deliverables/app177_core_ablation_v1/results/summary/specialists.json,/1138,1140,Small App tree,FITTED,0,6,0.0,1.0
APP_TREE,WEBGL1-LOEO-v1-02,timezone,ALL,ALL,NORMAL,30,0,30,0,0,0,30,deliverables/app177_core_ablation_v1/results/summary/specialists.json,/1211,1213,Small App tree,FITTED,0,30,0.0,1.0
APP_TREE,WEBGL1-LOEO-v1-02,timezone,ALL,ALL,EFFECTIVE_INTERVENTION,6,0,6,0,0,0,6,deliverables/app177_core_ablation_v1/results/summary/specialists.json,/1212,1214,Small App tree,FITTED,0,6,0.0,1.0
APP_TREE,WEBGL1-LOEO-v1-03,timezone,ALL,ALL,NORMAL,30,0,30,0,0,0,30,deliverables/app177_core_ablation_v1/results/summary/specialists.json,/1285,1287,Small App tree,FITTED,0,30,0.0,1.0
APP_TREE,WEBGL1-LOEO-v1-03,timezone,ALL,ALL,EFFECTIVE_INTERVENTION,6,0,6,0,0,0,6,deliverables/app177_core_ablation_v1/results/summary/specialists.json,/1286,1288,Small App tree,FITTED,0,6,0.0,1.0
