fold_id,cohort,N,all_input_conditions_defined,has_unknown_conditions,prediction_path_uses_missing_atom,failed,U,source_path,source_locator,source_csv_row,method_short,stage,numerator,denominator,rate,defined_rate
WEBGL1-LOEO-v1-01,controlled,126,111,15,0,0,0,deliverables/app177_core_ablation_v1/results/summary/tree_input_integrity.json,/0,2,,,,126,,
WEBGL1-LOEO-v1-01,mtc,891,818,73,0,0,0,deliverables/app177_core_ablation_v1/results/summary/tree_input_integrity.json,/1,3,,,,891,,
WEBGL1-LOEO-v1-01,memory,72,72,0,0,0,0,deliverables/app177_core_ablation_v1/results/summary/tree_input_integrity.json,/2,4,,,,72,,
WEBGL1-LOEO-v1-01,timezone,36,36,0,0,0,0,deliverables/app177_core_ablation_v1/results/summary/tree_input_integrity.json,/3,5,,,,36,,
WEBGL1-LOEO-v1-01,screen,72,72,0,0,0,0,deliverables/app177_core_ablation_v1/results/summary/tree_input_integrity.json,/4,6,,,,72,,
WEBGL1-LOEO-v1-01,paired60,60,60,0,0,0,0,deliverables/app177_core_ablation_v1/results/summary/tree_input_integrity.json,/5,7,,,,60,,
WEBGL1-LOEO-v1-02,controlled,126,111,15,0,0,0,deliverables/app177_core_ablation_v1/results/summary/tree_input_integrity.json,/6,8,,,,126,,
WEBGL1-LOEO-v1-02,mtc,891,818,73,0,0,0,deliverables/app177_core_ablation_v1/results/summary/tree_input_integrity.json,/7,9,,,,891,,
WEBGL1-LOEO-v1-02,memory,72,72,0,0,0,0,deliverables/app177_core_ablation_v1/results/summary/tree_input_integrity.json,/8,10,,,,72,,
WEBGL1-LOEO-v1-02,timezone,36,36,0,0,0,0,deliverables/app177_core_ablation_v1/results/summary/tree_input_integrity.json,/9,11,,,,36,,
WEBGL1-LOEO-v1-02,screen,72,72,0,0,0,0,deliverables/app177_core_ablation_v1/results/summary/tree_input_integrity.json,/10,12,,,,72,,
WEBGL1-LOEO-v1-02,paired60,60,60,0,0,0,0,deliverables/app177_core_ablation_v1/results/summary/tree_input_integrity.json,/11,13,,,,60,,
WEBGL1-LOEO-v1-03,controlled,126,111,15,0,0,0,deliverables/app177_core_ablation_v1/results/summary/tree_input_integrity.json,/12,14,,,,126,,
WEBGL1-LOEO-v1-03,mtc,891,818,73,0,0,0,deliverables/app177_core_ablation_v1/results/summary/tree_input_integrity.json,/13,15,,,,891,,
WEBGL1-LOEO-v1-03,memory,72,72,0,0,0,0,deliverables/app177_core_ablation_v1/results/summary/tree_input_integrity.json,/14,16,,,,72,,
WEBGL1-LOEO-v1-03,timezone,36,36,0,0,0,0,deliverables/app177_core_ablation_v1/results/summary/tree_input_integrity.json,/15,17,,,,36,,
WEBGL1-LOEO-v1-03,screen,72,72,0,0,0,0,deliverables/app177_core_ablation_v1/results/summary/tree_input_integrity.json,/16,18,,,,72,,
WEBGL1-LOEO-v1-03,paired60,60,60,0,0,0,0,deliverables/app177_core_ablation_v1/results/summary/tree_input_integrity.json,/17,19,,,,60,,
