fold,set_id,feasible,macro,micro_T,micro_n,rules,complexity,reasons,mtc_discovery_n,mtc_discovery_T,mtc_discovery_F,mtc_discovery_U,mtc_discovery_FAILED,mtc_discovery_defined,mtc_discovery_budget,mtc_discovery_minimum_defined,pilot18_n,pilot18_T,pilot18_F,pilot18_U,pilot18_FAILED,pilot18_defined,pilot18_budget,pilot18_minimum_defined,b2b42_n,b2b42_T,b2b42_F,b2b42_U,b2b42_FAILED,b2b42_defined,b2b42_budget,b2b42_minimum_defined,resource54_n,resource54_T,resource54_F,resource54_U,resource54_FAILED,resource54_defined,resource54_budget,resource54_minimum_defined
WEBGL1-LOEO-v1-01,S0,True,0.5,13,26,7,14,,630,6,561,63,0,567,31,567,12,0,12,0,0,12,0,11,34,0,34,0,0,34,1,31,42,0,42,0,0,42,2,38
WEBGL1-LOEO-v1-01,M,False,0.75,19,26,8,16,MODEL_DEFINED_COVERAGE:mtc_discovery,630,8,552,70,0,560,31,567,12,0,12,0,0,12,0,11,34,0,34,0,0,34,1,31,42,0,42,0,0,42,2,38
WEBGL1-LOEO-v1-01,W,False,0.75,19,26,8,16,NORMAL_ALARM_BUDGET:mtc_discovery;MODEL_DEFINED_COVERAGE:mtc_discovery;CANDIDATE_COVERAGE:W,630,46,514,70,0,560,31,567,12,0,12,0,0,12,0,11,34,0,34,0,0,34,1,31,42,0,42,0,0,42,2,38
WEBGL1-LOEO-v1-01,B,False,0.625,16,26,8,16,MODEL_DEFINED_COVERAGE:mtc_discovery,630,6,554,70,0,560,31,567,12,0,12,0,0,12,0,11,34,0,34,0,0,34,1,31,42,0,42,0,0,42,2,38
WEBGL1-LOEO-v1-01,MW,False,0.75,19,26,9,18,NORMAL_ALARM_BUDGET:mtc_discovery;MODEL_DEFINED_COVERAGE:mtc_discovery;CANDIDATE_COVERAGE:W;RULE_BUDGET;COMPLEXITY_BUDGET,630,46,514,70,0,560,31,567,12,0,12,0,0,12,0,11,34,0,34,0,0,34,1,31,42,0,42,0,0,42,2,38
WEBGL1-LOEO-v1-01,MB,False,0.75,19,26,9,18,MODEL_DEFINED_COVERAGE:mtc_discovery;RULE_BUDGET;COMPLEXITY_BUDGET,630,8,552,70,0,560,31,567,12,0,12,0,0,12,0,11,34,0,34,0,0,34,1,31,42,0,42,0,0,42,2,38
WEBGL1-LOEO-v1-01,WB,False,0.75,19,26,9,18,NORMAL_ALARM_BUDGET:mtc_discovery;MODEL_DEFINED_COVERAGE:mtc_discovery;CANDIDATE_COVERAGE:W;RULE_BUDGET;COMPLEXITY_BUDGET,630,46,514,70,0,560,31,567,12,0,12,0,0,12,0,11,34,0,34,0,0,34,1,31,42,0,42,0,0,42,2,38
WEBGL1-LOEO-v1-01,MWB,False,0.75,19,26,10,20,NORMAL_ALARM_BUDGET:mtc_discovery;MODEL_DEFINED_COVERAGE:mtc_discovery;CANDIDATE_COVERAGE:W;RULE_BUDGET;COMPLEXITY_BUDGET,630,46,514,70,0,560,31,567,12,0,12,0,0,12,0,11,34,0,34,0,0,34,1,31,42,0,42,0,0,42,2,38
WEBGL1-LOEO-v1-02,S0,True,0.5,13,26,7,14,,630,6,561,63,0,567,31,567,12,0,12,0,0,12,0,11,34,0,34,0,0,34,1,31,42,0,42,0,0,42,2,38
WEBGL1-LOEO-v1-02,M,False,0.75,19,26,8,16,MODEL_DEFINED_COVERAGE:mtc_discovery,630,8,552,70,0,560,31,567,12,0,12,0,0,12,0,11,34,0,34,0,0,34,1,31,42,0,42,0,0,42,2,38
WEBGL1-LOEO-v1-02,W,False,0.75,19,26,8,16,NORMAL_ALARM_BUDGET:mtc_discovery;MODEL_DEFINED_COVERAGE:mtc_discovery;CANDIDATE_COVERAGE:W,630,46,514,70,0,560,31,567,12,0,12,0,0,12,0,11,34,0,34,0,0,34,1,31,42,0,42,0,0,42,2,38
WEBGL1-LOEO-v1-02,B,False,0.625,16,26,8,16,MODEL_DEFINED_COVERAGE:mtc_discovery,630,6,554,70,0,560,31,567,12,0,12,0,0,12,0,11,34,0,34,0,0,34,1,31,42,0,42,0,0,42,2,38
WEBGL1-LOEO-v1-02,MW,False,0.75,19,26,9,18,NORMAL_ALARM_BUDGET:mtc_discovery;MODEL_DEFINED_COVERAGE:mtc_discovery;CANDIDATE_COVERAGE:W;RULE_BUDGET;COMPLEXITY_BUDGET,630,46,514,70,0,560,31,567,12,0,12,0,0,12,0,11,34,0,34,0,0,34,1,31,42,0,42,0,0,42,2,38
WEBGL1-LOEO-v1-02,MB,False,0.75,19,26,9,18,MODEL_DEFINED_COVERAGE:mtc_discovery;RULE_BUDGET;COMPLEXITY_BUDGET,630,8,552,70,0,560,31,567,12,0,12,0,0,12,0,11,34,0,34,0,0,34,1,31,42,0,42,0,0,42,2,38
WEBGL1-LOEO-v1-02,WB,False,0.75,19,26,9,18,NORMAL_ALARM_BUDGET:mtc_discovery;MODEL_DEFINED_COVERAGE:mtc_discovery;CANDIDATE_COVERAGE:W;RULE_BUDGET;COMPLEXITY_BUDGET,630,46,514,70,0,560,31,567,12,0,12,0,0,12,0,11,34,0,34,0,0,34,1,31,42,0,42,0,0,42,2,38
WEBGL1-LOEO-v1-02,MWB,False,0.75,19,26,10,20,NORMAL_ALARM_BUDGET:mtc_discovery;MODEL_DEFINED_COVERAGE:mtc_discovery;CANDIDATE_COVERAGE:W;RULE_BUDGET;COMPLEXITY_BUDGET,630,46,514,70,0,560,31,567,12,0,12,0,0,12,0,11,34,0,34,0,0,34,1,31,42,0,42,0,0,42,2,38
WEBGL1-LOEO-v1-03,S0,True,0.5,13,26,6,12,,630,0,567,63,0,567,31,567,12,0,12,0,0,12,0,11,34,0,34,0,0,34,1,31,42,0,42,0,0,42,2,38
WEBGL1-LOEO-v1-03,M,False,0.75,19,26,7,14,MODEL_DEFINED_COVERAGE:mtc_discovery,630,2,558,70,0,560,31,567,12,0,12,0,0,12,0,11,34,0,34,0,0,34,1,31,42,0,42,0,0,42,2,38
WEBGL1-LOEO-v1-03,W,False,0.75,19,26,7,14,NORMAL_ALARM_BUDGET:mtc_discovery;MODEL_DEFINED_COVERAGE:mtc_discovery;CANDIDATE_COVERAGE:W,630,40,520,70,0,560,31,567,12,0,12,0,0,12,0,11,34,0,34,0,0,34,1,31,42,0,42,0,0,42,2,38
WEBGL1-LOEO-v1-03,B,False,0.625,16,26,7,14,MODEL_DEFINED_COVERAGE:mtc_discovery,630,0,560,70,0,560,31,567,12,0,12,0,0,12,0,11,34,0,34,0,0,34,1,31,42,0,42,0,0,42,2,38
WEBGL1-LOEO-v1-03,MW,False,0.75,19,26,8,16,NORMAL_ALARM_BUDGET:mtc_discovery;MODEL_DEFINED_COVERAGE:mtc_discovery;CANDIDATE_COVERAGE:W,630,40,520,70,0,560,31,567,12,0,12,0,0,12,0,11,34,0,34,0,0,34,1,31,42,0,42,0,0,42,2,38
WEBGL1-LOEO-v1-03,MB,False,0.75,19,26,8,16,MODEL_DEFINED_COVERAGE:mtc_discovery,630,2,558,70,0,560,31,567,12,0,12,0,0,12,0,11,34,0,34,0,0,34,1,31,42,0,42,0,0,42,2,38
WEBGL1-LOEO-v1-03,WB,False,0.75,19,26,8,16,NORMAL_ALARM_BUDGET:mtc_discovery;MODEL_DEFINED_COVERAGE:mtc_discovery;CANDIDATE_COVERAGE:W,630,40,520,70,0,560,31,567,12,0,12,0,0,12,0,11,34,0,34,0,0,34,1,31,42,0,42,0,0,42,2,38
WEBGL1-LOEO-v1-03,MWB,False,0.75,19,26,9,18,NORMAL_ALARM_BUDGET:mtc_discovery;MODEL_DEFINED_COVERAGE:mtc_discovery;CANDIDATE_COVERAGE:W;RULE_BUDGET;COMPLEXITY_BUDGET,630,40,520,70,0,560,31,567,12,0,12,0,0,12,0,11,34,0,34,0,0,34,1,31,42,0,42,0,0,42,2,38
