fold,set_id,group,feasible,new_detection,lost_detection,new_normal_alarm,lost_normal_alarm,F_to_U,U_to_T,to_FAILED
WEBGL1-LOEO-v1-01,S0,selection,True,0,0,0,0,0,0,0
WEBGL1-LOEO-v1-01,S0,historical_evaluation,True,0,0,0,0,0,0,0
WEBGL1-LOEO-v1-01,S0,mtc_discovery,True,0,0,0,0,0,0,0
WEBGL1-LOEO-v1-01,S0,pilot18,True,0,0,0,0,0,0,0
WEBGL1-LOEO-v1-01,S0,b2b42,True,0,0,0,0,0,0,0
WEBGL1-LOEO-v1-01,S0,resource54,True,0,0,0,0,0,0,0
WEBGL1-LOEO-v1-01,S0,mtc_reserved_validation,True,0,0,0,0,0,0,0
WEBGL1-LOEO-v1-01,S0,mtc_development,True,0,0,0,0,0,0,0
WEBGL1-LOEO-v1-01,M,selection,False,6,0,2,0,7,0,0
WEBGL1-LOEO-v1-01,M,historical_evaluation,False,0,0,1,0,2,0,0
WEBGL1-LOEO-v1-01,M,mtc_discovery,False,0,0,2,0,7,0,0
WEBGL1-LOEO-v1-01,M,pilot18,False,0,0,0,0,0,0,0
WEBGL1-LOEO-v1-01,M,b2b42,False,0,0,0,0,0,0,0
WEBGL1-LOEO-v1-01,M,resource54,False,6,0,0,0,0,0,0
WEBGL1-LOEO-v1-01,M,mtc_reserved_validation,False,0,0,1,0,2,0,0
WEBGL1-LOEO-v1-01,M,mtc_development,False,0,0,0,0,0,0,0
WEBGL1-LOEO-v1-01,W,selection,False,6,0,40,0,7,0,0
WEBGL1-LOEO-v1-01,W,historical_evaluation,False,0,0,22,0,2,0,0
WEBGL1-LOEO-v1-01,W,mtc_discovery,False,0,0,40,0,7,0,0
WEBGL1-LOEO-v1-01,W,pilot18,False,0,0,0,0,0,0,0
WEBGL1-LOEO-v1-01,W,b2b42,False,0,0,0,0,0,0,0
WEBGL1-LOEO-v1-01,W,resource54,False,6,0,0,0,0,0,0
WEBGL1-LOEO-v1-01,W,mtc_reserved_validation,False,0,0,16,0,2,0,0
WEBGL1-LOEO-v1-01,W,mtc_development,False,0,0,6,0,0,0,0
WEBGL1-LOEO-v1-01,B,selection,False,3,0,0,0,7,0,0
WEBGL1-LOEO-v1-01,B,historical_evaluation,False,0,0,0,0,2,0,0
WEBGL1-LOEO-v1-01,B,mtc_discovery,False,0,0,0,0,7,0,0
WEBGL1-LOEO-v1-01,B,pilot18,False,0,0,0,0,0,0,0
WEBGL1-LOEO-v1-01,B,b2b42,False,0,0,0,0,0,0,0
WEBGL1-LOEO-v1-01,B,resource54,False,3,0,0,0,0,0,0
WEBGL1-LOEO-v1-01,B,mtc_reserved_validation,False,0,0,0,0,2,0,0
WEBGL1-LOEO-v1-01,B,mtc_development,False,0,0,0,0,0,0,0
WEBGL1-LOEO-v1-01,MW,selection,False,6,0,40,0,7,0,0
WEBGL1-LOEO-v1-01,MW,historical_evaluation,False,0,0,22,0,2,0,0
WEBGL1-LOEO-v1-01,MW,mtc_discovery,False,0,0,40,0,7,0,0
WEBGL1-LOEO-v1-01,MW,pilot18,False,0,0,0,0,0,0,0
WEBGL1-LOEO-v1-01,MW,b2b42,False,0,0,0,0,0,0,0
WEBGL1-LOEO-v1-01,MW,resource54,False,6,0,0,0,0,0,0
WEBGL1-LOEO-v1-01,MW,mtc_reserved_validation,False,0,0,16,0,2,0,0
WEBGL1-LOEO-v1-01,MW,mtc_development,False,0,0,6,0,0,0,0
WEBGL1-LOEO-v1-01,MB,selection,False,6,0,2,0,7,0,0
WEBGL1-LOEO-v1-01,MB,historical_evaluation,False,0,0,1,0,2,0,0
WEBGL1-LOEO-v1-01,MB,mtc_discovery,False,0,0,2,0,7,0,0
WEBGL1-LOEO-v1-01,MB,pilot18,False,0,0,0,0,0,0,0
WEBGL1-LOEO-v1-01,MB,b2b42,False,0,0,0,0,0,0,0
WEBGL1-LOEO-v1-01,MB,resource54,False,6,0,0,0,0,0,0
WEBGL1-LOEO-v1-01,MB,mtc_reserved_validation,False,0,0,1,0,2,0,0
WEBGL1-LOEO-v1-01,MB,mtc_development,False,0,0,0,0,0,0,0
WEBGL1-LOEO-v1-01,WB,selection,False,6,0,40,0,7,0,0
WEBGL1-LOEO-v1-01,WB,historical_evaluation,False,0,0,22,0,2,0,0
WEBGL1-LOEO-v1-01,WB,mtc_discovery,False,0,0,40,0,7,0,0
WEBGL1-LOEO-v1-01,WB,pilot18,False,0,0,0,0,0,0,0
WEBGL1-LOEO-v1-01,WB,b2b42,False,0,0,0,0,0,0,0
WEBGL1-LOEO-v1-01,WB,resource54,False,6,0,0,0,0,0,0
WEBGL1-LOEO-v1-01,WB,mtc_reserved_validation,False,0,0,16,0,2,0,0
WEBGL1-LOEO-v1-01,WB,mtc_development,False,0,0,6,0,0,0,0
WEBGL1-LOEO-v1-01,MWB,selection,False,6,0,40,0,7,0,0
WEBGL1-LOEO-v1-01,MWB,historical_evaluation,False,0,0,22,0,2,0,0
WEBGL1-LOEO-v1-01,MWB,mtc_discovery,False,0,0,40,0,7,0,0
WEBGL1-LOEO-v1-01,MWB,pilot18,False,0,0,0,0,0,0,0
WEBGL1-LOEO-v1-01,MWB,b2b42,False,0,0,0,0,0,0,0
WEBGL1-LOEO-v1-01,MWB,resource54,False,6,0,0,0,0,0,0
WEBGL1-LOEO-v1-01,MWB,mtc_reserved_validation,False,0,0,16,0,2,0,0
WEBGL1-LOEO-v1-01,MWB,mtc_development,False,0,0,6,0,0,0,0
WEBGL1-LOEO-v1-02,S0,selection,True,0,0,0,0,0,0,0
WEBGL1-LOEO-v1-02,S0,historical_evaluation,True,0,0,0,0,0,0,0
WEBGL1-LOEO-v1-02,S0,mtc_discovery,True,0,0,0,0,0,0,0
WEBGL1-LOEO-v1-02,S0,pilot18,True,0,0,0,0,0,0,0
WEBGL1-LOEO-v1-02,S0,b2b42,True,0,0,0,0,0,0,0
WEBGL1-LOEO-v1-02,S0,resource54,True,0,0,0,0,0,0,0
WEBGL1-LOEO-v1-02,S0,mtc_reserved_validation,True,0,0,0,0,0,0,0
WEBGL1-LOEO-v1-02,S0,mtc_development,True,0,0,0,0,0,0,0
WEBGL1-LOEO-v1-02,M,selection,False,6,0,2,0,7,0,0
WEBGL1-LOEO-v1-02,M,historical_evaluation,False,0,0,1,0,2,0,0
WEBGL1-LOEO-v1-02,M,mtc_discovery,False,0,0,2,0,7,0,0
WEBGL1-LOEO-v1-02,M,pilot18,False,0,0,0,0,0,0,0
WEBGL1-LOEO-v1-02,M,b2b42,False,0,0,0,0,0,0,0
WEBGL1-LOEO-v1-02,M,resource54,False,6,0,0,0,0,0,0
WEBGL1-LOEO-v1-02,M,mtc_reserved_validation,False,0,0,1,0,2,0,0
WEBGL1-LOEO-v1-02,M,mtc_development,False,0,0,0,0,0,0,0
WEBGL1-LOEO-v1-02,W,selection,False,6,0,40,0,7,0,0
WEBGL1-LOEO-v1-02,W,historical_evaluation,False,0,0,22,0,2,0,0
WEBGL1-LOEO-v1-02,W,mtc_discovery,False,0,0,40,0,7,0,0
WEBGL1-LOEO-v1-02,W,pilot18,False,0,0,0,0,0,0,0
WEBGL1-LOEO-v1-02,W,b2b42,False,0,0,0,0,0,0,0
WEBGL1-LOEO-v1-02,W,resource54,False,6,0,0,0,0,0,0
WEBGL1-LOEO-v1-02,W,mtc_reserved_validation,False,0,0,16,0,2,0,0
WEBGL1-LOEO-v1-02,W,mtc_development,False,0,0,6,0,0,0,0
WEBGL1-LOEO-v1-02,B,selection,False,3,0,0,0,7,0,0
WEBGL1-LOEO-v1-02,B,historical_evaluation,False,0,0,0,0,2,0,0
WEBGL1-LOEO-v1-02,B,mtc_discovery,False,0,0,0,0,7,0,0
WEBGL1-LOEO-v1-02,B,pilot18,False,0,0,0,0,0,0,0
WEBGL1-LOEO-v1-02,B,b2b42,False,0,0,0,0,0,0,0
WEBGL1-LOEO-v1-02,B,resource54,False,3,0,0,0,0,0,0
WEBGL1-LOEO-v1-02,B,mtc_reserved_validation,False,0,0,0,0,2,0,0
WEBGL1-LOEO-v1-02,B,mtc_development,False,0,0,0,0,0,0,0
WEBGL1-LOEO-v1-02,MW,selection,False,6,0,40,0,7,0,0
WEBGL1-LOEO-v1-02,MW,historical_evaluation,False,0,0,22,0,2,0,0
WEBGL1-LOEO-v1-02,MW,mtc_discovery,False,0,0,40,0,7,0,0
WEBGL1-LOEO-v1-02,MW,pilot18,False,0,0,0,0,0,0,0
WEBGL1-LOEO-v1-02,MW,b2b42,False,0,0,0,0,0,0,0
WEBGL1-LOEO-v1-02,MW,resource54,False,6,0,0,0,0,0,0
WEBGL1-LOEO-v1-02,MW,mtc_reserved_validation,False,0,0,16,0,2,0,0
WEBGL1-LOEO-v1-02,MW,mtc_development,False,0,0,6,0,0,0,0
WEBGL1-LOEO-v1-02,MB,selection,False,6,0,2,0,7,0,0
WEBGL1-LOEO-v1-02,MB,historical_evaluation,False,0,0,1,0,2,0,0
WEBGL1-LOEO-v1-02,MB,mtc_discovery,False,0,0,2,0,7,0,0
WEBGL1-LOEO-v1-02,MB,pilot18,False,0,0,0,0,0,0,0
WEBGL1-LOEO-v1-02,MB,b2b42,False,0,0,0,0,0,0,0
WEBGL1-LOEO-v1-02,MB,resource54,False,6,0,0,0,0,0,0
WEBGL1-LOEO-v1-02,MB,mtc_reserved_validation,False,0,0,1,0,2,0,0
WEBGL1-LOEO-v1-02,MB,mtc_development,False,0,0,0,0,0,0,0
WEBGL1-LOEO-v1-02,WB,selection,False,6,0,40,0,7,0,0
WEBGL1-LOEO-v1-02,WB,historical_evaluation,False,0,0,22,0,2,0,0
WEBGL1-LOEO-v1-02,WB,mtc_discovery,False,0,0,40,0,7,0,0
WEBGL1-LOEO-v1-02,WB,pilot18,False,0,0,0,0,0,0,0
WEBGL1-LOEO-v1-02,WB,b2b42,False,0,0,0,0,0,0,0
WEBGL1-LOEO-v1-02,WB,resource54,False,6,0,0,0,0,0,0
WEBGL1-LOEO-v1-02,WB,mtc_reserved_validation,False,0,0,16,0,2,0,0
WEBGL1-LOEO-v1-02,WB,mtc_development,False,0,0,6,0,0,0,0
WEBGL1-LOEO-v1-02,MWB,selection,False,6,0,40,0,7,0,0
WEBGL1-LOEO-v1-02,MWB,historical_evaluation,False,0,0,22,0,2,0,0
WEBGL1-LOEO-v1-02,MWB,mtc_discovery,False,0,0,40,0,7,0,0
WEBGL1-LOEO-v1-02,MWB,pilot18,False,0,0,0,0,0,0,0
WEBGL1-LOEO-v1-02,MWB,b2b42,False,0,0,0,0,0,0,0
WEBGL1-LOEO-v1-02,MWB,resource54,False,6,0,0,0,0,0,0
WEBGL1-LOEO-v1-02,MWB,mtc_reserved_validation,False,0,0,16,0,2,0,0
WEBGL1-LOEO-v1-02,MWB,mtc_development,False,0,0,6,0,0,0,0
WEBGL1-LOEO-v1-03,S0,selection,True,0,0,0,0,0,0,0
WEBGL1-LOEO-v1-03,S0,historical_evaluation,True,0,0,0,0,0,0,0
WEBGL1-LOEO-v1-03,S0,mtc_discovery,True,0,0,0,0,0,0,0
WEBGL1-LOEO-v1-03,S0,pilot18,True,0,0,0,0,0,0,0
WEBGL1-LOEO-v1-03,S0,b2b42,True,0,0,0,0,0,0,0
WEBGL1-LOEO-v1-03,S0,resource54,True,0,0,0,0,0,0,0
WEBGL1-LOEO-v1-03,S0,mtc_reserved_validation,True,0,0,0,0,0,0,0
WEBGL1-LOEO-v1-03,S0,mtc_development,True,0,0,0,0,0,0,0
WEBGL1-LOEO-v1-03,M,selection,False,6,0,2,0,7,0,0
WEBGL1-LOEO-v1-03,M,historical_evaluation,False,0,0,1,0,2,0,0
WEBGL1-LOEO-v1-03,M,mtc_discovery,False,0,0,2,0,7,0,0
WEBGL1-LOEO-v1-03,M,pilot18,False,0,0,0,0,0,0,0
WEBGL1-LOEO-v1-03,M,b2b42,False,0,0,0,0,0,0,0
WEBGL1-LOEO-v1-03,M,resource54,False,6,0,0,0,0,0,0
WEBGL1-LOEO-v1-03,M,mtc_reserved_validation,False,0,0,1,0,2,0,0
WEBGL1-LOEO-v1-03,M,mtc_development,False,0,0,0,0,0,0,0
WEBGL1-LOEO-v1-03,W,selection,False,6,0,40,0,7,0,0
WEBGL1-LOEO-v1-03,W,historical_evaluation,False,0,0,22,0,2,0,0
WEBGL1-LOEO-v1-03,W,mtc_discovery,False,0,0,40,0,7,0,0
WEBGL1-LOEO-v1-03,W,pilot18,False,0,0,0,0,0,0,0
WEBGL1-LOEO-v1-03,W,b2b42,False,0,0,0,0,0,0,0
WEBGL1-LOEO-v1-03,W,resource54,False,6,0,0,0,0,0,0
WEBGL1-LOEO-v1-03,W,mtc_reserved_validation,False,0,0,16,0,2,0,0
WEBGL1-LOEO-v1-03,W,mtc_development,False,0,0,6,0,0,0,0
WEBGL1-LOEO-v1-03,B,selection,False,3,0,0,0,7,0,0
WEBGL1-LOEO-v1-03,B,historical_evaluation,False,0,0,0,0,2,0,0
WEBGL1-LOEO-v1-03,B,mtc_discovery,False,0,0,0,0,7,0,0
WEBGL1-LOEO-v1-03,B,pilot18,False,0,0,0,0,0,0,0
WEBGL1-LOEO-v1-03,B,b2b42,False,0,0,0,0,0,0,0
WEBGL1-LOEO-v1-03,B,resource54,False,3,0,0,0,0,0,0
WEBGL1-LOEO-v1-03,B,mtc_reserved_validation,False,0,0,0,0,2,0,0
WEBGL1-LOEO-v1-03,B,mtc_development,False,0,0,0,0,0,0,0
WEBGL1-LOEO-v1-03,MW,selection,False,6,0,40,0,7,0,0
WEBGL1-LOEO-v1-03,MW,historical_evaluation,False,0,0,22,0,2,0,0
WEBGL1-LOEO-v1-03,MW,mtc_discovery,False,0,0,40,0,7,0,0
WEBGL1-LOEO-v1-03,MW,pilot18,False,0,0,0,0,0,0,0
WEBGL1-LOEO-v1-03,MW,b2b42,False,0,0,0,0,0,0,0
WEBGL1-LOEO-v1-03,MW,resource54,False,6,0,0,0,0,0,0
WEBGL1-LOEO-v1-03,MW,mtc_reserved_validation,False,0,0,16,0,2,0,0
WEBGL1-LOEO-v1-03,MW,mtc_development,False,0,0,6,0,0,0,0
WEBGL1-LOEO-v1-03,MB,selection,False,6,0,2,0,7,0,0
WEBGL1-LOEO-v1-03,MB,historical_evaluation,False,0,0,1,0,2,0,0
WEBGL1-LOEO-v1-03,MB,mtc_discovery,False,0,0,2,0,7,0,0
WEBGL1-LOEO-v1-03,MB,pilot18,False,0,0,0,0,0,0,0
WEBGL1-LOEO-v1-03,MB,b2b42,False,0,0,0,0,0,0,0
WEBGL1-LOEO-v1-03,MB,resource54,False,6,0,0,0,0,0,0
WEBGL1-LOEO-v1-03,MB,mtc_reserved_validation,False,0,0,1,0,2,0,0
WEBGL1-LOEO-v1-03,MB,mtc_development,False,0,0,0,0,0,0,0
WEBGL1-LOEO-v1-03,WB,selection,False,6,0,40,0,7,0,0
WEBGL1-LOEO-v1-03,WB,historical_evaluation,False,0,0,22,0,2,0,0
WEBGL1-LOEO-v1-03,WB,mtc_discovery,False,0,0,40,0,7,0,0
WEBGL1-LOEO-v1-03,WB,pilot18,False,0,0,0,0,0,0,0
WEBGL1-LOEO-v1-03,WB,b2b42,False,0,0,0,0,0,0,0
WEBGL1-LOEO-v1-03,WB,resource54,False,6,0,0,0,0,0,0
WEBGL1-LOEO-v1-03,WB,mtc_reserved_validation,False,0,0,16,0,2,0,0
WEBGL1-LOEO-v1-03,WB,mtc_development,False,0,0,6,0,0,0,0
WEBGL1-LOEO-v1-03,MWB,selection,False,6,0,40,0,7,0,0
WEBGL1-LOEO-v1-03,MWB,historical_evaluation,False,0,0,22,0,2,0,0
WEBGL1-LOEO-v1-03,MWB,mtc_discovery,False,0,0,40,0,7,0,0
WEBGL1-LOEO-v1-03,MWB,pilot18,False,0,0,0,0,0,0,0
WEBGL1-LOEO-v1-03,MWB,b2b42,False,0,0,0,0,0,0,0
WEBGL1-LOEO-v1-03,MWB,resource54,False,6,0,0,0,0,0,0
WEBGL1-LOEO-v1-03,MWB,mtc_reserved_validation,False,0,0,16,0,2,0,0
WEBGL1-LOEO-v1-03,MWB,mtc_development,False,0,0,6,0,0,0,0
