fold,set_id,family,feasible,selected,n,T,F,U,FAILED,defined
WEBGL1-LOEO-v1-01,S0,App_language,True,True,2,0,2,0,0,2
WEBGL1-LOEO-v1-01,S0,App_timezone,True,True,2,2,0,0,0,2
WEBGL1-LOEO-v1-01,S0,Browser_language,True,True,5,0,5,0,0,5
WEBGL1-LOEO-v1-01,S0,Browser_timezone,True,True,5,5,0,0,0,5
WEBGL1-LOEO-v1-01,S0,App_resource16_48,True,True,3,3,0,0,0,3
WEBGL1-LOEO-v1-01,S0,App_memory4,True,True,3,3,0,0,0,3
WEBGL1-LOEO-v1-01,S0,Browser_resource16_48,True,True,3,0,3,0,0,3
WEBGL1-LOEO-v1-01,S0,Browser_memory4,True,True,3,0,3,0,0,3
WEBGL1-LOEO-v1-01,M,App_language,False,False,2,0,2,0,0,2
WEBGL1-LOEO-v1-01,M,App_timezone,False,False,2,2,0,0,0,2
WEBGL1-LOEO-v1-01,M,Browser_language,False,False,5,0,5,0,0,5
WEBGL1-LOEO-v1-01,M,Browser_timezone,False,False,5,5,0,0,0,5
WEBGL1-LOEO-v1-01,M,App_resource16_48,False,False,3,3,0,0,0,3
WEBGL1-LOEO-v1-01,M,App_memory4,False,False,3,3,0,0,0,3
WEBGL1-LOEO-v1-01,M,Browser_resource16_48,False,False,3,3,0,0,0,3
WEBGL1-LOEO-v1-01,M,Browser_memory4,False,False,3,3,0,0,0,3
WEBGL1-LOEO-v1-01,W,App_language,False,False,2,0,2,0,0,2
WEBGL1-LOEO-v1-01,W,App_timezone,False,False,2,2,0,0,0,2
WEBGL1-LOEO-v1-01,W,Browser_language,False,False,5,0,5,0,0,5
WEBGL1-LOEO-v1-01,W,Browser_timezone,False,False,5,5,0,0,0,5
WEBGL1-LOEO-v1-01,W,App_resource16_48,False,False,3,3,0,0,0,3
WEBGL1-LOEO-v1-01,W,App_memory4,False,False,3,3,0,0,0,3
WEBGL1-LOEO-v1-01,W,Browser_resource16_48,False,False,3,3,0,0,0,3
WEBGL1-LOEO-v1-01,W,Browser_memory4,False,False,3,3,0,0,0,3
WEBGL1-LOEO-v1-01,B,App_language,False,False,2,0,2,0,0,2
WEBGL1-LOEO-v1-01,B,App_timezone,False,False,2,2,0,0,0,2
WEBGL1-LOEO-v1-01,B,Browser_language,False,False,5,0,5,0,0,5
WEBGL1-LOEO-v1-01,B,Browser_timezone,False,False,5,5,0,0,0,5
WEBGL1-LOEO-v1-01,B,App_resource16_48,False,False,3,3,0,0,0,3
WEBGL1-LOEO-v1-01,B,App_memory4,False,False,3,3,0,0,0,3
WEBGL1-LOEO-v1-01,B,Browser_resource16_48,False,False,3,3,0,0,0,3
WEBGL1-LOEO-v1-01,B,Browser_memory4,False,False,3,0,3,0,0,3
WEBGL1-LOEO-v1-01,MW,App_language,False,False,2,0,2,0,0,2
WEBGL1-LOEO-v1-01,MW,App_timezone,False,False,2,2,0,0,0,2
WEBGL1-LOEO-v1-01,MW,Browser_language,False,False,5,0,5,0,0,5
WEBGL1-LOEO-v1-01,MW,Browser_timezone,False,False,5,5,0,0,0,5
WEBGL1-LOEO-v1-01,MW,App_resource16_48,False,False,3,3,0,0,0,3
WEBGL1-LOEO-v1-01,MW,App_memory4,False,False,3,3,0,0,0,3
WEBGL1-LOEO-v1-01,MW,Browser_resource16_48,False,False,3,3,0,0,0,3
WEBGL1-LOEO-v1-01,MW,Browser_memory4,False,False,3,3,0,0,0,3
WEBGL1-LOEO-v1-01,MB,App_language,False,False,2,0,2,0,0,2
WEBGL1-LOEO-v1-01,MB,App_timezone,False,False,2,2,0,0,0,2
WEBGL1-LOEO-v1-01,MB,Browser_language,False,False,5,0,5,0,0,5
WEBGL1-LOEO-v1-01,MB,Browser_timezone,False,False,5,5,0,0,0,5
WEBGL1-LOEO-v1-01,MB,App_resource16_48,False,False,3,3,0,0,0,3
WEBGL1-LOEO-v1-01,MB,App_memory4,False,False,3,3,0,0,0,3
WEBGL1-LOEO-v1-01,MB,Browser_resource16_48,False,False,3,3,0,0,0,3
WEBGL1-LOEO-v1-01,MB,Browser_memory4,False,False,3,3,0,0,0,3
WEBGL1-LOEO-v1-01,WB,App_language,False,False,2,0,2,0,0,2
WEBGL1-LOEO-v1-01,WB,App_timezone,False,False,2,2,0,0,0,2
WEBGL1-LOEO-v1-01,WB,Browser_language,False,False,5,0,5,0,0,5
WEBGL1-LOEO-v1-01,WB,Browser_timezone,False,False,5,5,0,0,0,5
WEBGL1-LOEO-v1-01,WB,App_resource16_48,False,False,3,3,0,0,0,3
WEBGL1-LOEO-v1-01,WB,App_memory4,False,False,3,3,0,0,0,3
WEBGL1-LOEO-v1-01,WB,Browser_resource16_48,False,False,3,3,0,0,0,3
WEBGL1-LOEO-v1-01,WB,Browser_memory4,False,False,3,3,0,0,0,3
WEBGL1-LOEO-v1-01,MWB,App_language,False,False,2,0,2,0,0,2
WEBGL1-LOEO-v1-01,MWB,App_timezone,False,False,2,2,0,0,0,2
WEBGL1-LOEO-v1-01,MWB,Browser_language,False,False,5,0,5,0,0,5
WEBGL1-LOEO-v1-01,MWB,Browser_timezone,False,False,5,5,0,0,0,5
WEBGL1-LOEO-v1-01,MWB,App_resource16_48,False,False,3,3,0,0,0,3
WEBGL1-LOEO-v1-01,MWB,App_memory4,False,False,3,3,0,0,0,3
WEBGL1-LOEO-v1-01,MWB,Browser_resource16_48,False,False,3,3,0,0,0,3
WEBGL1-LOEO-v1-01,MWB,Browser_memory4,False,False,3,3,0,0,0,3
WEBGL1-LOEO-v1-02,S0,App_language,True,True,2,0,2,0,0,2
WEBGL1-LOEO-v1-02,S0,App_timezone,True,True,2,2,0,0,0,2
WEBGL1-LOEO-v1-02,S0,Browser_language,True,True,5,0,5,0,0,5
WEBGL1-LOEO-v1-02,S0,Browser_timezone,True,True,5,5,0,0,0,5
WEBGL1-LOEO-v1-02,S0,App_resource16_48,True,True,3,3,0,0,0,3
WEBGL1-LOEO-v1-02,S0,App_memory4,True,True,3,3,0,0,0,3
WEBGL1-LOEO-v1-02,S0,Browser_resource16_48,True,True,3,0,3,0,0,3
WEBGL1-LOEO-v1-02,S0,Browser_memory4,True,True,3,0,3,0,0,3
WEBGL1-LOEO-v1-02,M,App_language,False,False,2,0,2,0,0,2
WEBGL1-LOEO-v1-02,M,App_timezone,False,False,2,2,0,0,0,2
WEBGL1-LOEO-v1-02,M,Browser_language,False,False,5,0,5,0,0,5
WEBGL1-LOEO-v1-02,M,Browser_timezone,False,False,5,5,0,0,0,5
WEBGL1-LOEO-v1-02,M,App_resource16_48,False,False,3,3,0,0,0,3
WEBGL1-LOEO-v1-02,M,App_memory4,False,False,3,3,0,0,0,3
WEBGL1-LOEO-v1-02,M,Browser_resource16_48,False,False,3,3,0,0,0,3
WEBGL1-LOEO-v1-02,M,Browser_memory4,False,False,3,3,0,0,0,3
WEBGL1-LOEO-v1-02,W,App_language,False,False,2,0,2,0,0,2
WEBGL1-LOEO-v1-02,W,App_timezone,False,False,2,2,0,0,0,2
WEBGL1-LOEO-v1-02,W,Browser_language,False,False,5,0,5,0,0,5
WEBGL1-LOEO-v1-02,W,Browser_timezone,False,False,5,5,0,0,0,5
WEBGL1-LOEO-v1-02,W,App_resource16_48,False,False,3,3,0,0,0,3
WEBGL1-LOEO-v1-02,W,App_memory4,False,False,3,3,0,0,0,3
WEBGL1-LOEO-v1-02,W,Browser_resource16_48,False,False,3,3,0,0,0,3
WEBGL1-LOEO-v1-02,W,Browser_memory4,False,False,3,3,0,0,0,3
WEBGL1-LOEO-v1-02,B,App_language,False,False,2,0,2,0,0,2
WEBGL1-LOEO-v1-02,B,App_timezone,False,False,2,2,0,0,0,2
WEBGL1-LOEO-v1-02,B,Browser_language,False,False,5,0,5,0,0,5
WEBGL1-LOEO-v1-02,B,Browser_timezone,False,False,5,5,0,0,0,5
WEBGL1-LOEO-v1-02,B,App_resource16_48,False,False,3,3,0,0,0,3
WEBGL1-LOEO-v1-02,B,App_memory4,False,False,3,3,0,0,0,3
WEBGL1-LOEO-v1-02,B,Browser_resource16_48,False,False,3,3,0,0,0,3
WEBGL1-LOEO-v1-02,B,Browser_memory4,False,False,3,0,3,0,0,3
WEBGL1-LOEO-v1-02,MW,App_language,False,False,2,0,2,0,0,2
WEBGL1-LOEO-v1-02,MW,App_timezone,False,False,2,2,0,0,0,2
WEBGL1-LOEO-v1-02,MW,Browser_language,False,False,5,0,5,0,0,5
WEBGL1-LOEO-v1-02,MW,Browser_timezone,False,False,5,5,0,0,0,5
WEBGL1-LOEO-v1-02,MW,App_resource16_48,False,False,3,3,0,0,0,3
WEBGL1-LOEO-v1-02,MW,App_memory4,False,False,3,3,0,0,0,3
WEBGL1-LOEO-v1-02,MW,Browser_resource16_48,False,False,3,3,0,0,0,3
WEBGL1-LOEO-v1-02,MW,Browser_memory4,False,False,3,3,0,0,0,3
WEBGL1-LOEO-v1-02,MB,App_language,False,False,2,0,2,0,0,2
WEBGL1-LOEO-v1-02,MB,App_timezone,False,False,2,2,0,0,0,2
WEBGL1-LOEO-v1-02,MB,Browser_language,False,False,5,0,5,0,0,5
WEBGL1-LOEO-v1-02,MB,Browser_timezone,False,False,5,5,0,0,0,5
WEBGL1-LOEO-v1-02,MB,App_resource16_48,False,False,3,3,0,0,0,3
WEBGL1-LOEO-v1-02,MB,App_memory4,False,False,3,3,0,0,0,3
WEBGL1-LOEO-v1-02,MB,Browser_resource16_48,False,False,3,3,0,0,0,3
WEBGL1-LOEO-v1-02,MB,Browser_memory4,False,False,3,3,0,0,0,3
WEBGL1-LOEO-v1-02,WB,App_language,False,False,2,0,2,0,0,2
WEBGL1-LOEO-v1-02,WB,App_timezone,False,False,2,2,0,0,0,2
WEBGL1-LOEO-v1-02,WB,Browser_language,False,False,5,0,5,0,0,5
WEBGL1-LOEO-v1-02,WB,Browser_timezone,False,False,5,5,0,0,0,5
WEBGL1-LOEO-v1-02,WB,App_resource16_48,False,False,3,3,0,0,0,3
WEBGL1-LOEO-v1-02,WB,App_memory4,False,False,3,3,0,0,0,3
WEBGL1-LOEO-v1-02,WB,Browser_resource16_48,False,False,3,3,0,0,0,3
WEBGL1-LOEO-v1-02,WB,Browser_memory4,False,False,3,3,0,0,0,3
WEBGL1-LOEO-v1-02,MWB,App_language,False,False,2,0,2,0,0,2
WEBGL1-LOEO-v1-02,MWB,App_timezone,False,False,2,2,0,0,0,2
WEBGL1-LOEO-v1-02,MWB,Browser_language,False,False,5,0,5,0,0,5
WEBGL1-LOEO-v1-02,MWB,Browser_timezone,False,False,5,5,0,0,0,5
WEBGL1-LOEO-v1-02,MWB,App_resource16_48,False,False,3,3,0,0,0,3
WEBGL1-LOEO-v1-02,MWB,App_memory4,False,False,3,3,0,0,0,3
WEBGL1-LOEO-v1-02,MWB,Browser_resource16_48,False,False,3,3,0,0,0,3
WEBGL1-LOEO-v1-02,MWB,Browser_memory4,False,False,3,3,0,0,0,3
WEBGL1-LOEO-v1-03,S0,App_language,True,True,2,0,2,0,0,2
WEBGL1-LOEO-v1-03,S0,App_timezone,True,True,2,2,0,0,0,2
WEBGL1-LOEO-v1-03,S0,Browser_language,True,True,5,0,5,0,0,5
WEBGL1-LOEO-v1-03,S0,Browser_timezone,True,True,5,5,0,0,0,5
WEBGL1-LOEO-v1-03,S0,App_resource16_48,True,True,3,3,0,0,0,3
WEBGL1-LOEO-v1-03,S0,App_memory4,True,True,3,3,0,0,0,3
WEBGL1-LOEO-v1-03,S0,Browser_resource16_48,True,True,3,0,3,0,0,3
WEBGL1-LOEO-v1-03,S0,Browser_memory4,True,True,3,0,3,0,0,3
WEBGL1-LOEO-v1-03,M,App_language,False,False,2,0,2,0,0,2
WEBGL1-LOEO-v1-03,M,App_timezone,False,False,2,2,0,0,0,2
WEBGL1-LOEO-v1-03,M,Browser_language,False,False,5,0,5,0,0,5
WEBGL1-LOEO-v1-03,M,Browser_timezone,False,False,5,5,0,0,0,5
WEBGL1-LOEO-v1-03,M,App_resource16_48,False,False,3,3,0,0,0,3
WEBGL1-LOEO-v1-03,M,App_memory4,False,False,3,3,0,0,0,3
WEBGL1-LOEO-v1-03,M,Browser_resource16_48,False,False,3,3,0,0,0,3
WEBGL1-LOEO-v1-03,M,Browser_memory4,False,False,3,3,0,0,0,3
WEBGL1-LOEO-v1-03,W,App_language,False,False,2,0,2,0,0,2
WEBGL1-LOEO-v1-03,W,App_timezone,False,False,2,2,0,0,0,2
WEBGL1-LOEO-v1-03,W,Browser_language,False,False,5,0,5,0,0,5
WEBGL1-LOEO-v1-03,W,Browser_timezone,False,False,5,5,0,0,0,5
WEBGL1-LOEO-v1-03,W,App_resource16_48,False,False,3,3,0,0,0,3
WEBGL1-LOEO-v1-03,W,App_memory4,False,False,3,3,0,0,0,3
WEBGL1-LOEO-v1-03,W,Browser_resource16_48,False,False,3,3,0,0,0,3
WEBGL1-LOEO-v1-03,W,Browser_memory4,False,False,3,3,0,0,0,3
WEBGL1-LOEO-v1-03,B,App_language,False,False,2,0,2,0,0,2
WEBGL1-LOEO-v1-03,B,App_timezone,False,False,2,2,0,0,0,2
WEBGL1-LOEO-v1-03,B,Browser_language,False,False,5,0,5,0,0,5
WEBGL1-LOEO-v1-03,B,Browser_timezone,False,False,5,5,0,0,0,5
WEBGL1-LOEO-v1-03,B,App_resource16_48,False,False,3,3,0,0,0,3
WEBGL1-LOEO-v1-03,B,App_memory4,False,False,3,3,0,0,0,3
WEBGL1-LOEO-v1-03,B,Browser_resource16_48,False,False,3,3,0,0,0,3
WEBGL1-LOEO-v1-03,B,Browser_memory4,False,False,3,0,3,0,0,3
WEBGL1-LOEO-v1-03,MW,App_language,False,False,2,0,2,0,0,2
WEBGL1-LOEO-v1-03,MW,App_timezone,False,False,2,2,0,0,0,2
WEBGL1-LOEO-v1-03,MW,Browser_language,False,False,5,0,5,0,0,5
WEBGL1-LOEO-v1-03,MW,Browser_timezone,False,False,5,5,0,0,0,5
WEBGL1-LOEO-v1-03,MW,App_resource16_48,False,False,3,3,0,0,0,3
WEBGL1-LOEO-v1-03,MW,App_memory4,False,False,3,3,0,0,0,3
WEBGL1-LOEO-v1-03,MW,Browser_resource16_48,False,False,3,3,0,0,0,3
WEBGL1-LOEO-v1-03,MW,Browser_memory4,False,False,3,3,0,0,0,3
WEBGL1-LOEO-v1-03,MB,App_language,False,False,2,0,2,0,0,2
WEBGL1-LOEO-v1-03,MB,App_timezone,False,False,2,2,0,0,0,2
WEBGL1-LOEO-v1-03,MB,Browser_language,False,False,5,0,5,0,0,5
WEBGL1-LOEO-v1-03,MB,Browser_timezone,False,False,5,5,0,0,0,5
WEBGL1-LOEO-v1-03,MB,App_resource16_48,False,False,3,3,0,0,0,3
WEBGL1-LOEO-v1-03,MB,App_memory4,False,False,3,3,0,0,0,3
WEBGL1-LOEO-v1-03,MB,Browser_resource16_48,False,False,3,3,0,0,0,3
WEBGL1-LOEO-v1-03,MB,Browser_memory4,False,False,3,3,0,0,0,3
WEBGL1-LOEO-v1-03,WB,App_language,False,False,2,0,2,0,0,2
WEBGL1-LOEO-v1-03,WB,App_timezone,False,False,2,2,0,0,0,2
WEBGL1-LOEO-v1-03,WB,Browser_language,False,False,5,0,5,0,0,5
WEBGL1-LOEO-v1-03,WB,Browser_timezone,False,False,5,5,0,0,0,5
WEBGL1-LOEO-v1-03,WB,App_resource16_48,False,False,3,3,0,0,0,3
WEBGL1-LOEO-v1-03,WB,App_memory4,False,False,3,3,0,0,0,3
WEBGL1-LOEO-v1-03,WB,Browser_resource16_48,False,False,3,3,0,0,0,3
WEBGL1-LOEO-v1-03,WB,Browser_memory4,False,False,3,3,0,0,0,3
WEBGL1-LOEO-v1-03,MWB,App_language,False,False,2,0,2,0,0,2
WEBGL1-LOEO-v1-03,MWB,App_timezone,False,False,2,2,0,0,0,2
WEBGL1-LOEO-v1-03,MWB,Browser_language,False,False,5,0,5,0,0,5
WEBGL1-LOEO-v1-03,MWB,Browser_timezone,False,False,5,5,0,0,0,5
WEBGL1-LOEO-v1-03,MWB,App_resource16_48,False,False,3,3,0,0,0,3
WEBGL1-LOEO-v1-03,MWB,App_memory4,False,False,3,3,0,0,0,3
WEBGL1-LOEO-v1-03,MWB,Browser_resource16_48,False,False,3,3,0,0,0,3
WEBGL1-LOEO-v1-03,MWB,Browser_memory4,False,False,3,3,0,0,0,3
