model_id,cohort,role,group,n,T,F,U,FAILED,defined,base_T,base_F,base_U,base_FAILED,coverage,trigger_rate
paired244-devext-09060772f27998b093caaea7,b2b42,selection,EFFECTIVE_INTERVENTION,8,4,4,0,0,8,2,6,0,0,8/8,4/8
paired244-devext-09060772f27998b093caaea7,b2b42,selection,NORMAL,34,0,34,0,0,34,0,34,0,0,34/34,0/34
paired244-devext-09060772f27998b093caaea7,b2b42,selection,all,42,4,38,0,0,42,2,40,0,0,42/42,4/42
paired244-devext-09060772f27998b093caaea7,b2b42,selection,family:App_language,2,0,2,0,0,2,0,2,0,0,2/2,0/2
paired244-devext-09060772f27998b093caaea7,b2b42,selection,family:App_timezone,2,2,0,0,0,2,2,0,0,0,2/2,2/2
paired244-devext-09060772f27998b093caaea7,b2b42,selection,family:Browser_language,2,0,2,0,0,2,0,2,0,0,2/2,0/2
paired244-devext-09060772f27998b093caaea7,b2b42,selection,family:Browser_timezone,2,2,0,0,0,2,0,2,0,0,2/2,2/2
paired244-devext-09060772f27998b093caaea7,b2b42,selection,recovery_complete,42,4,38,0,0,42,2,40,0,0,42/42,4/42
paired244-devext-09060772f27998b093caaea7,b2b42,selection,scenario:A_APP_LANG:change,2,0,2,0,0,2,0,2,0,0,2/2,0/2
paired244-devext-09060772f27998b093caaea7,b2b42,selection,scenario:A_APP_LANG:post,2,0,2,0,0,2,0,2,0,0,2/2,0/2
paired244-devext-09060772f27998b093caaea7,b2b42,selection,scenario:A_APP_LANG:pre,2,0,2,0,0,2,0,2,0,0,2/2,0/2
paired244-devext-09060772f27998b093caaea7,b2b42,selection,scenario:A_APP_TZ:change,2,2,0,0,0,2,2,0,0,0,2/2,2/2
paired244-devext-09060772f27998b093caaea7,b2b42,selection,scenario:A_APP_TZ:post,2,0,2,0,0,2,0,2,0,0,2/2,0/2
paired244-devext-09060772f27998b093caaea7,b2b42,selection,scenario:A_APP_TZ:pre,2,0,2,0,0,2,0,2,0,0,2/2,0/2
paired244-devext-09060772f27998b093caaea7,b2b42,selection,scenario:A_BROWSER_LANG:change,2,0,2,0,0,2,0,2,0,0,2/2,0/2
paired244-devext-09060772f27998b093caaea7,b2b42,selection,scenario:A_BROWSER_LANG:post,2,0,2,0,0,2,0,2,0,0,2/2,0/2
paired244-devext-09060772f27998b093caaea7,b2b42,selection,scenario:A_BROWSER_LANG:pre,2,0,2,0,0,2,0,2,0,0,2/2,0/2
paired244-devext-09060772f27998b093caaea7,b2b42,selection,scenario:A_BROWSER_TZ:change,2,2,0,0,0,2,0,2,0,0,2/2,2/2
paired244-devext-09060772f27998b093caaea7,b2b42,selection,scenario:A_BROWSER_TZ:post,2,0,2,0,0,2,0,2,0,0,2/2,0/2
paired244-devext-09060772f27998b093caaea7,b2b42,selection,scenario:A_BROWSER_TZ:pre,2,0,2,0,0,2,0,2,0,0,2/2,0/2
paired244-devext-09060772f27998b093caaea7,b2b42,selection,scenario:L_BROWSER_LANG:change,2,0,2,0,0,2,0,2,0,0,2/2,0/2
paired244-devext-09060772f27998b093caaea7,b2b42,selection,scenario:L_BROWSER_LANG:post,2,0,2,0,0,2,0,2,0,0,2/2,0/2
paired244-devext-09060772f27998b093caaea7,b2b42,selection,scenario:L_BROWSER_LANG:pre,2,0,2,0,0,2,0,2,0,0,2/2,0/2
paired244-devext-09060772f27998b093caaea7,b2b42,selection,scenario:L_SYS_LANG:change,2,0,2,0,0,2,0,2,0,0,2/2,0/2
paired244-devext-09060772f27998b093caaea7,b2b42,selection,scenario:L_SYS_LANG:post,2,0,2,0,0,2,0,2,0,0,2/2,0/2
paired244-devext-09060772f27998b093caaea7,b2b42,selection,scenario:L_SYS_LANG:pre,2,0,2,0,0,2,0,2,0,0,2/2,0/2
paired244-devext-09060772f27998b093caaea7,b2b42,selection,scenario:L_SYS_TZ:change,2,0,2,0,0,2,0,2,0,0,2/2,0/2
paired244-devext-09060772f27998b093caaea7,b2b42,selection,scenario:L_SYS_TZ:post,2,0,2,0,0,2,0,2,0,0,2/2,0/2
paired244-devext-09060772f27998b093caaea7,b2b42,selection,scenario:L_SYS_TZ:pre,2,0,2,0,0,2,0,2,0,0,2/2,0/2
paired244-devext-09060772f27998b093caaea7,mtc_development,historical_evaluation,NORMAL,144,0,133,11,0,133,0,136,8,0,133/144,0/144
paired244-devext-09060772f27998b093caaea7,mtc_development,historical_evaluation,all,144,0,133,11,0,133,0,136,8,0,133/144,0/144
paired244-devext-09060772f27998b093caaea7,mtc_development,historical_evaluation,scenario:routine_mtc:observation,144,0,133,11,0,133,0,136,8,0,133/144,0/144
paired244-devext-09060772f27998b093caaea7,mtc_discovery,selection,NORMAL,630,0,567,63,0,567,0,579,51,0,567/630,0/630
paired244-devext-09060772f27998b093caaea7,mtc_discovery,selection,all,630,0,567,63,0,567,0,579,51,0,567/630,0/630
paired244-devext-09060772f27998b093caaea7,mtc_discovery,selection,scenario:routine_mtc:observation,630,0,567,63,0,567,0,579,51,0,567/630,0/630
paired244-devext-09060772f27998b093caaea7,mtc_reserved_validation,historical_evaluation,NORMAL,117,0,111,6,0,111,0,111,6,0,111/117,0/117
paired244-devext-09060772f27998b093caaea7,mtc_reserved_validation,historical_evaluation,all,117,0,111,6,0,111,0,111,6,0,111/117,0/117
paired244-devext-09060772f27998b093caaea7,mtc_reserved_validation,historical_evaluation,scenario:routine_mtc:observation,117,0,111,6,0,111,0,111,6,0,111/117,0/117
paired244-devext-09060772f27998b093caaea7,pilot18,selection,EFFECTIVE_INTERVENTION,6,3,3,0,0,6,0,6,0,0,6/6,3/6
paired244-devext-09060772f27998b093caaea7,pilot18,selection,NORMAL,12,0,12,0,0,12,0,12,0,0,12/12,0/12
paired244-devext-09060772f27998b093caaea7,pilot18,selection,all,18,3,15,0,0,18,0,18,0,0,18/18,3/18
paired244-devext-09060772f27998b093caaea7,pilot18,selection,family:Browser_language,3,0,3,0,0,3,0,3,0,0,3/3,0/3
paired244-devext-09060772f27998b093caaea7,pilot18,selection,family:Browser_timezone,3,3,0,0,0,3,0,3,0,0,3/3,3/3
paired244-devext-09060772f27998b093caaea7,pilot18,selection,recovery_complete,18,3,15,0,0,18,0,18,0,0,18/18,3/18
paired244-devext-09060772f27998b093caaea7,pilot18,selection,scenario:language_fr:attack_active,3,0,3,0,0,3,0,3,0,0,3/3,0/3
paired244-devext-09060772f27998b093caaea7,pilot18,selection,scenario:language_fr:clean_post,3,0,3,0,0,3,0,3,0,0,3/3,0/3
paired244-devext-09060772f27998b093caaea7,pilot18,selection,scenario:language_fr:clean_pre,3,0,3,0,0,3,0,3,0,0,3/3,0/3
paired244-devext-09060772f27998b093caaea7,pilot18,selection,scenario:timezone_tokyo:attack_active,3,3,0,0,0,3,0,3,0,0,3/3,3/3
paired244-devext-09060772f27998b093caaea7,pilot18,selection,scenario:timezone_tokyo:clean_post,3,0,3,0,0,3,0,3,0,0,3/3,0/3
paired244-devext-09060772f27998b093caaea7,pilot18,selection,scenario:timezone_tokyo:clean_pre,3,0,3,0,0,3,0,3,0,0,3/3,0/3
paired244-devext-9688bfa5bc943c8095f94b46,b2b42,selection,EFFECTIVE_INTERVENTION,8,4,4,0,0,8,2,6,0,0,8/8,4/8
paired244-devext-9688bfa5bc943c8095f94b46,b2b42,selection,NORMAL,34,0,34,0,0,34,0,34,0,0,34/34,0/34
paired244-devext-9688bfa5bc943c8095f94b46,b2b42,selection,all,42,4,38,0,0,42,2,40,0,0,42/42,4/42
paired244-devext-9688bfa5bc943c8095f94b46,b2b42,selection,family:App_language,2,0,2,0,0,2,0,2,0,0,2/2,0/2
paired244-devext-9688bfa5bc943c8095f94b46,b2b42,selection,family:App_timezone,2,2,0,0,0,2,2,0,0,0,2/2,2/2
paired244-devext-9688bfa5bc943c8095f94b46,b2b42,selection,family:Browser_language,2,0,2,0,0,2,0,2,0,0,2/2,0/2
paired244-devext-9688bfa5bc943c8095f94b46,b2b42,selection,family:Browser_timezone,2,2,0,0,0,2,0,2,0,0,2/2,2/2
paired244-devext-9688bfa5bc943c8095f94b46,b2b42,selection,recovery_complete,42,4,38,0,0,42,2,40,0,0,42/42,4/42
paired244-devext-9688bfa5bc943c8095f94b46,b2b42,selection,scenario:A_APP_LANG:change,2,0,2,0,0,2,0,2,0,0,2/2,0/2
paired244-devext-9688bfa5bc943c8095f94b46,b2b42,selection,scenario:A_APP_LANG:post,2,0,2,0,0,2,0,2,0,0,2/2,0/2
paired244-devext-9688bfa5bc943c8095f94b46,b2b42,selection,scenario:A_APP_LANG:pre,2,0,2,0,0,2,0,2,0,0,2/2,0/2
paired244-devext-9688bfa5bc943c8095f94b46,b2b42,selection,scenario:A_APP_TZ:change,2,2,0,0,0,2,2,0,0,0,2/2,2/2
paired244-devext-9688bfa5bc943c8095f94b46,b2b42,selection,scenario:A_APP_TZ:post,2,0,2,0,0,2,0,2,0,0,2/2,0/2
paired244-devext-9688bfa5bc943c8095f94b46,b2b42,selection,scenario:A_APP_TZ:pre,2,0,2,0,0,2,0,2,0,0,2/2,0/2
paired244-devext-9688bfa5bc943c8095f94b46,b2b42,selection,scenario:A_BROWSER_LANG:change,2,0,2,0,0,2,0,2,0,0,2/2,0/2
paired244-devext-9688bfa5bc943c8095f94b46,b2b42,selection,scenario:A_BROWSER_LANG:post,2,0,2,0,0,2,0,2,0,0,2/2,0/2
paired244-devext-9688bfa5bc943c8095f94b46,b2b42,selection,scenario:A_BROWSER_LANG:pre,2,0,2,0,0,2,0,2,0,0,2/2,0/2
paired244-devext-9688bfa5bc943c8095f94b46,b2b42,selection,scenario:A_BROWSER_TZ:change,2,2,0,0,0,2,0,2,0,0,2/2,2/2
paired244-devext-9688bfa5bc943c8095f94b46,b2b42,selection,scenario:A_BROWSER_TZ:post,2,0,2,0,0,2,0,2,0,0,2/2,0/2
paired244-devext-9688bfa5bc943c8095f94b46,b2b42,selection,scenario:A_BROWSER_TZ:pre,2,0,2,0,0,2,0,2,0,0,2/2,0/2
paired244-devext-9688bfa5bc943c8095f94b46,b2b42,selection,scenario:L_BROWSER_LANG:change,2,0,2,0,0,2,0,2,0,0,2/2,0/2
paired244-devext-9688bfa5bc943c8095f94b46,b2b42,selection,scenario:L_BROWSER_LANG:post,2,0,2,0,0,2,0,2,0,0,2/2,0/2
paired244-devext-9688bfa5bc943c8095f94b46,b2b42,selection,scenario:L_BROWSER_LANG:pre,2,0,2,0,0,2,0,2,0,0,2/2,0/2
paired244-devext-9688bfa5bc943c8095f94b46,b2b42,selection,scenario:L_SYS_LANG:change,2,0,2,0,0,2,0,2,0,0,2/2,0/2
paired244-devext-9688bfa5bc943c8095f94b46,b2b42,selection,scenario:L_SYS_LANG:post,2,0,2,0,0,2,0,2,0,0,2/2,0/2
paired244-devext-9688bfa5bc943c8095f94b46,b2b42,selection,scenario:L_SYS_LANG:pre,2,0,2,0,0,2,0,2,0,0,2/2,0/2
paired244-devext-9688bfa5bc943c8095f94b46,b2b42,selection,scenario:L_SYS_TZ:change,2,0,2,0,0,2,0,2,0,0,2/2,0/2
paired244-devext-9688bfa5bc943c8095f94b46,b2b42,selection,scenario:L_SYS_TZ:post,2,0,2,0,0,2,0,2,0,0,2/2,0/2
paired244-devext-9688bfa5bc943c8095f94b46,b2b42,selection,scenario:L_SYS_TZ:pre,2,0,2,0,0,2,0,2,0,0,2/2,0/2
paired244-devext-9688bfa5bc943c8095f94b46,mtc_development,historical_evaluation,NORMAL,144,1,132,11,0,133,1,135,8,0,133/144,1/144
paired244-devext-9688bfa5bc943c8095f94b46,mtc_development,historical_evaluation,all,144,1,132,11,0,133,1,135,8,0,133/144,1/144
paired244-devext-9688bfa5bc943c8095f94b46,mtc_development,historical_evaluation,scenario:routine_mtc:observation,144,1,132,11,0,133,1,135,8,0,133/144,1/144
paired244-devext-9688bfa5bc943c8095f94b46,mtc_discovery,selection,NORMAL,630,6,561,63,0,567,6,573,51,0,567/630,6/630
paired244-devext-9688bfa5bc943c8095f94b46,mtc_discovery,selection,all,630,6,561,63,0,567,6,573,51,0,567/630,6/630
paired244-devext-9688bfa5bc943c8095f94b46,mtc_discovery,selection,scenario:routine_mtc:observation,630,6,561,63,0,567,6,573,51,0,567/630,6/630
paired244-devext-9688bfa5bc943c8095f94b46,mtc_reserved_validation,historical_evaluation,NORMAL,117,1,110,6,0,111,1,110,6,0,111/117,1/117
paired244-devext-9688bfa5bc943c8095f94b46,mtc_reserved_validation,historical_evaluation,all,117,1,110,6,0,111,1,110,6,0,111/117,1/117
paired244-devext-9688bfa5bc943c8095f94b46,mtc_reserved_validation,historical_evaluation,scenario:routine_mtc:observation,117,1,110,6,0,111,1,110,6,0,111/117,1/117
paired244-devext-9688bfa5bc943c8095f94b46,pilot18,selection,EFFECTIVE_INTERVENTION,6,3,3,0,0,6,0,6,0,0,6/6,3/6
paired244-devext-9688bfa5bc943c8095f94b46,pilot18,selection,NORMAL,12,0,12,0,0,12,0,12,0,0,12/12,0/12
paired244-devext-9688bfa5bc943c8095f94b46,pilot18,selection,all,18,3,15,0,0,18,0,18,0,0,18/18,3/18
paired244-devext-9688bfa5bc943c8095f94b46,pilot18,selection,family:Browser_language,3,0,3,0,0,3,0,3,0,0,3/3,0/3
paired244-devext-9688bfa5bc943c8095f94b46,pilot18,selection,family:Browser_timezone,3,3,0,0,0,3,0,3,0,0,3/3,3/3
paired244-devext-9688bfa5bc943c8095f94b46,pilot18,selection,recovery_complete,18,3,15,0,0,18,0,18,0,0,18/18,3/18
paired244-devext-9688bfa5bc943c8095f94b46,pilot18,selection,scenario:language_fr:attack_active,3,0,3,0,0,3,0,3,0,0,3/3,0/3
paired244-devext-9688bfa5bc943c8095f94b46,pilot18,selection,scenario:language_fr:clean_post,3,0,3,0,0,3,0,3,0,0,3/3,0/3
paired244-devext-9688bfa5bc943c8095f94b46,pilot18,selection,scenario:language_fr:clean_pre,3,0,3,0,0,3,0,3,0,0,3/3,0/3
paired244-devext-9688bfa5bc943c8095f94b46,pilot18,selection,scenario:timezone_tokyo:attack_active,3,3,0,0,0,3,0,3,0,0,3/3,3/3
paired244-devext-9688bfa5bc943c8095f94b46,pilot18,selection,scenario:timezone_tokyo:clean_post,3,0,3,0,0,3,0,3,0,0,3/3,0/3
paired244-devext-9688bfa5bc943c8095f94b46,pilot18,selection,scenario:timezone_tokyo:clean_pre,3,0,3,0,0,3,0,3,0,0,3/3,0/3
paired244-devext-c2e38381be26f0a91709871b,b2b42,selection,EFFECTIVE_INTERVENTION,8,4,4,0,0,8,2,6,0,0,8/8,4/8
paired244-devext-c2e38381be26f0a91709871b,b2b42,selection,NORMAL,34,0,34,0,0,34,0,34,0,0,34/34,0/34
paired244-devext-c2e38381be26f0a91709871b,b2b42,selection,all,42,4,38,0,0,42,2,40,0,0,42/42,4/42
paired244-devext-c2e38381be26f0a91709871b,b2b42,selection,family:App_language,2,0,2,0,0,2,0,2,0,0,2/2,0/2
paired244-devext-c2e38381be26f0a91709871b,b2b42,selection,family:App_timezone,2,2,0,0,0,2,2,0,0,0,2/2,2/2
paired244-devext-c2e38381be26f0a91709871b,b2b42,selection,family:Browser_language,2,0,2,0,0,2,0,2,0,0,2/2,0/2
paired244-devext-c2e38381be26f0a91709871b,b2b42,selection,family:Browser_timezone,2,2,0,0,0,2,0,2,0,0,2/2,2/2
paired244-devext-c2e38381be26f0a91709871b,b2b42,selection,recovery_complete,42,4,38,0,0,42,2,40,0,0,42/42,4/42
paired244-devext-c2e38381be26f0a91709871b,b2b42,selection,scenario:A_APP_LANG:change,2,0,2,0,0,2,0,2,0,0,2/2,0/2
paired244-devext-c2e38381be26f0a91709871b,b2b42,selection,scenario:A_APP_LANG:post,2,0,2,0,0,2,0,2,0,0,2/2,0/2
paired244-devext-c2e38381be26f0a91709871b,b2b42,selection,scenario:A_APP_LANG:pre,2,0,2,0,0,2,0,2,0,0,2/2,0/2
paired244-devext-c2e38381be26f0a91709871b,b2b42,selection,scenario:A_APP_TZ:change,2,2,0,0,0,2,2,0,0,0,2/2,2/2
paired244-devext-c2e38381be26f0a91709871b,b2b42,selection,scenario:A_APP_TZ:post,2,0,2,0,0,2,0,2,0,0,2/2,0/2
paired244-devext-c2e38381be26f0a91709871b,b2b42,selection,scenario:A_APP_TZ:pre,2,0,2,0,0,2,0,2,0,0,2/2,0/2
paired244-devext-c2e38381be26f0a91709871b,b2b42,selection,scenario:A_BROWSER_LANG:change,2,0,2,0,0,2,0,2,0,0,2/2,0/2
paired244-devext-c2e38381be26f0a91709871b,b2b42,selection,scenario:A_BROWSER_LANG:post,2,0,2,0,0,2,0,2,0,0,2/2,0/2
paired244-devext-c2e38381be26f0a91709871b,b2b42,selection,scenario:A_BROWSER_LANG:pre,2,0,2,0,0,2,0,2,0,0,2/2,0/2
paired244-devext-c2e38381be26f0a91709871b,b2b42,selection,scenario:A_BROWSER_TZ:change,2,2,0,0,0,2,0,2,0,0,2/2,2/2
paired244-devext-c2e38381be26f0a91709871b,b2b42,selection,scenario:A_BROWSER_TZ:post,2,0,2,0,0,2,0,2,0,0,2/2,0/2
paired244-devext-c2e38381be26f0a91709871b,b2b42,selection,scenario:A_BROWSER_TZ:pre,2,0,2,0,0,2,0,2,0,0,2/2,0/2
paired244-devext-c2e38381be26f0a91709871b,b2b42,selection,scenario:L_BROWSER_LANG:change,2,0,2,0,0,2,0,2,0,0,2/2,0/2
paired244-devext-c2e38381be26f0a91709871b,b2b42,selection,scenario:L_BROWSER_LANG:post,2,0,2,0,0,2,0,2,0,0,2/2,0/2
paired244-devext-c2e38381be26f0a91709871b,b2b42,selection,scenario:L_BROWSER_LANG:pre,2,0,2,0,0,2,0,2,0,0,2/2,0/2
paired244-devext-c2e38381be26f0a91709871b,b2b42,selection,scenario:L_SYS_LANG:change,2,0,2,0,0,2,0,2,0,0,2/2,0/2
paired244-devext-c2e38381be26f0a91709871b,b2b42,selection,scenario:L_SYS_LANG:post,2,0,2,0,0,2,0,2,0,0,2/2,0/2
paired244-devext-c2e38381be26f0a91709871b,b2b42,selection,scenario:L_SYS_LANG:pre,2,0,2,0,0,2,0,2,0,0,2/2,0/2
paired244-devext-c2e38381be26f0a91709871b,b2b42,selection,scenario:L_SYS_TZ:change,2,0,2,0,0,2,0,2,0,0,2/2,0/2
paired244-devext-c2e38381be26f0a91709871b,b2b42,selection,scenario:L_SYS_TZ:post,2,0,2,0,0,2,0,2,0,0,2/2,0/2
paired244-devext-c2e38381be26f0a91709871b,b2b42,selection,scenario:L_SYS_TZ:pre,2,0,2,0,0,2,0,2,0,0,2/2,0/2
paired244-devext-c2e38381be26f0a91709871b,mtc_development,historical_evaluation,NORMAL,144,1,132,11,0,133,1,135,8,0,133/144,1/144
paired244-devext-c2e38381be26f0a91709871b,mtc_development,historical_evaluation,all,144,1,132,11,0,133,1,135,8,0,133/144,1/144
paired244-devext-c2e38381be26f0a91709871b,mtc_development,historical_evaluation,scenario:routine_mtc:observation,144,1,132,11,0,133,1,135,8,0,133/144,1/144
paired244-devext-c2e38381be26f0a91709871b,mtc_discovery,selection,NORMAL,630,6,561,63,0,567,6,573,51,0,567/630,6/630
paired244-devext-c2e38381be26f0a91709871b,mtc_discovery,selection,all,630,6,561,63,0,567,6,573,51,0,567/630,6/630
paired244-devext-c2e38381be26f0a91709871b,mtc_discovery,selection,scenario:routine_mtc:observation,630,6,561,63,0,567,6,573,51,0,567/630,6/630
paired244-devext-c2e38381be26f0a91709871b,mtc_reserved_validation,historical_evaluation,NORMAL,117,1,110,6,0,111,1,110,6,0,111/117,1/117
paired244-devext-c2e38381be26f0a91709871b,mtc_reserved_validation,historical_evaluation,all,117,1,110,6,0,111,1,110,6,0,111/117,1/117
paired244-devext-c2e38381be26f0a91709871b,mtc_reserved_validation,historical_evaluation,scenario:routine_mtc:observation,117,1,110,6,0,111,1,110,6,0,111/117,1/117
paired244-devext-c2e38381be26f0a91709871b,pilot18,selection,EFFECTIVE_INTERVENTION,6,3,3,0,0,6,0,6,0,0,6/6,3/6
paired244-devext-c2e38381be26f0a91709871b,pilot18,selection,NORMAL,12,0,12,0,0,12,0,12,0,0,12/12,0/12
paired244-devext-c2e38381be26f0a91709871b,pilot18,selection,all,18,3,15,0,0,18,0,18,0,0,18/18,3/18
paired244-devext-c2e38381be26f0a91709871b,pilot18,selection,family:Browser_language,3,0,3,0,0,3,0,3,0,0,3/3,0/3
paired244-devext-c2e38381be26f0a91709871b,pilot18,selection,family:Browser_timezone,3,3,0,0,0,3,0,3,0,0,3/3,3/3
paired244-devext-c2e38381be26f0a91709871b,pilot18,selection,recovery_complete,18,3,15,0,0,18,0,18,0,0,18/18,3/18
paired244-devext-c2e38381be26f0a91709871b,pilot18,selection,scenario:language_fr:attack_active,3,0,3,0,0,3,0,3,0,0,3/3,0/3
paired244-devext-c2e38381be26f0a91709871b,pilot18,selection,scenario:language_fr:clean_post,3,0,3,0,0,3,0,3,0,0,3/3,0/3
paired244-devext-c2e38381be26f0a91709871b,pilot18,selection,scenario:language_fr:clean_pre,3,0,3,0,0,3,0,3,0,0,3/3,0/3
paired244-devext-c2e38381be26f0a91709871b,pilot18,selection,scenario:timezone_tokyo:attack_active,3,3,0,0,0,3,0,3,0,0,3/3,3/3
paired244-devext-c2e38381be26f0a91709871b,pilot18,selection,scenario:timezone_tokyo:clean_post,3,0,3,0,0,3,0,3,0,0,3/3,0/3
paired244-devext-c2e38381be26f0a91709871b,pilot18,selection,scenario:timezone_tokyo:clean_pre,3,0,3,0,0,3,0,3,0,0,3/3,0/3
