model_id,method,cohort,group,n,T,F,U,FAILED,defined,scope
mtc-rel-tz-4ae67bb9da899cc419dd525f,frozen_App,b2b42,EFFECTIVE_INTERVENTION,8,2,6,0,0,8,existing_frozen_reference_not_P1_P2_holdout
mtc-rel-tz-4ae67bb9da899cc419dd525f,frozen_App,b2b42,NORMAL,34,0,34,0,0,34,existing_frozen_reference_not_P1_P2_holdout
mtc-rel-tz-4ae67bb9da899cc419dd525f,frozen_App,b2b42,all,42,2,40,0,0,42,existing_frozen_reference_not_P1_P2_holdout
mtc-rel-tz-4ae67bb9da899cc419dd525f,frozen_App,mtc_development,NORMAL,144,0,136,8,0,136,existing_frozen_reference_not_P1_P2_holdout
mtc-rel-tz-4ae67bb9da899cc419dd525f,frozen_App,mtc_development,all,144,0,136,8,0,136,existing_frozen_reference_not_P1_P2_holdout
mtc-rel-tz-4ae67bb9da899cc419dd525f,frozen_App,mtc_discovery,NORMAL,630,0,579,51,0,579,existing_frozen_reference_not_P1_P2_holdout
mtc-rel-tz-4ae67bb9da899cc419dd525f,frozen_App,mtc_discovery,all,630,0,579,51,0,579,existing_frozen_reference_not_P1_P2_holdout
mtc-rel-tz-4ae67bb9da899cc419dd525f,frozen_App,mtc_reserved_validation,NORMAL,117,0,111,6,0,111,existing_frozen_reference_not_P1_P2_holdout
mtc-rel-tz-4ae67bb9da899cc419dd525f,frozen_App,mtc_reserved_validation,all,117,0,111,6,0,111,existing_frozen_reference_not_P1_P2_holdout
mtc-rel-tz-4ae67bb9da899cc419dd525f,frozen_App,pilot18,EFFECTIVE_INTERVENTION,6,0,6,0,0,6,existing_frozen_reference_not_P1_P2_holdout
mtc-rel-tz-4ae67bb9da899cc419dd525f,frozen_App,pilot18,NORMAL,12,0,12,0,0,12,existing_frozen_reference_not_P1_P2_holdout
mtc-rel-tz-4ae67bb9da899cc419dd525f,frozen_App,pilot18,all,18,0,18,0,0,18,existing_frozen_reference_not_P1_P2_holdout
mtc-rel-tz-6e10284c39b1b601ab406240,frozen_App,b2b42,EFFECTIVE_INTERVENTION,8,2,6,0,0,8,existing_frozen_reference_not_P1_P2_holdout
mtc-rel-tz-6e10284c39b1b601ab406240,frozen_App,b2b42,NORMAL,34,0,34,0,0,34,existing_frozen_reference_not_P1_P2_holdout
mtc-rel-tz-6e10284c39b1b601ab406240,frozen_App,b2b42,all,42,2,40,0,0,42,existing_frozen_reference_not_P1_P2_holdout
mtc-rel-tz-6e10284c39b1b601ab406240,frozen_App,mtc_development,NORMAL,144,1,135,8,0,136,existing_frozen_reference_not_P1_P2_holdout
mtc-rel-tz-6e10284c39b1b601ab406240,frozen_App,mtc_development,all,144,1,135,8,0,136,existing_frozen_reference_not_P1_P2_holdout
mtc-rel-tz-6e10284c39b1b601ab406240,frozen_App,mtc_discovery,NORMAL,630,6,573,51,0,579,existing_frozen_reference_not_P1_P2_holdout
mtc-rel-tz-6e10284c39b1b601ab406240,frozen_App,mtc_discovery,all,630,6,573,51,0,579,existing_frozen_reference_not_P1_P2_holdout
mtc-rel-tz-6e10284c39b1b601ab406240,frozen_App,mtc_reserved_validation,NORMAL,117,1,110,6,0,111,existing_frozen_reference_not_P1_P2_holdout
mtc-rel-tz-6e10284c39b1b601ab406240,frozen_App,mtc_reserved_validation,all,117,1,110,6,0,111,existing_frozen_reference_not_P1_P2_holdout
mtc-rel-tz-6e10284c39b1b601ab406240,frozen_App,pilot18,EFFECTIVE_INTERVENTION,6,0,6,0,0,6,existing_frozen_reference_not_P1_P2_holdout
mtc-rel-tz-6e10284c39b1b601ab406240,frozen_App,pilot18,NORMAL,12,0,12,0,0,12,existing_frozen_reference_not_P1_P2_holdout
mtc-rel-tz-6e10284c39b1b601ab406240,frozen_App,pilot18,all,18,0,18,0,0,18,existing_frozen_reference_not_P1_P2_holdout
mtc-rel-tz-9c5fa0e310ba10a00e520b1c,frozen_App,b2b42,EFFECTIVE_INTERVENTION,8,2,6,0,0,8,existing_frozen_reference_not_P1_P2_holdout
mtc-rel-tz-9c5fa0e310ba10a00e520b1c,frozen_App,b2b42,NORMAL,34,0,34,0,0,34,existing_frozen_reference_not_P1_P2_holdout
mtc-rel-tz-9c5fa0e310ba10a00e520b1c,frozen_App,b2b42,all,42,2,40,0,0,42,existing_frozen_reference_not_P1_P2_holdout
mtc-rel-tz-9c5fa0e310ba10a00e520b1c,frozen_App,mtc_development,NORMAL,144,1,135,8,0,136,existing_frozen_reference_not_P1_P2_holdout
mtc-rel-tz-9c5fa0e310ba10a00e520b1c,frozen_App,mtc_development,all,144,1,135,8,0,136,existing_frozen_reference_not_P1_P2_holdout
mtc-rel-tz-9c5fa0e310ba10a00e520b1c,frozen_App,mtc_discovery,NORMAL,630,6,573,51,0,579,existing_frozen_reference_not_P1_P2_holdout
mtc-rel-tz-9c5fa0e310ba10a00e520b1c,frozen_App,mtc_discovery,all,630,6,573,51,0,579,existing_frozen_reference_not_P1_P2_holdout
mtc-rel-tz-9c5fa0e310ba10a00e520b1c,frozen_App,mtc_reserved_validation,NORMAL,117,1,110,6,0,111,existing_frozen_reference_not_P1_P2_holdout
mtc-rel-tz-9c5fa0e310ba10a00e520b1c,frozen_App,mtc_reserved_validation,all,117,1,110,6,0,111,existing_frozen_reference_not_P1_P2_holdout
mtc-rel-tz-9c5fa0e310ba10a00e520b1c,frozen_App,pilot18,EFFECTIVE_INTERVENTION,6,0,6,0,0,6,existing_frozen_reference_not_P1_P2_holdout
mtc-rel-tz-9c5fa0e310ba10a00e520b1c,frozen_App,pilot18,NORMAL,12,0,12,0,0,12,existing_frozen_reference_not_P1_P2_holdout
mtc-rel-tz-9c5fa0e310ba10a00e520b1c,frozen_App,pilot18,all,18,0,18,0,0,18,existing_frozen_reference_not_P1_P2_holdout
paired244-devext-09060772f27998b093caaea7,frozen_B2C,b2b42,EFFECTIVE_INTERVENTION,8,4,4,0,0,8,existing_frozen_reference_not_P1_P2_holdout
paired244-devext-09060772f27998b093caaea7,frozen_B2C,b2b42,NORMAL,34,0,34,0,0,34,existing_frozen_reference_not_P1_P2_holdout
paired244-devext-09060772f27998b093caaea7,frozen_B2C,b2b42,all,42,4,38,0,0,42,existing_frozen_reference_not_P1_P2_holdout
paired244-devext-09060772f27998b093caaea7,frozen_B2C,mtc_development,NORMAL,144,0,133,11,0,133,existing_frozen_reference_not_P1_P2_holdout
paired244-devext-09060772f27998b093caaea7,frozen_B2C,mtc_development,all,144,0,133,11,0,133,existing_frozen_reference_not_P1_P2_holdout
paired244-devext-09060772f27998b093caaea7,frozen_B2C,mtc_discovery,NORMAL,630,0,567,63,0,567,existing_frozen_reference_not_P1_P2_holdout
paired244-devext-09060772f27998b093caaea7,frozen_B2C,mtc_discovery,all,630,0,567,63,0,567,existing_frozen_reference_not_P1_P2_holdout
paired244-devext-09060772f27998b093caaea7,frozen_B2C,mtc_reserved_validation,NORMAL,117,0,111,6,0,111,existing_frozen_reference_not_P1_P2_holdout
paired244-devext-09060772f27998b093caaea7,frozen_B2C,mtc_reserved_validation,all,117,0,111,6,0,111,existing_frozen_reference_not_P1_P2_holdout
paired244-devext-09060772f27998b093caaea7,frozen_B2C,pilot18,EFFECTIVE_INTERVENTION,6,3,3,0,0,6,existing_frozen_reference_not_P1_P2_holdout
paired244-devext-09060772f27998b093caaea7,frozen_B2C,pilot18,NORMAL,12,0,12,0,0,12,existing_frozen_reference_not_P1_P2_holdout
paired244-devext-09060772f27998b093caaea7,frozen_B2C,pilot18,all,18,3,15,0,0,18,existing_frozen_reference_not_P1_P2_holdout
paired244-devext-9688bfa5bc943c8095f94b46,frozen_B2C,b2b42,EFFECTIVE_INTERVENTION,8,4,4,0,0,8,existing_frozen_reference_not_P1_P2_holdout
paired244-devext-9688bfa5bc943c8095f94b46,frozen_B2C,b2b42,NORMAL,34,0,34,0,0,34,existing_frozen_reference_not_P1_P2_holdout
paired244-devext-9688bfa5bc943c8095f94b46,frozen_B2C,b2b42,all,42,4,38,0,0,42,existing_frozen_reference_not_P1_P2_holdout
paired244-devext-9688bfa5bc943c8095f94b46,frozen_B2C,mtc_development,NORMAL,144,1,132,11,0,133,existing_frozen_reference_not_P1_P2_holdout
paired244-devext-9688bfa5bc943c8095f94b46,frozen_B2C,mtc_development,all,144,1,132,11,0,133,existing_frozen_reference_not_P1_P2_holdout
paired244-devext-9688bfa5bc943c8095f94b46,frozen_B2C,mtc_discovery,NORMAL,630,6,561,63,0,567,existing_frozen_reference_not_P1_P2_holdout
paired244-devext-9688bfa5bc943c8095f94b46,frozen_B2C,mtc_discovery,all,630,6,561,63,0,567,existing_frozen_reference_not_P1_P2_holdout
paired244-devext-9688bfa5bc943c8095f94b46,frozen_B2C,mtc_reserved_validation,NORMAL,117,1,110,6,0,111,existing_frozen_reference_not_P1_P2_holdout
paired244-devext-9688bfa5bc943c8095f94b46,frozen_B2C,mtc_reserved_validation,all,117,1,110,6,0,111,existing_frozen_reference_not_P1_P2_holdout
paired244-devext-9688bfa5bc943c8095f94b46,frozen_B2C,pilot18,EFFECTIVE_INTERVENTION,6,3,3,0,0,6,existing_frozen_reference_not_P1_P2_holdout
paired244-devext-9688bfa5bc943c8095f94b46,frozen_B2C,pilot18,NORMAL,12,0,12,0,0,12,existing_frozen_reference_not_P1_P2_holdout
paired244-devext-9688bfa5bc943c8095f94b46,frozen_B2C,pilot18,all,18,3,15,0,0,18,existing_frozen_reference_not_P1_P2_holdout
paired244-devext-c2e38381be26f0a91709871b,frozen_B2C,b2b42,EFFECTIVE_INTERVENTION,8,4,4,0,0,8,existing_frozen_reference_not_P1_P2_holdout
paired244-devext-c2e38381be26f0a91709871b,frozen_B2C,b2b42,NORMAL,34,0,34,0,0,34,existing_frozen_reference_not_P1_P2_holdout
paired244-devext-c2e38381be26f0a91709871b,frozen_B2C,b2b42,all,42,4,38,0,0,42,existing_frozen_reference_not_P1_P2_holdout
paired244-devext-c2e38381be26f0a91709871b,frozen_B2C,mtc_development,NORMAL,144,1,132,11,0,133,existing_frozen_reference_not_P1_P2_holdout
paired244-devext-c2e38381be26f0a91709871b,frozen_B2C,mtc_development,all,144,1,132,11,0,133,existing_frozen_reference_not_P1_P2_holdout
paired244-devext-c2e38381be26f0a91709871b,frozen_B2C,mtc_discovery,NORMAL,630,6,561,63,0,567,existing_frozen_reference_not_P1_P2_holdout
paired244-devext-c2e38381be26f0a91709871b,frozen_B2C,mtc_discovery,all,630,6,561,63,0,567,existing_frozen_reference_not_P1_P2_holdout
paired244-devext-c2e38381be26f0a91709871b,frozen_B2C,mtc_reserved_validation,NORMAL,117,1,110,6,0,111,existing_frozen_reference_not_P1_P2_holdout
paired244-devext-c2e38381be26f0a91709871b,frozen_B2C,mtc_reserved_validation,all,117,1,110,6,0,111,existing_frozen_reference_not_P1_P2_holdout
paired244-devext-c2e38381be26f0a91709871b,frozen_B2C,pilot18,EFFECTIVE_INTERVENTION,6,3,3,0,0,6,existing_frozen_reference_not_P1_P2_holdout
paired244-devext-c2e38381be26f0a91709871b,frozen_B2C,pilot18,NORMAL,12,0,12,0,0,12,existing_frozen_reference_not_P1_P2_holdout
paired244-devext-c2e38381be26f0a91709871b,frozen_B2C,pilot18,all,18,3,15,0,0,18,existing_frozen_reference_not_P1_P2_holdout
