plan,view,role,cohort,group,n,T,F,U,FAILED,defined,input_complete,partial_input_binary,unseen_category_positions,observed_input_rate,binary_output_rate,T_rate
P0,V_APP,historical_normal_evaluation,mtc_development,NORMAL,144,0,144,0,0,144,143,1,0,143/144,144/144,0/144
P0,V_APP,historical_normal_evaluation,mtc_development,all,144,0,144,0,0,144,143,1,0,143/144,144/144,0/144
P0,V_APP,historical_normal_evaluation,mtc_development,scenario:routine_mtc:observation,144,0,144,0,0,144,143,1,0,143/144,144/144,0/144
P0,V_APP,historical_normal_evaluation,mtc_reserved_validation,NORMAL,117,0,117,0,0,117,117,0,1,117/117,117/117,0/117
P0,V_APP,historical_normal_evaluation,mtc_reserved_validation,all,117,0,117,0,0,117,117,0,1,117/117,117/117,0/117
P0,V_APP,historical_normal_evaluation,mtc_reserved_validation,scenario:routine_mtc:observation,117,0,117,0,0,117,117,0,1,117/117,117/117,0/117
P0,V_APP,training,b2b42,EFFECTIVE_INTERVENTION,8,4,4,0,0,8,8,0,0,8/8,8/8,4/8
P0,V_APP,training,b2b42,NORMAL,34,2,32,0,0,34,34,0,0,34/34,34/34,2/34
P0,V_APP,training,b2b42,all,42,6,36,0,0,42,42,0,0,42/42,42/42,6/42
P0,V_APP,training,b2b42,family:App_language,2,2,0,0,0,2,2,0,0,2/2,2/2,2/2
P0,V_APP,training,b2b42,family:App_timezone,2,2,0,0,0,2,2,0,0,2/2,2/2,2/2
P0,V_APP,training,b2b42,family:Browser_language,2,0,2,0,0,2,2,0,0,2/2,2/2,0/2
P0,V_APP,training,b2b42,family:Browser_timezone,2,0,2,0,0,2,2,0,0,2/2,2/2,0/2
P0,V_APP,training,b2b42,scenario:A_APP_LANG:change,2,2,0,0,0,2,2,0,0,2/2,2/2,2/2
P0,V_APP,training,b2b42,scenario:A_APP_LANG:post,2,0,2,0,0,2,2,0,0,2/2,2/2,0/2
P0,V_APP,training,b2b42,scenario:A_APP_LANG:pre,2,0,2,0,0,2,2,0,0,2/2,2/2,0/2
P0,V_APP,training,b2b42,scenario:A_APP_TZ:change,2,2,0,0,0,2,2,0,0,2/2,2/2,2/2
P0,V_APP,training,b2b42,scenario:A_APP_TZ:post,2,0,2,0,0,2,2,0,0,2/2,2/2,0/2
P0,V_APP,training,b2b42,scenario:A_APP_TZ:pre,2,0,2,0,0,2,2,0,0,2/2,2/2,0/2
P0,V_APP,training,b2b42,scenario:A_BROWSER_LANG:change,2,0,2,0,0,2,2,0,0,2/2,2/2,0/2
P0,V_APP,training,b2b42,scenario:A_BROWSER_LANG:post,2,0,2,0,0,2,2,0,0,2/2,2/2,0/2
P0,V_APP,training,b2b42,scenario:A_BROWSER_LANG:pre,2,0,2,0,0,2,2,0,0,2/2,2/2,0/2
P0,V_APP,training,b2b42,scenario:A_BROWSER_TZ:change,2,0,2,0,0,2,2,0,0,2/2,2/2,0/2
P0,V_APP,training,b2b42,scenario:A_BROWSER_TZ:post,2,0,2,0,0,2,2,0,0,2/2,2/2,0/2
P0,V_APP,training,b2b42,scenario:A_BROWSER_TZ:pre,2,0,2,0,0,2,2,0,0,2/2,2/2,0/2
P0,V_APP,training,b2b42,scenario:L_BROWSER_LANG:change,2,0,2,0,0,2,2,0,0,2/2,2/2,0/2
P0,V_APP,training,b2b42,scenario:L_BROWSER_LANG:post,2,0,2,0,0,2,2,0,0,2/2,2/2,0/2
P0,V_APP,training,b2b42,scenario:L_BROWSER_LANG:pre,2,0,2,0,0,2,2,0,0,2/2,2/2,0/2
P0,V_APP,training,b2b42,scenario:L_SYS_LANG:change,2,0,2,0,0,2,2,0,0,2/2,2/2,0/2
P0,V_APP,training,b2b42,scenario:L_SYS_LANG:post,2,0,2,0,0,2,2,0,0,2/2,2/2,0/2
P0,V_APP,training,b2b42,scenario:L_SYS_LANG:pre,2,0,2,0,0,2,2,0,0,2/2,2/2,0/2
P0,V_APP,training,b2b42,scenario:L_SYS_TZ:change,2,2,0,0,0,2,2,0,0,2/2,2/2,2/2
P0,V_APP,training,b2b42,scenario:L_SYS_TZ:post,2,0,2,0,0,2,2,0,0,2/2,2/2,0/2
P0,V_APP,training,b2b42,scenario:L_SYS_TZ:pre,2,0,2,0,0,2,2,0,0,2/2,2/2,0/2
P0,V_APP,training,mtc_discovery,NORMAL,630,0,630,0,0,630,627,3,0,627/630,630/630,0/630
P0,V_APP,training,mtc_discovery,all,630,0,630,0,0,630,627,3,0,627/630,630/630,0/630
P0,V_APP,training,mtc_discovery,scenario:routine_mtc:observation,630,0,630,0,0,630,627,3,0,627/630,630/630,0/630
P0,V_APP,training,pilot18,EFFECTIVE_INTERVENTION,6,0,6,0,0,6,6,0,0,6/6,6/6,0/6
P0,V_APP,training,pilot18,NORMAL,12,0,12,0,0,12,12,0,0,12/12,12/12,0/12
P0,V_APP,training,pilot18,all,18,0,18,0,0,18,18,0,0,18/18,18/18,0/18
P0,V_APP,training,pilot18,family:Browser_language,3,0,3,0,0,3,3,0,0,3/3,3/3,0/3
P0,V_APP,training,pilot18,family:Browser_timezone,3,0,3,0,0,3,3,0,0,3/3,3/3,0/3
P0,V_APP,training,pilot18,scenario:language_fr:attack_active,3,0,3,0,0,3,3,0,0,3/3,3/3,0/3
P0,V_APP,training,pilot18,scenario:language_fr:clean_post,3,0,3,0,0,3,3,0,0,3/3,3/3,0/3
P0,V_APP,training,pilot18,scenario:language_fr:clean_pre,3,0,3,0,0,3,3,0,0,3/3,3/3,0/3
P0,V_APP,training,pilot18,scenario:timezone_tokyo:attack_active,3,0,3,0,0,3,3,0,0,3/3,3/3,0/3
P0,V_APP,training,pilot18,scenario:timezone_tokyo:clean_post,3,0,3,0,0,3,3,0,0,3/3,3/3,0/3
P0,V_APP,training,pilot18,scenario:timezone_tokyo:clean_pre,3,0,3,0,0,3,3,0,0,3/3,3/3,0/3
P0,V_BOTH,historical_normal_evaluation,mtc_development,NORMAL,144,0,144,0,0,144,139,5,0,139/144,144/144,0/144
P0,V_BOTH,historical_normal_evaluation,mtc_development,all,144,0,144,0,0,144,139,5,0,139/144,144/144,0/144
P0,V_BOTH,historical_normal_evaluation,mtc_development,scenario:routine_mtc:observation,144,0,144,0,0,144,139,5,0,139/144,144/144,0/144
P0,V_BOTH,historical_normal_evaluation,mtc_reserved_validation,NORMAL,117,0,117,0,0,117,116,1,1,116/117,117/117,0/117
P0,V_BOTH,historical_normal_evaluation,mtc_reserved_validation,all,117,0,117,0,0,117,116,1,1,116/117,117/117,0/117
P0,V_BOTH,historical_normal_evaluation,mtc_reserved_validation,scenario:routine_mtc:observation,117,0,117,0,0,117,116,1,1,116/117,117/117,0/117
P0,V_BOTH,training,b2b42,EFFECTIVE_INTERVENTION,8,8,0,0,0,8,8,0,0,8/8,8/8,8/8
P0,V_BOTH,training,b2b42,NORMAL,34,32,2,0,0,34,34,0,0,34/34,34/34,32/34
P0,V_BOTH,training,b2b42,all,42,40,2,0,0,42,42,0,0,42/42,42/42,40/42
P0,V_BOTH,training,b2b42,family:App_language,2,2,0,0,0,2,2,0,0,2/2,2/2,2/2
P0,V_BOTH,training,b2b42,family:App_timezone,2,2,0,0,0,2,2,0,0,2/2,2/2,2/2
P0,V_BOTH,training,b2b42,family:Browser_language,2,2,0,0,0,2,2,0,0,2/2,2/2,2/2
P0,V_BOTH,training,b2b42,family:Browser_timezone,2,2,0,0,0,2,2,0,0,2/2,2/2,2/2
P0,V_BOTH,training,b2b42,scenario:A_APP_LANG:change,2,2,0,0,0,2,2,0,0,2/2,2/2,2/2
P0,V_BOTH,training,b2b42,scenario:A_APP_LANG:post,2,2,0,0,0,2,2,0,0,2/2,2/2,2/2
P0,V_BOTH,training,b2b42,scenario:A_APP_LANG:pre,2,2,0,0,0,2,2,0,0,2/2,2/2,2/2
P0,V_BOTH,training,b2b42,scenario:A_APP_TZ:change,2,2,0,0,0,2,2,0,0,2/2,2/2,2/2
P0,V_BOTH,training,b2b42,scenario:A_APP_TZ:post,2,2,0,0,0,2,2,0,0,2/2,2/2,2/2
P0,V_BOTH,training,b2b42,scenario:A_APP_TZ:pre,2,2,0,0,0,2,2,0,0,2/2,2/2,2/2
P0,V_BOTH,training,b2b42,scenario:A_BROWSER_LANG:change,2,2,0,0,0,2,2,0,0,2/2,2/2,2/2
P0,V_BOTH,training,b2b42,scenario:A_BROWSER_LANG:post,2,2,0,0,0,2,2,0,0,2/2,2/2,2/2
P0,V_BOTH,training,b2b42,scenario:A_BROWSER_LANG:pre,2,2,0,0,0,2,2,0,0,2/2,2/2,2/2
P0,V_BOTH,training,b2b42,scenario:A_BROWSER_TZ:change,2,2,0,0,0,2,2,0,0,2/2,2/2,2/2
P0,V_BOTH,training,b2b42,scenario:A_BROWSER_TZ:post,2,2,0,0,0,2,2,0,0,2/2,2/2,2/2
P0,V_BOTH,training,b2b42,scenario:A_BROWSER_TZ:pre,2,2,0,0,0,2,2,0,0,2/2,2/2,2/2
P0,V_BOTH,training,b2b42,scenario:L_BROWSER_LANG:change,2,2,0,0,0,2,2,0,0,2/2,2/2,2/2
P0,V_BOTH,training,b2b42,scenario:L_BROWSER_LANG:post,2,2,0,0,0,2,2,0,0,2/2,2/2,2/2
P0,V_BOTH,training,b2b42,scenario:L_BROWSER_LANG:pre,2,2,0,0,0,2,2,0,0,2/2,2/2,2/2
P0,V_BOTH,training,b2b42,scenario:L_SYS_LANG:change,2,0,2,0,0,2,2,0,0,2/2,2/2,0/2
P0,V_BOTH,training,b2b42,scenario:L_SYS_LANG:post,2,2,0,0,0,2,2,0,0,2/2,2/2,2/2
P0,V_BOTH,training,b2b42,scenario:L_SYS_LANG:pre,2,2,0,0,0,2,2,0,0,2/2,2/2,2/2
P0,V_BOTH,training,b2b42,scenario:L_SYS_TZ:change,2,2,0,0,0,2,2,0,0,2/2,2/2,2/2
P0,V_BOTH,training,b2b42,scenario:L_SYS_TZ:post,2,2,0,0,0,2,2,0,0,2/2,2/2,2/2
P0,V_BOTH,training,b2b42,scenario:L_SYS_TZ:pre,2,2,0,0,0,2,2,0,0,2/2,2/2,2/2
P0,V_BOTH,training,mtc_discovery,NORMAL,630,0,630,0,0,630,603,27,0,603/630,630/630,0/630
P0,V_BOTH,training,mtc_discovery,all,630,0,630,0,0,630,603,27,0,603/630,630/630,0/630
P0,V_BOTH,training,mtc_discovery,scenario:routine_mtc:observation,630,0,630,0,0,630,603,27,0,603/630,630/630,0/630
P0,V_BOTH,training,pilot18,EFFECTIVE_INTERVENTION,6,6,0,0,0,6,6,0,0,6/6,6/6,6/6
P0,V_BOTH,training,pilot18,NORMAL,12,0,12,0,0,12,12,0,0,12/12,12/12,0/12
P0,V_BOTH,training,pilot18,all,18,6,12,0,0,18,18,0,0,18/18,18/18,6/18
P0,V_BOTH,training,pilot18,family:Browser_language,3,3,0,0,0,3,3,0,0,3/3,3/3,3/3
P0,V_BOTH,training,pilot18,family:Browser_timezone,3,3,0,0,0,3,3,0,0,3/3,3/3,3/3
P0,V_BOTH,training,pilot18,scenario:language_fr:attack_active,3,3,0,0,0,3,3,0,0,3/3,3/3,3/3
P0,V_BOTH,training,pilot18,scenario:language_fr:clean_post,3,0,3,0,0,3,3,0,0,3/3,3/3,0/3
P0,V_BOTH,training,pilot18,scenario:language_fr:clean_pre,3,0,3,0,0,3,3,0,0,3/3,3/3,0/3
P0,V_BOTH,training,pilot18,scenario:timezone_tokyo:attack_active,3,3,0,0,0,3,3,0,0,3/3,3/3,3/3
P0,V_BOTH,training,pilot18,scenario:timezone_tokyo:clean_post,3,0,3,0,0,3,3,0,0,3/3,3/3,0/3
P0,V_BOTH,training,pilot18,scenario:timezone_tokyo:clean_pre,3,0,3,0,0,3,3,0,0,3/3,3/3,0/3
P0,V_BOTH_REL,historical_normal_evaluation,mtc_development,NORMAL,144,0,144,0,0,144,139,5,0,139/144,144/144,0/144
P0,V_BOTH_REL,historical_normal_evaluation,mtc_development,all,144,0,144,0,0,144,139,5,0,139/144,144/144,0/144
P0,V_BOTH_REL,historical_normal_evaluation,mtc_development,scenario:routine_mtc:observation,144,0,144,0,0,144,139,5,0,139/144,144/144,0/144
P0,V_BOTH_REL,historical_normal_evaluation,mtc_reserved_validation,NORMAL,117,0,117,0,0,117,116,1,1,116/117,117/117,0/117
P0,V_BOTH_REL,historical_normal_evaluation,mtc_reserved_validation,all,117,0,117,0,0,117,116,1,1,116/117,117/117,0/117
P0,V_BOTH_REL,historical_normal_evaluation,mtc_reserved_validation,scenario:routine_mtc:observation,117,0,117,0,0,117,116,1,1,116/117,117/117,0/117
P0,V_BOTH_REL,training,b2b42,EFFECTIVE_INTERVENTION,8,8,0,0,0,8,8,0,0,8/8,8/8,8/8
P0,V_BOTH_REL,training,b2b42,NORMAL,34,0,34,0,0,34,34,0,0,34/34,34/34,0/34
P0,V_BOTH_REL,training,b2b42,all,42,8,34,0,0,42,42,0,0,42/42,42/42,8/42
P0,V_BOTH_REL,training,b2b42,family:App_language,2,2,0,0,0,2,2,0,0,2/2,2/2,2/2
P0,V_BOTH_REL,training,b2b42,family:App_timezone,2,2,0,0,0,2,2,0,0,2/2,2/2,2/2
P0,V_BOTH_REL,training,b2b42,family:Browser_language,2,2,0,0,0,2,2,0,0,2/2,2/2,2/2
P0,V_BOTH_REL,training,b2b42,family:Browser_timezone,2,2,0,0,0,2,2,0,0,2/2,2/2,2/2
P0,V_BOTH_REL,training,b2b42,scenario:A_APP_LANG:change,2,2,0,0,0,2,2,0,0,2/2,2/2,2/2
P0,V_BOTH_REL,training,b2b42,scenario:A_APP_LANG:post,2,0,2,0,0,2,2,0,0,2/2,2/2,0/2
P0,V_BOTH_REL,training,b2b42,scenario:A_APP_LANG:pre,2,0,2,0,0,2,2,0,0,2/2,2/2,0/2
P0,V_BOTH_REL,training,b2b42,scenario:A_APP_TZ:change,2,2,0,0,0,2,2,0,0,2/2,2/2,2/2
P0,V_BOTH_REL,training,b2b42,scenario:A_APP_TZ:post,2,0,2,0,0,2,2,0,0,2/2,2/2,0/2
P0,V_BOTH_REL,training,b2b42,scenario:A_APP_TZ:pre,2,0,2,0,0,2,2,0,0,2/2,2/2,0/2
P0,V_BOTH_REL,training,b2b42,scenario:A_BROWSER_LANG:change,2,2,0,0,0,2,2,0,0,2/2,2/2,2/2
P0,V_BOTH_REL,training,b2b42,scenario:A_BROWSER_LANG:post,2,0,2,0,0,2,2,0,0,2/2,2/2,0/2
P0,V_BOTH_REL,training,b2b42,scenario:A_BROWSER_LANG:pre,2,0,2,0,0,2,2,0,0,2/2,2/2,0/2
P0,V_BOTH_REL,training,b2b42,scenario:A_BROWSER_TZ:change,2,2,0,0,0,2,2,0,0,2/2,2/2,2/2
P0,V_BOTH_REL,training,b2b42,scenario:A_BROWSER_TZ:post,2,0,2,0,0,2,2,0,0,2/2,2/2,0/2
P0,V_BOTH_REL,training,b2b42,scenario:A_BROWSER_TZ:pre,2,0,2,0,0,2,2,0,0,2/2,2/2,0/2
P0,V_BOTH_REL,training,b2b42,scenario:L_BROWSER_LANG:change,2,0,2,0,0,2,2,0,0,2/2,2/2,0/2
P0,V_BOTH_REL,training,b2b42,scenario:L_BROWSER_LANG:post,2,0,2,0,0,2,2,0,0,2/2,2/2,0/2
P0,V_BOTH_REL,training,b2b42,scenario:L_BROWSER_LANG:pre,2,0,2,0,0,2,2,0,0,2/2,2/2,0/2
P0,V_BOTH_REL,training,b2b42,scenario:L_SYS_LANG:change,2,0,2,0,0,2,2,0,0,2/2,2/2,0/2
P0,V_BOTH_REL,training,b2b42,scenario:L_SYS_LANG:post,2,0,2,0,0,2,2,0,0,2/2,2/2,0/2
P0,V_BOTH_REL,training,b2b42,scenario:L_SYS_LANG:pre,2,0,2,0,0,2,2,0,0,2/2,2/2,0/2
P0,V_BOTH_REL,training,b2b42,scenario:L_SYS_TZ:change,2,0,2,0,0,2,2,0,0,2/2,2/2,0/2
P0,V_BOTH_REL,training,b2b42,scenario:L_SYS_TZ:post,2,0,2,0,0,2,2,0,0,2/2,2/2,0/2
P0,V_BOTH_REL,training,b2b42,scenario:L_SYS_TZ:pre,2,0,2,0,0,2,2,0,0,2/2,2/2,0/2
P0,V_BOTH_REL,training,mtc_discovery,NORMAL,630,0,630,0,0,630,603,27,0,603/630,630/630,0/630
P0,V_BOTH_REL,training,mtc_discovery,all,630,0,630,0,0,630,603,27,0,603/630,630/630,0/630
P0,V_BOTH_REL,training,mtc_discovery,scenario:routine_mtc:observation,630,0,630,0,0,630,603,27,0,603/630,630/630,0/630
P0,V_BOTH_REL,training,pilot18,EFFECTIVE_INTERVENTION,6,6,0,0,0,6,6,0,0,6/6,6/6,6/6
P0,V_BOTH_REL,training,pilot18,NORMAL,12,0,12,0,0,12,12,0,0,12/12,12/12,0/12
P0,V_BOTH_REL,training,pilot18,all,18,6,12,0,0,18,18,0,0,18/18,18/18,6/18
P0,V_BOTH_REL,training,pilot18,family:Browser_language,3,3,0,0,0,3,3,0,0,3/3,3/3,3/3
P0,V_BOTH_REL,training,pilot18,family:Browser_timezone,3,3,0,0,0,3,3,0,0,3/3,3/3,3/3
P0,V_BOTH_REL,training,pilot18,scenario:language_fr:attack_active,3,3,0,0,0,3,3,0,0,3/3,3/3,3/3
P0,V_BOTH_REL,training,pilot18,scenario:language_fr:clean_post,3,0,3,0,0,3,3,0,0,3/3,3/3,0/3
P0,V_BOTH_REL,training,pilot18,scenario:language_fr:clean_pre,3,0,3,0,0,3,3,0,0,3/3,3/3,0/3
P0,V_BOTH_REL,training,pilot18,scenario:timezone_tokyo:attack_active,3,3,0,0,0,3,3,0,0,3/3,3/3,3/3
P0,V_BOTH_REL,training,pilot18,scenario:timezone_tokyo:clean_post,3,0,3,0,0,3,3,0,0,3/3,3/3,0/3
P0,V_BOTH_REL,training,pilot18,scenario:timezone_tokyo:clean_pre,3,0,3,0,0,3,3,0,0,3/3,3/3,0/3
P0,V_BROWSER,historical_normal_evaluation,mtc_development,NORMAL,144,0,144,0,0,144,139,5,0,139/144,144/144,0/144
P0,V_BROWSER,historical_normal_evaluation,mtc_development,all,144,0,144,0,0,144,139,5,0,139/144,144/144,0/144
P0,V_BROWSER,historical_normal_evaluation,mtc_development,scenario:routine_mtc:observation,144,0,144,0,0,144,139,5,0,139/144,144/144,0/144
P0,V_BROWSER,historical_normal_evaluation,mtc_reserved_validation,NORMAL,117,0,117,0,0,117,116,1,1,116/117,117/117,0/117
P0,V_BROWSER,historical_normal_evaluation,mtc_reserved_validation,all,117,0,117,0,0,117,116,1,1,116/117,117/117,0/117
P0,V_BROWSER,historical_normal_evaluation,mtc_reserved_validation,scenario:routine_mtc:observation,117,0,117,0,0,117,116,1,1,116/117,117/117,0/117
P0,V_BROWSER,training,b2b42,EFFECTIVE_INTERVENTION,8,8,0,0,0,8,8,0,0,8/8,8/8,8/8
P0,V_BROWSER,training,b2b42,NORMAL,34,30,4,0,0,34,34,0,0,34/34,34/34,30/34
P0,V_BROWSER,training,b2b42,all,42,38,4,0,0,42,42,0,0,42/42,42/42,38/42
P0,V_BROWSER,training,b2b42,family:App_language,2,2,0,0,0,2,2,0,0,2/2,2/2,2/2
P0,V_BROWSER,training,b2b42,family:App_timezone,2,2,0,0,0,2,2,0,0,2/2,2/2,2/2
P0,V_BROWSER,training,b2b42,family:Browser_language,2,2,0,0,0,2,2,0,0,2/2,2/2,2/2
P0,V_BROWSER,training,b2b42,family:Browser_timezone,2,2,0,0,0,2,2,0,0,2/2,2/2,2/2
P0,V_BROWSER,training,b2b42,scenario:A_APP_LANG:change,2,2,0,0,0,2,2,0,0,2/2,2/2,2/2
P0,V_BROWSER,training,b2b42,scenario:A_APP_LANG:post,2,2,0,0,0,2,2,0,0,2/2,2/2,2/2
P0,V_BROWSER,training,b2b42,scenario:A_APP_LANG:pre,2,2,0,0,0,2,2,0,0,2/2,2/2,2/2
P0,V_BROWSER,training,b2b42,scenario:A_APP_TZ:change,2,2,0,0,0,2,2,0,0,2/2,2/2,2/2
P0,V_BROWSER,training,b2b42,scenario:A_APP_TZ:post,2,2,0,0,0,2,2,0,0,2/2,2/2,2/2
P0,V_BROWSER,training,b2b42,scenario:A_APP_TZ:pre,2,2,0,0,0,2,2,0,0,2/2,2/2,2/2
P0,V_BROWSER,training,b2b42,scenario:A_BROWSER_LANG:change,2,2,0,0,0,2,2,0,0,2/2,2/2,2/2
P0,V_BROWSER,training,b2b42,scenario:A_BROWSER_LANG:post,2,2,0,0,0,2,2,0,0,2/2,2/2,2/2
P0,V_BROWSER,training,b2b42,scenario:A_BROWSER_LANG:pre,2,2,0,0,0,2,2,0,0,2/2,2/2,2/2
P0,V_BROWSER,training,b2b42,scenario:A_BROWSER_TZ:change,2,2,0,0,0,2,2,0,0,2/2,2/2,2/2
P0,V_BROWSER,training,b2b42,scenario:A_BROWSER_TZ:post,2,2,0,0,0,2,2,0,0,2/2,2/2,2/2
P0,V_BROWSER,training,b2b42,scenario:A_BROWSER_TZ:pre,2,2,0,0,0,2,2,0,0,2/2,2/2,2/2
P0,V_BROWSER,training,b2b42,scenario:L_BROWSER_LANG:change,2,0,2,0,0,2,2,0,0,2/2,2/2,0/2
P0,V_BROWSER,training,b2b42,scenario:L_BROWSER_LANG:post,2,2,0,0,0,2,2,0,0,2/2,2/2,2/2
P0,V_BROWSER,training,b2b42,scenario:L_BROWSER_LANG:pre,2,2,0,0,0,2,2,0,0,2/2,2/2,2/2
P0,V_BROWSER,training,b2b42,scenario:L_SYS_LANG:change,2,0,2,0,0,2,2,0,0,2/2,2/2,0/2
P0,V_BROWSER,training,b2b42,scenario:L_SYS_LANG:post,2,2,0,0,0,2,2,0,0,2/2,2/2,2/2
P0,V_BROWSER,training,b2b42,scenario:L_SYS_LANG:pre,2,2,0,0,0,2,2,0,0,2/2,2/2,2/2
P0,V_BROWSER,training,b2b42,scenario:L_SYS_TZ:change,2,2,0,0,0,2,2,0,0,2/2,2/2,2/2
P0,V_BROWSER,training,b2b42,scenario:L_SYS_TZ:post,2,2,0,0,0,2,2,0,0,2/2,2/2,2/2
P0,V_BROWSER,training,b2b42,scenario:L_SYS_TZ:pre,2,2,0,0,0,2,2,0,0,2/2,2/2,2/2
P0,V_BROWSER,training,mtc_discovery,NORMAL,630,0,630,0,0,630,605,25,0,605/630,630/630,0/630
P0,V_BROWSER,training,mtc_discovery,all,630,0,630,0,0,630,605,25,0,605/630,630/630,0/630
P0,V_BROWSER,training,mtc_discovery,scenario:routine_mtc:observation,630,0,630,0,0,630,605,25,0,605/630,630/630,0/630
P0,V_BROWSER,training,pilot18,EFFECTIVE_INTERVENTION,6,6,0,0,0,6,6,0,0,6/6,6/6,6/6
P0,V_BROWSER,training,pilot18,NORMAL,12,0,12,0,0,12,12,0,0,12/12,12/12,0/12
P0,V_BROWSER,training,pilot18,all,18,6,12,0,0,18,18,0,0,18/18,18/18,6/18
P0,V_BROWSER,training,pilot18,family:Browser_language,3,3,0,0,0,3,3,0,0,3/3,3/3,3/3
P0,V_BROWSER,training,pilot18,family:Browser_timezone,3,3,0,0,0,3,3,0,0,3/3,3/3,3/3
P0,V_BROWSER,training,pilot18,scenario:language_fr:attack_active,3,3,0,0,0,3,3,0,0,3/3,3/3,3/3
P0,V_BROWSER,training,pilot18,scenario:language_fr:clean_post,3,0,3,0,0,3,3,0,0,3/3,3/3,0/3
P0,V_BROWSER,training,pilot18,scenario:language_fr:clean_pre,3,0,3,0,0,3,3,0,0,3/3,3/3,0/3
P0,V_BROWSER,training,pilot18,scenario:timezone_tokyo:attack_active,3,3,0,0,0,3,3,0,0,3/3,3/3,3/3
P0,V_BROWSER,training,pilot18,scenario:timezone_tokyo:clean_post,3,0,3,0,0,3,3,0,0,3/3,3/3,0/3
P0,V_BROWSER,training,pilot18,scenario:timezone_tokyo:clean_pre,3,0,3,0,0,3,3,0,0,3/3,3/3,0/3
P1,V_APP,batch_holdout_development,pilot18,EFFECTIVE_INTERVENTION,6,6,0,0,0,6,6,0,0,6/6,6/6,6/6
P1,V_APP,batch_holdout_development,pilot18,NORMAL,12,12,0,0,0,12,12,0,0,12/12,12/12,12/12
P1,V_APP,batch_holdout_development,pilot18,all,18,18,0,0,0,18,18,0,0,18/18,18/18,18/18
P1,V_APP,batch_holdout_development,pilot18,family:Browser_language,3,3,0,0,0,3,3,0,0,3/3,3/3,3/3
P1,V_APP,batch_holdout_development,pilot18,family:Browser_timezone,3,3,0,0,0,3,3,0,0,3/3,3/3,3/3
P1,V_APP,batch_holdout_development,pilot18,scenario:language_fr:attack_active,3,3,0,0,0,3,3,0,0,3/3,3/3,3/3
P1,V_APP,batch_holdout_development,pilot18,scenario:language_fr:clean_post,3,3,0,0,0,3,3,0,0,3/3,3/3,3/3
P1,V_APP,batch_holdout_development,pilot18,scenario:language_fr:clean_pre,3,3,0,0,0,3,3,0,0,3/3,3/3,3/3
P1,V_APP,batch_holdout_development,pilot18,scenario:timezone_tokyo:attack_active,3,3,0,0,0,3,3,0,0,3/3,3/3,3/3
P1,V_APP,batch_holdout_development,pilot18,scenario:timezone_tokyo:clean_post,3,3,0,0,0,3,3,0,0,3/3,3/3,3/3
P1,V_APP,batch_holdout_development,pilot18,scenario:timezone_tokyo:clean_pre,3,3,0,0,0,3,3,0,0,3/3,3/3,3/3
P1,V_APP,historical_normal_evaluation,mtc_development,NORMAL,144,0,144,0,0,144,143,1,0,143/144,144/144,0/144
P1,V_APP,historical_normal_evaluation,mtc_development,all,144,0,144,0,0,144,143,1,0,143/144,144/144,0/144
P1,V_APP,historical_normal_evaluation,mtc_development,scenario:routine_mtc:observation,144,0,144,0,0,144,143,1,0,143/144,144/144,0/144
P1,V_APP,historical_normal_evaluation,mtc_reserved_validation,NORMAL,117,0,117,0,0,117,117,0,1,117/117,117/117,0/117
P1,V_APP,historical_normal_evaluation,mtc_reserved_validation,all,117,0,117,0,0,117,117,0,1,117/117,117/117,0/117
P1,V_APP,historical_normal_evaluation,mtc_reserved_validation,scenario:routine_mtc:observation,117,0,117,0,0,117,117,0,1,117/117,117/117,0/117
P1,V_APP,training,b2b42,EFFECTIVE_INTERVENTION,8,8,0,0,0,8,8,0,0,8/8,8/8,8/8
P1,V_APP,training,b2b42,NORMAL,34,32,2,0,0,34,34,0,0,34/34,34/34,32/34
P1,V_APP,training,b2b42,all,42,40,2,0,0,42,42,0,0,42/42,42/42,40/42
P1,V_APP,training,b2b42,family:App_language,2,2,0,0,0,2,2,0,0,2/2,2/2,2/2
P1,V_APP,training,b2b42,family:App_timezone,2,2,0,0,0,2,2,0,0,2/2,2/2,2/2
P1,V_APP,training,b2b42,family:Browser_language,2,2,0,0,0,2,2,0,0,2/2,2/2,2/2
P1,V_APP,training,b2b42,family:Browser_timezone,2,2,0,0,0,2,2,0,0,2/2,2/2,2/2
P1,V_APP,training,b2b42,scenario:A_APP_LANG:change,2,2,0,0,0,2,2,0,0,2/2,2/2,2/2
P1,V_APP,training,b2b42,scenario:A_APP_LANG:post,2,2,0,0,0,2,2,0,0,2/2,2/2,2/2
P1,V_APP,training,b2b42,scenario:A_APP_LANG:pre,2,2,0,0,0,2,2,0,0,2/2,2/2,2/2
P1,V_APP,training,b2b42,scenario:A_APP_TZ:change,2,2,0,0,0,2,2,0,0,2/2,2/2,2/2
P1,V_APP,training,b2b42,scenario:A_APP_TZ:post,2,2,0,0,0,2,2,0,0,2/2,2/2,2/2
P1,V_APP,training,b2b42,scenario:A_APP_TZ:pre,2,2,0,0,0,2,2,0,0,2/2,2/2,2/2
P1,V_APP,training,b2b42,scenario:A_BROWSER_LANG:change,2,2,0,0,0,2,2,0,0,2/2,2/2,2/2
P1,V_APP,training,b2b42,scenario:A_BROWSER_LANG:post,2,2,0,0,0,2,2,0,0,2/2,2/2,2/2
P1,V_APP,training,b2b42,scenario:A_BROWSER_LANG:pre,2,2,0,0,0,2,2,0,0,2/2,2/2,2/2
P1,V_APP,training,b2b42,scenario:A_BROWSER_TZ:change,2,2,0,0,0,2,2,0,0,2/2,2/2,2/2
P1,V_APP,training,b2b42,scenario:A_BROWSER_TZ:post,2,2,0,0,0,2,2,0,0,2/2,2/2,2/2
P1,V_APP,training,b2b42,scenario:A_BROWSER_TZ:pre,2,2,0,0,0,2,2,0,0,2/2,2/2,2/2
P1,V_APP,training,b2b42,scenario:L_BROWSER_LANG:change,2,2,0,0,0,2,2,0,0,2/2,2/2,2/2
P1,V_APP,training,b2b42,scenario:L_BROWSER_LANG:post,2,2,0,0,0,2,2,0,0,2/2,2/2,2/2
P1,V_APP,training,b2b42,scenario:L_BROWSER_LANG:pre,2,2,0,0,0,2,2,0,0,2/2,2/2,2/2
P1,V_APP,training,b2b42,scenario:L_SYS_LANG:change,2,0,2,0,0,2,2,0,0,2/2,2/2,0/2
P1,V_APP,training,b2b42,scenario:L_SYS_LANG:post,2,2,0,0,0,2,2,0,0,2/2,2/2,2/2
P1,V_APP,training,b2b42,scenario:L_SYS_LANG:pre,2,2,0,0,0,2,2,0,0,2/2,2/2,2/2
P1,V_APP,training,b2b42,scenario:L_SYS_TZ:change,2,2,0,0,0,2,2,0,0,2/2,2/2,2/2
P1,V_APP,training,b2b42,scenario:L_SYS_TZ:post,2,2,0,0,0,2,2,0,0,2/2,2/2,2/2
P1,V_APP,training,b2b42,scenario:L_SYS_TZ:pre,2,2,0,0,0,2,2,0,0,2/2,2/2,2/2
P1,V_APP,training,mtc_discovery,NORMAL,630,0,630,0,0,630,627,3,0,627/630,630/630,0/630
P1,V_APP,training,mtc_discovery,all,630,0,630,0,0,630,627,3,0,627/630,630/630,0/630
P1,V_APP,training,mtc_discovery,scenario:routine_mtc:observation,630,0,630,0,0,630,627,3,0,627/630,630/630,0/630
P1,V_BOTH,batch_holdout_development,pilot18,EFFECTIVE_INTERVENTION,6,6,0,0,0,6,6,0,0,6/6,6/6,6/6
P1,V_BOTH,batch_holdout_development,pilot18,NORMAL,12,12,0,0,0,12,12,0,0,12/12,12/12,12/12
P1,V_BOTH,batch_holdout_development,pilot18,all,18,18,0,0,0,18,18,0,0,18/18,18/18,18/18
P1,V_BOTH,batch_holdout_development,pilot18,family:Browser_language,3,3,0,0,0,3,3,0,0,3/3,3/3,3/3
P1,V_BOTH,batch_holdout_development,pilot18,family:Browser_timezone,3,3,0,0,0,3,3,0,0,3/3,3/3,3/3
P1,V_BOTH,batch_holdout_development,pilot18,scenario:language_fr:attack_active,3,3,0,0,0,3,3,0,0,3/3,3/3,3/3
P1,V_BOTH,batch_holdout_development,pilot18,scenario:language_fr:clean_post,3,3,0,0,0,3,3,0,0,3/3,3/3,3/3
P1,V_BOTH,batch_holdout_development,pilot18,scenario:language_fr:clean_pre,3,3,0,0,0,3,3,0,0,3/3,3/3,3/3
P1,V_BOTH,batch_holdout_development,pilot18,scenario:timezone_tokyo:attack_active,3,3,0,0,0,3,3,0,0,3/3,3/3,3/3
P1,V_BOTH,batch_holdout_development,pilot18,scenario:timezone_tokyo:clean_post,3,3,0,0,0,3,3,0,0,3/3,3/3,3/3
P1,V_BOTH,batch_holdout_development,pilot18,scenario:timezone_tokyo:clean_pre,3,3,0,0,0,3,3,0,0,3/3,3/3,3/3
P1,V_BOTH,historical_normal_evaluation,mtc_development,NORMAL,144,0,144,0,0,144,139,5,0,139/144,144/144,0/144
P1,V_BOTH,historical_normal_evaluation,mtc_development,all,144,0,144,0,0,144,139,5,0,139/144,144/144,0/144
P1,V_BOTH,historical_normal_evaluation,mtc_development,scenario:routine_mtc:observation,144,0,144,0,0,144,139,5,0,139/144,144/144,0/144
P1,V_BOTH,historical_normal_evaluation,mtc_reserved_validation,NORMAL,117,0,117,0,0,117,116,1,1,116/117,117/117,0/117
P1,V_BOTH,historical_normal_evaluation,mtc_reserved_validation,all,117,0,117,0,0,117,116,1,1,116/117,117/117,0/117
P1,V_BOTH,historical_normal_evaluation,mtc_reserved_validation,scenario:routine_mtc:observation,117,0,117,0,0,117,116,1,1,116/117,117/117,0/117
P1,V_BOTH,training,b2b42,EFFECTIVE_INTERVENTION,8,8,0,0,0,8,8,0,0,8/8,8/8,8/8
P1,V_BOTH,training,b2b42,NORMAL,34,32,2,0,0,34,34,0,0,34/34,34/34,32/34
P1,V_BOTH,training,b2b42,all,42,40,2,0,0,42,42,0,0,42/42,42/42,40/42
P1,V_BOTH,training,b2b42,family:App_language,2,2,0,0,0,2,2,0,0,2/2,2/2,2/2
P1,V_BOTH,training,b2b42,family:App_timezone,2,2,0,0,0,2,2,0,0,2/2,2/2,2/2
P1,V_BOTH,training,b2b42,family:Browser_language,2,2,0,0,0,2,2,0,0,2/2,2/2,2/2
P1,V_BOTH,training,b2b42,family:Browser_timezone,2,2,0,0,0,2,2,0,0,2/2,2/2,2/2
P1,V_BOTH,training,b2b42,scenario:A_APP_LANG:change,2,2,0,0,0,2,2,0,0,2/2,2/2,2/2
P1,V_BOTH,training,b2b42,scenario:A_APP_LANG:post,2,2,0,0,0,2,2,0,0,2/2,2/2,2/2
P1,V_BOTH,training,b2b42,scenario:A_APP_LANG:pre,2,2,0,0,0,2,2,0,0,2/2,2/2,2/2
P1,V_BOTH,training,b2b42,scenario:A_APP_TZ:change,2,2,0,0,0,2,2,0,0,2/2,2/2,2/2
P1,V_BOTH,training,b2b42,scenario:A_APP_TZ:post,2,2,0,0,0,2,2,0,0,2/2,2/2,2/2
P1,V_BOTH,training,b2b42,scenario:A_APP_TZ:pre,2,2,0,0,0,2,2,0,0,2/2,2/2,2/2
P1,V_BOTH,training,b2b42,scenario:A_BROWSER_LANG:change,2,2,0,0,0,2,2,0,0,2/2,2/2,2/2
P1,V_BOTH,training,b2b42,scenario:A_BROWSER_LANG:post,2,2,0,0,0,2,2,0,0,2/2,2/2,2/2
P1,V_BOTH,training,b2b42,scenario:A_BROWSER_LANG:pre,2,2,0,0,0,2,2,0,0,2/2,2/2,2/2
P1,V_BOTH,training,b2b42,scenario:A_BROWSER_TZ:change,2,2,0,0,0,2,2,0,0,2/2,2/2,2/2
P1,V_BOTH,training,b2b42,scenario:A_BROWSER_TZ:post,2,2,0,0,0,2,2,0,0,2/2,2/2,2/2
P1,V_BOTH,training,b2b42,scenario:A_BROWSER_TZ:pre,2,2,0,0,0,2,2,0,0,2/2,2/2,2/2
P1,V_BOTH,training,b2b42,scenario:L_BROWSER_LANG:change,2,2,0,0,0,2,2,0,0,2/2,2/2,2/2
P1,V_BOTH,training,b2b42,scenario:L_BROWSER_LANG:post,2,2,0,0,0,2,2,0,0,2/2,2/2,2/2
P1,V_BOTH,training,b2b42,scenario:L_BROWSER_LANG:pre,2,2,0,0,0,2,2,0,0,2/2,2/2,2/2
P1,V_BOTH,training,b2b42,scenario:L_SYS_LANG:change,2,0,2,0,0,2,2,0,0,2/2,2/2,0/2
P1,V_BOTH,training,b2b42,scenario:L_SYS_LANG:post,2,2,0,0,0,2,2,0,0,2/2,2/2,2/2
P1,V_BOTH,training,b2b42,scenario:L_SYS_LANG:pre,2,2,0,0,0,2,2,0,0,2/2,2/2,2/2
P1,V_BOTH,training,b2b42,scenario:L_SYS_TZ:change,2,2,0,0,0,2,2,0,0,2/2,2/2,2/2
P1,V_BOTH,training,b2b42,scenario:L_SYS_TZ:post,2,2,0,0,0,2,2,0,0,2/2,2/2,2/2
P1,V_BOTH,training,b2b42,scenario:L_SYS_TZ:pre,2,2,0,0,0,2,2,0,0,2/2,2/2,2/2
P1,V_BOTH,training,mtc_discovery,NORMAL,630,0,630,0,0,630,603,27,0,603/630,630/630,0/630
P1,V_BOTH,training,mtc_discovery,all,630,0,630,0,0,630,603,27,0,603/630,630/630,0/630
P1,V_BOTH,training,mtc_discovery,scenario:routine_mtc:observation,630,0,630,0,0,630,603,27,0,603/630,630/630,0/630
P1,V_BOTH_REL,batch_holdout_development,pilot18,EFFECTIVE_INTERVENTION,6,6,0,0,0,6,6,0,0,6/6,6/6,6/6
P1,V_BOTH_REL,batch_holdout_development,pilot18,NORMAL,12,0,12,0,0,12,12,0,0,12/12,12/12,0/12
P1,V_BOTH_REL,batch_holdout_development,pilot18,all,18,6,12,0,0,18,18,0,0,18/18,18/18,6/18
P1,V_BOTH_REL,batch_holdout_development,pilot18,family:Browser_language,3,3,0,0,0,3,3,0,0,3/3,3/3,3/3
P1,V_BOTH_REL,batch_holdout_development,pilot18,family:Browser_timezone,3,3,0,0,0,3,3,0,0,3/3,3/3,3/3
P1,V_BOTH_REL,batch_holdout_development,pilot18,scenario:language_fr:attack_active,3,3,0,0,0,3,3,0,0,3/3,3/3,3/3
P1,V_BOTH_REL,batch_holdout_development,pilot18,scenario:language_fr:clean_post,3,0,3,0,0,3,3,0,0,3/3,3/3,0/3
P1,V_BOTH_REL,batch_holdout_development,pilot18,scenario:language_fr:clean_pre,3,0,3,0,0,3,3,0,0,3/3,3/3,0/3
P1,V_BOTH_REL,batch_holdout_development,pilot18,scenario:timezone_tokyo:attack_active,3,3,0,0,0,3,3,0,0,3/3,3/3,3/3
P1,V_BOTH_REL,batch_holdout_development,pilot18,scenario:timezone_tokyo:clean_post,3,0,3,0,0,3,3,0,0,3/3,3/3,0/3
P1,V_BOTH_REL,batch_holdout_development,pilot18,scenario:timezone_tokyo:clean_pre,3,0,3,0,0,3,3,0,0,3/3,3/3,0/3
P1,V_BOTH_REL,historical_normal_evaluation,mtc_development,NORMAL,144,0,144,0,0,144,139,5,0,139/144,144/144,0/144
P1,V_BOTH_REL,historical_normal_evaluation,mtc_development,all,144,0,144,0,0,144,139,5,0,139/144,144/144,0/144
P1,V_BOTH_REL,historical_normal_evaluation,mtc_development,scenario:routine_mtc:observation,144,0,144,0,0,144,139,5,0,139/144,144/144,0/144
P1,V_BOTH_REL,historical_normal_evaluation,mtc_reserved_validation,NORMAL,117,0,117,0,0,117,116,1,1,116/117,117/117,0/117
P1,V_BOTH_REL,historical_normal_evaluation,mtc_reserved_validation,all,117,0,117,0,0,117,116,1,1,116/117,117/117,0/117
P1,V_BOTH_REL,historical_normal_evaluation,mtc_reserved_validation,scenario:routine_mtc:observation,117,0,117,0,0,117,116,1,1,116/117,117/117,0/117
P1,V_BOTH_REL,training,b2b42,EFFECTIVE_INTERVENTION,8,8,0,0,0,8,8,0,0,8/8,8/8,8/8
P1,V_BOTH_REL,training,b2b42,NORMAL,34,2,32,0,0,34,34,0,0,34/34,34/34,2/34
P1,V_BOTH_REL,training,b2b42,all,42,10,32,0,0,42,42,0,0,42/42,42/42,10/42
P1,V_BOTH_REL,training,b2b42,family:App_language,2,2,0,0,0,2,2,0,0,2/2,2/2,2/2
P1,V_BOTH_REL,training,b2b42,family:App_timezone,2,2,0,0,0,2,2,0,0,2/2,2/2,2/2
P1,V_BOTH_REL,training,b2b42,family:Browser_language,2,2,0,0,0,2,2,0,0,2/2,2/2,2/2
P1,V_BOTH_REL,training,b2b42,family:Browser_timezone,2,2,0,0,0,2,2,0,0,2/2,2/2,2/2
P1,V_BOTH_REL,training,b2b42,scenario:A_APP_LANG:change,2,2,0,0,0,2,2,0,0,2/2,2/2,2/2
P1,V_BOTH_REL,training,b2b42,scenario:A_APP_LANG:post,2,0,2,0,0,2,2,0,0,2/2,2/2,0/2
P1,V_BOTH_REL,training,b2b42,scenario:A_APP_LANG:pre,2,0,2,0,0,2,2,0,0,2/2,2/2,0/2
P1,V_BOTH_REL,training,b2b42,scenario:A_APP_TZ:change,2,2,0,0,0,2,2,0,0,2/2,2/2,2/2
P1,V_BOTH_REL,training,b2b42,scenario:A_APP_TZ:post,2,0,2,0,0,2,2,0,0,2/2,2/2,0/2
P1,V_BOTH_REL,training,b2b42,scenario:A_APP_TZ:pre,2,0,2,0,0,2,2,0,0,2/2,2/2,0/2
P1,V_BOTH_REL,training,b2b42,scenario:A_BROWSER_LANG:change,2,2,0,0,0,2,2,0,0,2/2,2/2,2/2
P1,V_BOTH_REL,training,b2b42,scenario:A_BROWSER_LANG:post,2,0,2,0,0,2,2,0,0,2/2,2/2,0/2
P1,V_BOTH_REL,training,b2b42,scenario:A_BROWSER_LANG:pre,2,0,2,0,0,2,2,0,0,2/2,2/2,0/2
P1,V_BOTH_REL,training,b2b42,scenario:A_BROWSER_TZ:change,2,2,0,0,0,2,2,0,0,2/2,2/2,2/2
P1,V_BOTH_REL,training,b2b42,scenario:A_BROWSER_TZ:post,2,0,2,0,0,2,2,0,0,2/2,2/2,0/2
P1,V_BOTH_REL,training,b2b42,scenario:A_BROWSER_TZ:pre,2,0,2,0,0,2,2,0,0,2/2,2/2,0/2
P1,V_BOTH_REL,training,b2b42,scenario:L_BROWSER_LANG:change,2,2,0,0,0,2,2,0,0,2/2,2/2,2/2
P1,V_BOTH_REL,training,b2b42,scenario:L_BROWSER_LANG:post,2,0,2,0,0,2,2,0,0,2/2,2/2,0/2
P1,V_BOTH_REL,training,b2b42,scenario:L_BROWSER_LANG:pre,2,0,2,0,0,2,2,0,0,2/2,2/2,0/2
P1,V_BOTH_REL,training,b2b42,scenario:L_SYS_LANG:change,2,0,2,0,0,2,2,0,0,2/2,2/2,0/2
P1,V_BOTH_REL,training,b2b42,scenario:L_SYS_LANG:post,2,0,2,0,0,2,2,0,0,2/2,2/2,0/2
P1,V_BOTH_REL,training,b2b42,scenario:L_SYS_LANG:pre,2,0,2,0,0,2,2,0,0,2/2,2/2,0/2
P1,V_BOTH_REL,training,b2b42,scenario:L_SYS_TZ:change,2,0,2,0,0,2,2,0,0,2/2,2/2,0/2
P1,V_BOTH_REL,training,b2b42,scenario:L_SYS_TZ:post,2,0,2,0,0,2,2,0,0,2/2,2/2,0/2
P1,V_BOTH_REL,training,b2b42,scenario:L_SYS_TZ:pre,2,0,2,0,0,2,2,0,0,2/2,2/2,0/2
P1,V_BOTH_REL,training,mtc_discovery,NORMAL,630,0,630,0,0,630,603,27,0,603/630,630/630,0/630
P1,V_BOTH_REL,training,mtc_discovery,all,630,0,630,0,0,630,603,27,0,603/630,630/630,0/630
P1,V_BOTH_REL,training,mtc_discovery,scenario:routine_mtc:observation,630,0,630,0,0,630,603,27,0,603/630,630/630,0/630
P1,V_BROWSER,batch_holdout_development,pilot18,EFFECTIVE_INTERVENTION,6,6,0,0,0,6,6,0,0,6/6,6/6,6/6
P1,V_BROWSER,batch_holdout_development,pilot18,NORMAL,12,12,0,0,0,12,12,0,0,12/12,12/12,12/12
P1,V_BROWSER,batch_holdout_development,pilot18,all,18,18,0,0,0,18,18,0,0,18/18,18/18,18/18
P1,V_BROWSER,batch_holdout_development,pilot18,family:Browser_language,3,3,0,0,0,3,3,0,0,3/3,3/3,3/3
P1,V_BROWSER,batch_holdout_development,pilot18,family:Browser_timezone,3,3,0,0,0,3,3,0,0,3/3,3/3,3/3
P1,V_BROWSER,batch_holdout_development,pilot18,scenario:language_fr:attack_active,3,3,0,0,0,3,3,0,0,3/3,3/3,3/3
P1,V_BROWSER,batch_holdout_development,pilot18,scenario:language_fr:clean_post,3,3,0,0,0,3,3,0,0,3/3,3/3,3/3
P1,V_BROWSER,batch_holdout_development,pilot18,scenario:language_fr:clean_pre,3,3,0,0,0,3,3,0,0,3/3,3/3,3/3
P1,V_BROWSER,batch_holdout_development,pilot18,scenario:timezone_tokyo:attack_active,3,3,0,0,0,3,3,0,0,3/3,3/3,3/3
P1,V_BROWSER,batch_holdout_development,pilot18,scenario:timezone_tokyo:clean_post,3,3,0,0,0,3,3,0,0,3/3,3/3,3/3
P1,V_BROWSER,batch_holdout_development,pilot18,scenario:timezone_tokyo:clean_pre,3,3,0,0,0,3,3,0,0,3/3,3/3,3/3
P1,V_BROWSER,historical_normal_evaluation,mtc_development,NORMAL,144,1,143,0,0,144,139,5,0,139/144,144/144,1/144
P1,V_BROWSER,historical_normal_evaluation,mtc_development,all,144,1,143,0,0,144,139,5,0,139/144,144/144,1/144
P1,V_BROWSER,historical_normal_evaluation,mtc_development,scenario:routine_mtc:observation,144,1,143,0,0,144,139,5,0,139/144,144/144,1/144
P1,V_BROWSER,historical_normal_evaluation,mtc_reserved_validation,NORMAL,117,2,115,0,0,117,116,1,1,116/117,117/117,2/117
P1,V_BROWSER,historical_normal_evaluation,mtc_reserved_validation,all,117,2,115,0,0,117,116,1,1,116/117,117/117,2/117
P1,V_BROWSER,historical_normal_evaluation,mtc_reserved_validation,scenario:routine_mtc:observation,117,2,115,0,0,117,116,1,1,116/117,117/117,2/117
P1,V_BROWSER,training,b2b42,EFFECTIVE_INTERVENTION,8,8,0,0,0,8,8,0,0,8/8,8/8,8/8
P1,V_BROWSER,training,b2b42,NORMAL,34,34,0,0,0,34,34,0,0,34/34,34/34,34/34
P1,V_BROWSER,training,b2b42,all,42,42,0,0,0,42,42,0,0,42/42,42/42,42/42
P1,V_BROWSER,training,b2b42,family:App_language,2,2,0,0,0,2,2,0,0,2/2,2/2,2/2
P1,V_BROWSER,training,b2b42,family:App_timezone,2,2,0,0,0,2,2,0,0,2/2,2/2,2/2
P1,V_BROWSER,training,b2b42,family:Browser_language,2,2,0,0,0,2,2,0,0,2/2,2/2,2/2
P1,V_BROWSER,training,b2b42,family:Browser_timezone,2,2,0,0,0,2,2,0,0,2/2,2/2,2/2
P1,V_BROWSER,training,b2b42,scenario:A_APP_LANG:change,2,2,0,0,0,2,2,0,0,2/2,2/2,2/2
P1,V_BROWSER,training,b2b42,scenario:A_APP_LANG:post,2,2,0,0,0,2,2,0,0,2/2,2/2,2/2
P1,V_BROWSER,training,b2b42,scenario:A_APP_LANG:pre,2,2,0,0,0,2,2,0,0,2/2,2/2,2/2
P1,V_BROWSER,training,b2b42,scenario:A_APP_TZ:change,2,2,0,0,0,2,2,0,0,2/2,2/2,2/2
P1,V_BROWSER,training,b2b42,scenario:A_APP_TZ:post,2,2,0,0,0,2,2,0,0,2/2,2/2,2/2
P1,V_BROWSER,training,b2b42,scenario:A_APP_TZ:pre,2,2,0,0,0,2,2,0,0,2/2,2/2,2/2
P1,V_BROWSER,training,b2b42,scenario:A_BROWSER_LANG:change,2,2,0,0,0,2,2,0,0,2/2,2/2,2/2
P1,V_BROWSER,training,b2b42,scenario:A_BROWSER_LANG:post,2,2,0,0,0,2,2,0,0,2/2,2/2,2/2
P1,V_BROWSER,training,b2b42,scenario:A_BROWSER_LANG:pre,2,2,0,0,0,2,2,0,0,2/2,2/2,2/2
P1,V_BROWSER,training,b2b42,scenario:A_BROWSER_TZ:change,2,2,0,0,0,2,2,0,0,2/2,2/2,2/2
P1,V_BROWSER,training,b2b42,scenario:A_BROWSER_TZ:post,2,2,0,0,0,2,2,0,0,2/2,2/2,2/2
P1,V_BROWSER,training,b2b42,scenario:A_BROWSER_TZ:pre,2,2,0,0,0,2,2,0,0,2/2,2/2,2/2
P1,V_BROWSER,training,b2b42,scenario:L_BROWSER_LANG:change,2,2,0,0,0,2,2,0,0,2/2,2/2,2/2
P1,V_BROWSER,training,b2b42,scenario:L_BROWSER_LANG:post,2,2,0,0,0,2,2,0,0,2/2,2/2,2/2
P1,V_BROWSER,training,b2b42,scenario:L_BROWSER_LANG:pre,2,2,0,0,0,2,2,0,0,2/2,2/2,2/2
P1,V_BROWSER,training,b2b42,scenario:L_SYS_LANG:change,2,2,0,0,0,2,2,0,0,2/2,2/2,2/2
P1,V_BROWSER,training,b2b42,scenario:L_SYS_LANG:post,2,2,0,0,0,2,2,0,0,2/2,2/2,2/2
P1,V_BROWSER,training,b2b42,scenario:L_SYS_LANG:pre,2,2,0,0,0,2,2,0,0,2/2,2/2,2/2
P1,V_BROWSER,training,b2b42,scenario:L_SYS_TZ:change,2,2,0,0,0,2,2,0,0,2/2,2/2,2/2
P1,V_BROWSER,training,b2b42,scenario:L_SYS_TZ:post,2,2,0,0,0,2,2,0,0,2/2,2/2,2/2
P1,V_BROWSER,training,b2b42,scenario:L_SYS_TZ:pre,2,2,0,0,0,2,2,0,0,2/2,2/2,2/2
P1,V_BROWSER,training,mtc_discovery,NORMAL,630,3,627,0,0,630,605,25,0,605/630,630/630,3/630
P1,V_BROWSER,training,mtc_discovery,all,630,3,627,0,0,630,605,25,0,605/630,630/630,3/630
P1,V_BROWSER,training,mtc_discovery,scenario:routine_mtc:observation,630,3,627,0,0,630,605,25,0,605/630,630/630,3/630
P2,V_APP,batch_holdout_development,b2b42,EFFECTIVE_INTERVENTION,8,8,0,0,0,8,8,0,2,8/8,8/8,8/8
P2,V_APP,batch_holdout_development,b2b42,NORMAL,34,32,2,0,0,34,34,0,4,34/34,34/34,32/34
P2,V_APP,batch_holdout_development,b2b42,all,42,40,2,0,0,42,42,0,6,42/42,42/42,40/42
P2,V_APP,batch_holdout_development,b2b42,family:App_language,2,2,0,0,0,2,2,0,2,2/2,2/2,2/2
P2,V_APP,batch_holdout_development,b2b42,family:App_timezone,2,2,0,0,0,2,2,0,0,2/2,2/2,2/2
P2,V_APP,batch_holdout_development,b2b42,family:Browser_language,2,2,0,0,0,2,2,0,0,2/2,2/2,2/2
P2,V_APP,batch_holdout_development,b2b42,family:Browser_timezone,2,2,0,0,0,2,2,0,0,2/2,2/2,2/2
P2,V_APP,batch_holdout_development,b2b42,scenario:A_APP_LANG:change,2,2,0,0,0,2,2,0,2,2/2,2/2,2/2
P2,V_APP,batch_holdout_development,b2b42,scenario:A_APP_LANG:post,2,2,0,0,0,2,2,0,0,2/2,2/2,2/2
P2,V_APP,batch_holdout_development,b2b42,scenario:A_APP_LANG:pre,2,2,0,0,0,2,2,0,0,2/2,2/2,2/2
P2,V_APP,batch_holdout_development,b2b42,scenario:A_APP_TZ:change,2,2,0,0,0,2,2,0,0,2/2,2/2,2/2
P2,V_APP,batch_holdout_development,b2b42,scenario:A_APP_TZ:post,2,2,0,0,0,2,2,0,0,2/2,2/2,2/2
P2,V_APP,batch_holdout_development,b2b42,scenario:A_APP_TZ:pre,2,2,0,0,0,2,2,0,0,2/2,2/2,2/2
P2,V_APP,batch_holdout_development,b2b42,scenario:A_BROWSER_LANG:change,2,2,0,0,0,2,2,0,0,2/2,2/2,2/2
P2,V_APP,batch_holdout_development,b2b42,scenario:A_BROWSER_LANG:post,2,2,0,0,0,2,2,0,0,2/2,2/2,2/2
P2,V_APP,batch_holdout_development,b2b42,scenario:A_BROWSER_LANG:pre,2,2,0,0,0,2,2,0,0,2/2,2/2,2/2
P2,V_APP,batch_holdout_development,b2b42,scenario:A_BROWSER_TZ:change,2,2,0,0,0,2,2,0,0,2/2,2/2,2/2
P2,V_APP,batch_holdout_development,b2b42,scenario:A_BROWSER_TZ:post,2,2,0,0,0,2,2,0,0,2/2,2/2,2/2
P2,V_APP,batch_holdout_development,b2b42,scenario:A_BROWSER_TZ:pre,2,2,0,0,0,2,2,0,0,2/2,2/2,2/2
P2,V_APP,batch_holdout_development,b2b42,scenario:L_BROWSER_LANG:change,2,2,0,0,0,2,2,0,0,2/2,2/2,2/2
P2,V_APP,batch_holdout_development,b2b42,scenario:L_BROWSER_LANG:post,2,2,0,0,0,2,2,0,0,2/2,2/2,2/2
P2,V_APP,batch_holdout_development,b2b42,scenario:L_BROWSER_LANG:pre,2,2,0,0,0,2,2,0,0,2/2,2/2,2/2
P2,V_APP,batch_holdout_development,b2b42,scenario:L_SYS_LANG:change,2,0,2,0,0,2,2,0,2,2/2,2/2,0/2
P2,V_APP,batch_holdout_development,b2b42,scenario:L_SYS_LANG:post,2,2,0,0,0,2,2,0,0,2/2,2/2,2/2
P2,V_APP,batch_holdout_development,b2b42,scenario:L_SYS_LANG:pre,2,2,0,0,0,2,2,0,0,2/2,2/2,2/2
P2,V_APP,batch_holdout_development,b2b42,scenario:L_SYS_TZ:change,2,2,0,0,0,2,2,0,2,2/2,2/2,2/2
P2,V_APP,batch_holdout_development,b2b42,scenario:L_SYS_TZ:post,2,2,0,0,0,2,2,0,0,2/2,2/2,2/2
P2,V_APP,batch_holdout_development,b2b42,scenario:L_SYS_TZ:pre,2,2,0,0,0,2,2,0,0,2/2,2/2,2/2
P2,V_APP,historical_normal_evaluation,mtc_development,NORMAL,144,0,144,0,0,144,143,1,0,143/144,144/144,0/144
P2,V_APP,historical_normal_evaluation,mtc_development,all,144,0,144,0,0,144,143,1,0,143/144,144/144,0/144
P2,V_APP,historical_normal_evaluation,mtc_development,scenario:routine_mtc:observation,144,0,144,0,0,144,143,1,0,143/144,144/144,0/144
P2,V_APP,historical_normal_evaluation,mtc_reserved_validation,NORMAL,117,0,117,0,0,117,117,0,1,117/117,117/117,0/117
P2,V_APP,historical_normal_evaluation,mtc_reserved_validation,all,117,0,117,0,0,117,117,0,1,117/117,117/117,0/117
P2,V_APP,historical_normal_evaluation,mtc_reserved_validation,scenario:routine_mtc:observation,117,0,117,0,0,117,117,0,1,117/117,117/117,0/117
P2,V_APP,training,mtc_discovery,NORMAL,630,0,630,0,0,630,627,3,0,627/630,630/630,0/630
P2,V_APP,training,mtc_discovery,all,630,0,630,0,0,630,627,3,0,627/630,630/630,0/630
P2,V_APP,training,mtc_discovery,scenario:routine_mtc:observation,630,0,630,0,0,630,627,3,0,627/630,630/630,0/630
P2,V_APP,training,pilot18,EFFECTIVE_INTERVENTION,6,6,0,0,0,6,6,0,0,6/6,6/6,6/6
P2,V_APP,training,pilot18,NORMAL,12,12,0,0,0,12,12,0,0,12/12,12/12,12/12
P2,V_APP,training,pilot18,all,18,18,0,0,0,18,18,0,0,18/18,18/18,18/18
P2,V_APP,training,pilot18,family:Browser_language,3,3,0,0,0,3,3,0,0,3/3,3/3,3/3
P2,V_APP,training,pilot18,family:Browser_timezone,3,3,0,0,0,3,3,0,0,3/3,3/3,3/3
P2,V_APP,training,pilot18,scenario:language_fr:attack_active,3,3,0,0,0,3,3,0,0,3/3,3/3,3/3
P2,V_APP,training,pilot18,scenario:language_fr:clean_post,3,3,0,0,0,3,3,0,0,3/3,3/3,3/3
P2,V_APP,training,pilot18,scenario:language_fr:clean_pre,3,3,0,0,0,3,3,0,0,3/3,3/3,3/3
P2,V_APP,training,pilot18,scenario:timezone_tokyo:attack_active,3,3,0,0,0,3,3,0,0,3/3,3/3,3/3
P2,V_APP,training,pilot18,scenario:timezone_tokyo:clean_post,3,3,0,0,0,3,3,0,0,3/3,3/3,3/3
P2,V_APP,training,pilot18,scenario:timezone_tokyo:clean_pre,3,3,0,0,0,3,3,0,0,3/3,3/3,3/3
P2,V_BOTH,batch_holdout_development,b2b42,EFFECTIVE_INTERVENTION,8,4,4,0,0,8,8,0,2,8/8,8/8,4/8
P2,V_BOTH,batch_holdout_development,b2b42,NORMAL,34,6,28,0,0,34,34,0,4,34/34,34/34,6/34
P2,V_BOTH,batch_holdout_development,b2b42,all,42,10,32,0,0,42,42,0,6,42/42,42/42,10/42
P2,V_BOTH,batch_holdout_development,b2b42,family:App_language,2,0,2,0,0,2,2,0,2,2/2,2/2,0/2
P2,V_BOTH,batch_holdout_development,b2b42,family:App_timezone,2,0,2,0,0,2,2,0,0,2/2,2/2,0/2
P2,V_BOTH,batch_holdout_development,b2b42,family:Browser_language,2,2,0,0,0,2,2,0,0,2/2,2/2,2/2
P2,V_BOTH,batch_holdout_development,b2b42,family:Browser_timezone,2,2,0,0,0,2,2,0,0,2/2,2/2,2/2
P2,V_BOTH,batch_holdout_development,b2b42,scenario:A_APP_LANG:change,2,0,2,0,0,2,2,0,2,2/2,2/2,0/2
P2,V_BOTH,batch_holdout_development,b2b42,scenario:A_APP_LANG:post,2,0,2,0,0,2,2,0,0,2/2,2/2,0/2
P2,V_BOTH,batch_holdout_development,b2b42,scenario:A_APP_LANG:pre,2,0,2,0,0,2,2,0,0,2/2,2/2,0/2
P2,V_BOTH,batch_holdout_development,b2b42,scenario:A_APP_TZ:change,2,0,2,0,0,2,2,0,0,2/2,2/2,0/2
P2,V_BOTH,batch_holdout_development,b2b42,scenario:A_APP_TZ:post,2,0,2,0,0,2,2,0,0,2/2,2/2,0/2
P2,V_BOTH,batch_holdout_development,b2b42,scenario:A_APP_TZ:pre,2,0,2,0,0,2,2,0,0,2/2,2/2,0/2
P2,V_BOTH,batch_holdout_development,b2b42,scenario:A_BROWSER_LANG:change,2,2,0,0,0,2,2,0,0,2/2,2/2,2/2
P2,V_BOTH,batch_holdout_development,b2b42,scenario:A_BROWSER_LANG:post,2,0,2,0,0,2,2,0,0,2/2,2/2,0/2
P2,V_BOTH,batch_holdout_development,b2b42,scenario:A_BROWSER_LANG:pre,2,0,2,0,0,2,2,0,0,2/2,2/2,0/2
P2,V_BOTH,batch_holdout_development,b2b42,scenario:A_BROWSER_TZ:change,2,2,0,0,0,2,2,0,0,2/2,2/2,2/2
P2,V_BOTH,batch_holdout_development,b2b42,scenario:A_BROWSER_TZ:post,2,0,2,0,0,2,2,0,0,2/2,2/2,0/2
P2,V_BOTH,batch_holdout_development,b2b42,scenario:A_BROWSER_TZ:pre,2,0,2,0,0,2,2,0,0,2/2,2/2,0/2
P2,V_BOTH,batch_holdout_development,b2b42,scenario:L_BROWSER_LANG:change,2,2,0,0,0,2,2,0,0,2/2,2/2,2/2
P2,V_BOTH,batch_holdout_development,b2b42,scenario:L_BROWSER_LANG:post,2,0,2,0,0,2,2,0,0,2/2,2/2,0/2
P2,V_BOTH,batch_holdout_development,b2b42,scenario:L_BROWSER_LANG:pre,2,0,2,0,0,2,2,0,0,2/2,2/2,0/2
P2,V_BOTH,batch_holdout_development,b2b42,scenario:L_SYS_LANG:change,2,2,0,0,0,2,2,0,2,2/2,2/2,2/2
P2,V_BOTH,batch_holdout_development,b2b42,scenario:L_SYS_LANG:post,2,0,2,0,0,2,2,0,0,2/2,2/2,0/2
P2,V_BOTH,batch_holdout_development,b2b42,scenario:L_SYS_LANG:pre,2,0,2,0,0,2,2,0,0,2/2,2/2,0/2
P2,V_BOTH,batch_holdout_development,b2b42,scenario:L_SYS_TZ:change,2,2,0,0,0,2,2,0,2,2/2,2/2,2/2
P2,V_BOTH,batch_holdout_development,b2b42,scenario:L_SYS_TZ:post,2,0,2,0,0,2,2,0,0,2/2,2/2,0/2
P2,V_BOTH,batch_holdout_development,b2b42,scenario:L_SYS_TZ:pre,2,0,2,0,0,2,2,0,0,2/2,2/2,0/2
P2,V_BOTH,historical_normal_evaluation,mtc_development,NORMAL,144,0,144,0,0,144,139,5,0,139/144,144/144,0/144
P2,V_BOTH,historical_normal_evaluation,mtc_development,all,144,0,144,0,0,144,139,5,0,139/144,144/144,0/144
P2,V_BOTH,historical_normal_evaluation,mtc_development,scenario:routine_mtc:observation,144,0,144,0,0,144,139,5,0,139/144,144/144,0/144
P2,V_BOTH,historical_normal_evaluation,mtc_reserved_validation,NORMAL,117,0,117,0,0,117,116,1,1,116/117,117/117,0/117
P2,V_BOTH,historical_normal_evaluation,mtc_reserved_validation,all,117,0,117,0,0,117,116,1,1,116/117,117/117,0/117
P2,V_BOTH,historical_normal_evaluation,mtc_reserved_validation,scenario:routine_mtc:observation,117,0,117,0,0,117,116,1,1,116/117,117/117,0/117
P2,V_BOTH,training,mtc_discovery,NORMAL,630,0,630,0,0,630,603,27,0,603/630,630/630,0/630
P2,V_BOTH,training,mtc_discovery,all,630,0,630,0,0,630,603,27,0,603/630,630/630,0/630
P2,V_BOTH,training,mtc_discovery,scenario:routine_mtc:observation,630,0,630,0,0,630,603,27,0,603/630,630/630,0/630
P2,V_BOTH,training,pilot18,EFFECTIVE_INTERVENTION,6,6,0,0,0,6,6,0,0,6/6,6/6,6/6
P2,V_BOTH,training,pilot18,NORMAL,12,0,12,0,0,12,12,0,0,12/12,12/12,0/12
P2,V_BOTH,training,pilot18,all,18,6,12,0,0,18,18,0,0,18/18,18/18,6/18
P2,V_BOTH,training,pilot18,family:Browser_language,3,3,0,0,0,3,3,0,0,3/3,3/3,3/3
P2,V_BOTH,training,pilot18,family:Browser_timezone,3,3,0,0,0,3,3,0,0,3/3,3/3,3/3
P2,V_BOTH,training,pilot18,scenario:language_fr:attack_active,3,3,0,0,0,3,3,0,0,3/3,3/3,3/3
P2,V_BOTH,training,pilot18,scenario:language_fr:clean_post,3,0,3,0,0,3,3,0,0,3/3,3/3,0/3
P2,V_BOTH,training,pilot18,scenario:language_fr:clean_pre,3,0,3,0,0,3,3,0,0,3/3,3/3,0/3
P2,V_BOTH,training,pilot18,scenario:timezone_tokyo:attack_active,3,3,0,0,0,3,3,0,0,3/3,3/3,3/3
P2,V_BOTH,training,pilot18,scenario:timezone_tokyo:clean_post,3,0,3,0,0,3,3,0,0,3/3,3/3,0/3
P2,V_BOTH,training,pilot18,scenario:timezone_tokyo:clean_pre,3,0,3,0,0,3,3,0,0,3/3,3/3,0/3
P2,V_BOTH_REL,batch_holdout_development,b2b42,EFFECTIVE_INTERVENTION,8,4,4,0,0,8,8,0,2,8/8,8/8,4/8
P2,V_BOTH_REL,batch_holdout_development,b2b42,NORMAL,34,6,28,0,0,34,34,0,4,34/34,34/34,6/34
P2,V_BOTH_REL,batch_holdout_development,b2b42,all,42,10,32,0,0,42,42,0,6,42/42,42/42,10/42
P2,V_BOTH_REL,batch_holdout_development,b2b42,family:App_language,2,0,2,0,0,2,2,0,2,2/2,2/2,0/2
P2,V_BOTH_REL,batch_holdout_development,b2b42,family:App_timezone,2,0,2,0,0,2,2,0,0,2/2,2/2,0/2
P2,V_BOTH_REL,batch_holdout_development,b2b42,family:Browser_language,2,2,0,0,0,2,2,0,0,2/2,2/2,2/2
P2,V_BOTH_REL,batch_holdout_development,b2b42,family:Browser_timezone,2,2,0,0,0,2,2,0,0,2/2,2/2,2/2
P2,V_BOTH_REL,batch_holdout_development,b2b42,scenario:A_APP_LANG:change,2,0,2,0,0,2,2,0,2,2/2,2/2,0/2
P2,V_BOTH_REL,batch_holdout_development,b2b42,scenario:A_APP_LANG:post,2,0,2,0,0,2,2,0,0,2/2,2/2,0/2
P2,V_BOTH_REL,batch_holdout_development,b2b42,scenario:A_APP_LANG:pre,2,0,2,0,0,2,2,0,0,2/2,2/2,0/2
P2,V_BOTH_REL,batch_holdout_development,b2b42,scenario:A_APP_TZ:change,2,0,2,0,0,2,2,0,0,2/2,2/2,0/2
P2,V_BOTH_REL,batch_holdout_development,b2b42,scenario:A_APP_TZ:post,2,0,2,0,0,2,2,0,0,2/2,2/2,0/2
P2,V_BOTH_REL,batch_holdout_development,b2b42,scenario:A_APP_TZ:pre,2,0,2,0,0,2,2,0,0,2/2,2/2,0/2
P2,V_BOTH_REL,batch_holdout_development,b2b42,scenario:A_BROWSER_LANG:change,2,2,0,0,0,2,2,0,0,2/2,2/2,2/2
P2,V_BOTH_REL,batch_holdout_development,b2b42,scenario:A_BROWSER_LANG:post,2,0,2,0,0,2,2,0,0,2/2,2/2,0/2
P2,V_BOTH_REL,batch_holdout_development,b2b42,scenario:A_BROWSER_LANG:pre,2,0,2,0,0,2,2,0,0,2/2,2/2,0/2
P2,V_BOTH_REL,batch_holdout_development,b2b42,scenario:A_BROWSER_TZ:change,2,2,0,0,0,2,2,0,0,2/2,2/2,2/2
P2,V_BOTH_REL,batch_holdout_development,b2b42,scenario:A_BROWSER_TZ:post,2,0,2,0,0,2,2,0,0,2/2,2/2,0/2
P2,V_BOTH_REL,batch_holdout_development,b2b42,scenario:A_BROWSER_TZ:pre,2,0,2,0,0,2,2,0,0,2/2,2/2,0/2
P2,V_BOTH_REL,batch_holdout_development,b2b42,scenario:L_BROWSER_LANG:change,2,2,0,0,0,2,2,0,0,2/2,2/2,2/2
P2,V_BOTH_REL,batch_holdout_development,b2b42,scenario:L_BROWSER_LANG:post,2,0,2,0,0,2,2,0,0,2/2,2/2,0/2
P2,V_BOTH_REL,batch_holdout_development,b2b42,scenario:L_BROWSER_LANG:pre,2,0,2,0,0,2,2,0,0,2/2,2/2,0/2
P2,V_BOTH_REL,batch_holdout_development,b2b42,scenario:L_SYS_LANG:change,2,2,0,0,0,2,2,0,2,2/2,2/2,2/2
P2,V_BOTH_REL,batch_holdout_development,b2b42,scenario:L_SYS_LANG:post,2,0,2,0,0,2,2,0,0,2/2,2/2,0/2
P2,V_BOTH_REL,batch_holdout_development,b2b42,scenario:L_SYS_LANG:pre,2,0,2,0,0,2,2,0,0,2/2,2/2,0/2
P2,V_BOTH_REL,batch_holdout_development,b2b42,scenario:L_SYS_TZ:change,2,2,0,0,0,2,2,0,2,2/2,2/2,2/2
P2,V_BOTH_REL,batch_holdout_development,b2b42,scenario:L_SYS_TZ:post,2,0,2,0,0,2,2,0,0,2/2,2/2,0/2
P2,V_BOTH_REL,batch_holdout_development,b2b42,scenario:L_SYS_TZ:pre,2,0,2,0,0,2,2,0,0,2/2,2/2,0/2
P2,V_BOTH_REL,historical_normal_evaluation,mtc_development,NORMAL,144,0,144,0,0,144,139,5,0,139/144,144/144,0/144
P2,V_BOTH_REL,historical_normal_evaluation,mtc_development,all,144,0,144,0,0,144,139,5,0,139/144,144/144,0/144
P2,V_BOTH_REL,historical_normal_evaluation,mtc_development,scenario:routine_mtc:observation,144,0,144,0,0,144,139,5,0,139/144,144/144,0/144
P2,V_BOTH_REL,historical_normal_evaluation,mtc_reserved_validation,NORMAL,117,0,117,0,0,117,116,1,1,116/117,117/117,0/117
P2,V_BOTH_REL,historical_normal_evaluation,mtc_reserved_validation,all,117,0,117,0,0,117,116,1,1,116/117,117/117,0/117
P2,V_BOTH_REL,historical_normal_evaluation,mtc_reserved_validation,scenario:routine_mtc:observation,117,0,117,0,0,117,116,1,1,116/117,117/117,0/117
P2,V_BOTH_REL,training,mtc_discovery,NORMAL,630,0,630,0,0,630,603,27,0,603/630,630/630,0/630
P2,V_BOTH_REL,training,mtc_discovery,all,630,0,630,0,0,630,603,27,0,603/630,630/630,0/630
P2,V_BOTH_REL,training,mtc_discovery,scenario:routine_mtc:observation,630,0,630,0,0,630,603,27,0,603/630,630/630,0/630
P2,V_BOTH_REL,training,pilot18,EFFECTIVE_INTERVENTION,6,6,0,0,0,6,6,0,0,6/6,6/6,6/6
P2,V_BOTH_REL,training,pilot18,NORMAL,12,0,12,0,0,12,12,0,0,12/12,12/12,0/12
P2,V_BOTH_REL,training,pilot18,all,18,6,12,0,0,18,18,0,0,18/18,18/18,6/18
P2,V_BOTH_REL,training,pilot18,family:Browser_language,3,3,0,0,0,3,3,0,0,3/3,3/3,3/3
P2,V_BOTH_REL,training,pilot18,family:Browser_timezone,3,3,0,0,0,3,3,0,0,3/3,3/3,3/3
P2,V_BOTH_REL,training,pilot18,scenario:language_fr:attack_active,3,3,0,0,0,3,3,0,0,3/3,3/3,3/3
P2,V_BOTH_REL,training,pilot18,scenario:language_fr:clean_post,3,0,3,0,0,3,3,0,0,3/3,3/3,0/3
P2,V_BOTH_REL,training,pilot18,scenario:language_fr:clean_pre,3,0,3,0,0,3,3,0,0,3/3,3/3,0/3
P2,V_BOTH_REL,training,pilot18,scenario:timezone_tokyo:attack_active,3,3,0,0,0,3,3,0,0,3/3,3/3,3/3
P2,V_BOTH_REL,training,pilot18,scenario:timezone_tokyo:clean_post,3,0,3,0,0,3,3,0,0,3/3,3/3,0/3
P2,V_BOTH_REL,training,pilot18,scenario:timezone_tokyo:clean_pre,3,0,3,0,0,3,3,0,0,3/3,3/3,0/3
P2,V_BROWSER,batch_holdout_development,b2b42,EFFECTIVE_INTERVENTION,8,4,4,0,0,8,8,0,0,8/8,8/8,4/8
P2,V_BROWSER,batch_holdout_development,b2b42,NORMAL,34,6,28,0,0,34,34,0,0,34/34,34/34,6/34
P2,V_BROWSER,batch_holdout_development,b2b42,all,42,10,32,0,0,42,42,0,0,42/42,42/42,10/42
P2,V_BROWSER,batch_holdout_development,b2b42,family:App_language,2,0,2,0,0,2,2,0,0,2/2,2/2,0/2
P2,V_BROWSER,batch_holdout_development,b2b42,family:App_timezone,2,0,2,0,0,2,2,0,0,2/2,2/2,0/2
P2,V_BROWSER,batch_holdout_development,b2b42,family:Browser_language,2,2,0,0,0,2,2,0,0,2/2,2/2,2/2
P2,V_BROWSER,batch_holdout_development,b2b42,family:Browser_timezone,2,2,0,0,0,2,2,0,0,2/2,2/2,2/2
P2,V_BROWSER,batch_holdout_development,b2b42,scenario:A_APP_LANG:change,2,0,2,0,0,2,2,0,0,2/2,2/2,0/2
P2,V_BROWSER,batch_holdout_development,b2b42,scenario:A_APP_LANG:post,2,0,2,0,0,2,2,0,0,2/2,2/2,0/2
P2,V_BROWSER,batch_holdout_development,b2b42,scenario:A_APP_LANG:pre,2,0,2,0,0,2,2,0,0,2/2,2/2,0/2
P2,V_BROWSER,batch_holdout_development,b2b42,scenario:A_APP_TZ:change,2,0,2,0,0,2,2,0,0,2/2,2/2,0/2
P2,V_BROWSER,batch_holdout_development,b2b42,scenario:A_APP_TZ:post,2,0,2,0,0,2,2,0,0,2/2,2/2,0/2
P2,V_BROWSER,batch_holdout_development,b2b42,scenario:A_APP_TZ:pre,2,0,2,0,0,2,2,0,0,2/2,2/2,0/2
P2,V_BROWSER,batch_holdout_development,b2b42,scenario:A_BROWSER_LANG:change,2,2,0,0,0,2,2,0,0,2/2,2/2,2/2
P2,V_BROWSER,batch_holdout_development,b2b42,scenario:A_BROWSER_LANG:post,2,0,2,0,0,2,2,0,0,2/2,2/2,0/2
P2,V_BROWSER,batch_holdout_development,b2b42,scenario:A_BROWSER_LANG:pre,2,0,2,0,0,2,2,0,0,2/2,2/2,0/2
P2,V_BROWSER,batch_holdout_development,b2b42,scenario:A_BROWSER_TZ:change,2,2,0,0,0,2,2,0,0,2/2,2/2,2/2
P2,V_BROWSER,batch_holdout_development,b2b42,scenario:A_BROWSER_TZ:post,2,0,2,0,0,2,2,0,0,2/2,2/2,0/2
P2,V_BROWSER,batch_holdout_development,b2b42,scenario:A_BROWSER_TZ:pre,2,0,2,0,0,2,2,0,0,2/2,2/2,0/2
P2,V_BROWSER,batch_holdout_development,b2b42,scenario:L_BROWSER_LANG:change,2,2,0,0,0,2,2,0,0,2/2,2/2,2/2
P2,V_BROWSER,batch_holdout_development,b2b42,scenario:L_BROWSER_LANG:post,2,0,2,0,0,2,2,0,0,2/2,2/2,0/2
P2,V_BROWSER,batch_holdout_development,b2b42,scenario:L_BROWSER_LANG:pre,2,0,2,0,0,2,2,0,0,2/2,2/2,0/2
P2,V_BROWSER,batch_holdout_development,b2b42,scenario:L_SYS_LANG:change,2,2,0,0,0,2,2,0,0,2/2,2/2,2/2
P2,V_BROWSER,batch_holdout_development,b2b42,scenario:L_SYS_LANG:post,2,0,2,0,0,2,2,0,0,2/2,2/2,0/2
P2,V_BROWSER,batch_holdout_development,b2b42,scenario:L_SYS_LANG:pre,2,0,2,0,0,2,2,0,0,2/2,2/2,0/2
P2,V_BROWSER,batch_holdout_development,b2b42,scenario:L_SYS_TZ:change,2,2,0,0,0,2,2,0,0,2/2,2/2,2/2
P2,V_BROWSER,batch_holdout_development,b2b42,scenario:L_SYS_TZ:post,2,0,2,0,0,2,2,0,0,2/2,2/2,0/2
P2,V_BROWSER,batch_holdout_development,b2b42,scenario:L_SYS_TZ:pre,2,0,2,0,0,2,2,0,0,2/2,2/2,0/2
P2,V_BROWSER,historical_normal_evaluation,mtc_development,NORMAL,144,0,144,0,0,144,139,5,0,139/144,144/144,0/144
P2,V_BROWSER,historical_normal_evaluation,mtc_development,all,144,0,144,0,0,144,139,5,0,139/144,144/144,0/144
P2,V_BROWSER,historical_normal_evaluation,mtc_development,scenario:routine_mtc:observation,144,0,144,0,0,144,139,5,0,139/144,144/144,0/144
P2,V_BROWSER,historical_normal_evaluation,mtc_reserved_validation,NORMAL,117,0,117,0,0,117,116,1,1,116/117,117/117,0/117
P2,V_BROWSER,historical_normal_evaluation,mtc_reserved_validation,all,117,0,117,0,0,117,116,1,1,116/117,117/117,0/117
P2,V_BROWSER,historical_normal_evaluation,mtc_reserved_validation,scenario:routine_mtc:observation,117,0,117,0,0,117,116,1,1,116/117,117/117,0/117
P2,V_BROWSER,training,mtc_discovery,NORMAL,630,0,630,0,0,630,605,25,0,605/630,630/630,0/630
P2,V_BROWSER,training,mtc_discovery,all,630,0,630,0,0,630,605,25,0,605/630,630/630,0/630
P2,V_BROWSER,training,mtc_discovery,scenario:routine_mtc:observation,630,0,630,0,0,630,605,25,0,605/630,630/630,0/630
P2,V_BROWSER,training,pilot18,EFFECTIVE_INTERVENTION,6,6,0,0,0,6,6,0,0,6/6,6/6,6/6
P2,V_BROWSER,training,pilot18,NORMAL,12,0,12,0,0,12,12,0,0,12/12,12/12,0/12
P2,V_BROWSER,training,pilot18,all,18,6,12,0,0,18,18,0,0,18/18,18/18,6/18
P2,V_BROWSER,training,pilot18,family:Browser_language,3,3,0,0,0,3,3,0,0,3/3,3/3,3/3
P2,V_BROWSER,training,pilot18,family:Browser_timezone,3,3,0,0,0,3,3,0,0,3/3,3/3,3/3
P2,V_BROWSER,training,pilot18,scenario:language_fr:attack_active,3,3,0,0,0,3,3,0,0,3/3,3/3,3/3
P2,V_BROWSER,training,pilot18,scenario:language_fr:clean_post,3,0,3,0,0,3,3,0,0,3/3,3/3,0/3
P2,V_BROWSER,training,pilot18,scenario:language_fr:clean_pre,3,0,3,0,0,3,3,0,0,3/3,3/3,0/3
P2,V_BROWSER,training,pilot18,scenario:timezone_tokyo:attack_active,3,3,0,0,0,3,3,0,0,3/3,3/3,3/3
P2,V_BROWSER,training,pilot18,scenario:timezone_tokyo:clean_post,3,0,3,0,0,3,3,0,0,3/3,3/3,0/3
P2,V_BROWSER,training,pilot18,scenario:timezone_tokyo:clean_pre,3,0,3,0,0,3,3,0,0,3/3,3/3,0/3
