figure,dataset,method,configuration,method_role,family,identity,N,T,F,U,FAILED,defined,source_path,source_locator,members_source_path,members_source_locator,rate,defined_rate
F05a,language_timezone60,APP_FULL,01,complete_app,App_language,EFFECTIVE_INTERVENTION,2,0,2,0,0,2,deliverables/app_resource_constrained_extension_v1/results/inputs.jsonl,"app_states[paired244-devext-c2e38381be26f0a91709871b]; input lines 668,671",deliverables/app_resource_constrained_extension_v1/results/members.jsonl,"lines 668,671",0.0,1.0
F05a,language_timezone60,APP_FULL,01,complete_app,App_timezone,EFFECTIVE_INTERVENTION,2,2,0,0,0,2,deliverables/app_resource_constrained_extension_v1/results/inputs.jsonl,"app_states[paired244-devext-c2e38381be26f0a91709871b]; input lines 674,677",deliverables/app_resource_constrained_extension_v1/results/members.jsonl,"lines 674,677",1.0,1.0
F05a,language_timezone60,APP_FULL,01,complete_app,Browser_language,EFFECTIVE_INTERVENTION,5,0,5,0,0,5,deliverables/app_resource_constrained_extension_v1/results/inputs.jsonl,"app_states[paired244-devext-c2e38381be26f0a91709871b]; input lines 632,635,638,680,683",deliverables/app_resource_constrained_extension_v1/results/members.jsonl,"lines 632,635,638,680,683",0.0,1.0
F05a,language_timezone60,APP_FULL,01,complete_app,Browser_timezone,EFFECTIVE_INTERVENTION,5,0,5,0,0,5,deliverables/app_resource_constrained_extension_v1/results/inputs.jsonl,"app_states[paired244-devext-c2e38381be26f0a91709871b]; input lines 641,644,647,686,689",deliverables/app_resource_constrained_extension_v1/results/members.jsonl,"lines 641,644,647,686,689",0.0,1.0
F05a,language_timezone60,APP_FULL,01,complete_app,NORMAL,NORMAL,46,0,46,0,0,46,deliverables/app_resource_constrained_extension_v1/results/inputs.jsonl,"app_states[paired244-devext-c2e38381be26f0a91709871b]; input lines 631,633,634,636,637,639,640,642,643,645,646,648,649,650,651,652,653,654,655,656,657,658,659,660,661,662,663,664,665,666,667,669,670,672,673,675,676,678,679,681,682,684,685,687,688,690",deliverables/app_resource_constrained_extension_v1/results/members.jsonl,"lines 631,633,634,636,637,639,640,642,643,645,646,648,649,650,651,652,653,654,655,656,657,658,659,660,661,662,663,664,665,666,667,669,670,672,673,675,676,678,679,681,682,684,685,687,688,690",0.0,1.0
F05a,language_timezone60,PAIRED_BASE,01,retained_complete_paired_base,App_language,EFFECTIVE_INTERVENTION,2,0,2,0,0,2,deliverables/app_resource_constrained_extension_v1/results/inputs.jsonl,"base_states[paired244-devext-c2e38381be26f0a91709871b]; input lines 668,671",deliverables/app_resource_constrained_extension_v1/results/members.jsonl,"lines 668,671",0.0,1.0
F05a,language_timezone60,PAIRED_BASE,01,retained_complete_paired_base,App_timezone,EFFECTIVE_INTERVENTION,2,2,0,0,0,2,deliverables/app_resource_constrained_extension_v1/results/inputs.jsonl,"base_states[paired244-devext-c2e38381be26f0a91709871b]; input lines 674,677",deliverables/app_resource_constrained_extension_v1/results/members.jsonl,"lines 674,677",1.0,1.0
F05a,language_timezone60,PAIRED_BASE,01,retained_complete_paired_base,Browser_language,EFFECTIVE_INTERVENTION,5,0,5,0,0,5,deliverables/app_resource_constrained_extension_v1/results/inputs.jsonl,"base_states[paired244-devext-c2e38381be26f0a91709871b]; input lines 632,635,638,680,683",deliverables/app_resource_constrained_extension_v1/results/members.jsonl,"lines 632,635,638,680,683",0.0,1.0
F05a,language_timezone60,PAIRED_BASE,01,retained_complete_paired_base,Browser_timezone,EFFECTIVE_INTERVENTION,5,5,0,0,0,5,deliverables/app_resource_constrained_extension_v1/results/inputs.jsonl,"base_states[paired244-devext-c2e38381be26f0a91709871b]; input lines 641,644,647,686,689",deliverables/app_resource_constrained_extension_v1/results/members.jsonl,"lines 641,644,647,686,689",1.0,1.0
F05a,language_timezone60,PAIRED_BASE,01,retained_complete_paired_base,NORMAL,NORMAL,46,0,46,0,0,46,deliverables/app_resource_constrained_extension_v1/results/inputs.jsonl,"base_states[paired244-devext-c2e38381be26f0a91709871b]; input lines 631,633,634,636,637,639,640,642,643,645,646,648,649,650,651,652,653,654,655,656,657,658,659,660,661,662,663,664,665,666,667,669,670,672,673,675,676,678,679,681,682,684,685,687,688,690",deliverables/app_resource_constrained_extension_v1/results/members.jsonl,"lines 631,633,634,636,637,639,640,642,643,645,646,648,649,650,651,652,653,654,655,656,657,658,659,660,661,662,663,664,665,666,667,669,670,672,673,675,676,678,679,681,682,684,685,687,688,690",0.0,1.0
F05a,language_timezone60,APP_FULL,02,complete_app,App_language,EFFECTIVE_INTERVENTION,2,0,2,0,0,2,deliverables/app_resource_constrained_extension_v1/results/inputs.jsonl,"app_states[paired244-devext-9688bfa5bc943c8095f94b46]; input lines 668,671",deliverables/app_resource_constrained_extension_v1/results/members.jsonl,"lines 668,671",0.0,1.0
F05a,language_timezone60,APP_FULL,02,complete_app,App_timezone,EFFECTIVE_INTERVENTION,2,2,0,0,0,2,deliverables/app_resource_constrained_extension_v1/results/inputs.jsonl,"app_states[paired244-devext-9688bfa5bc943c8095f94b46]; input lines 674,677",deliverables/app_resource_constrained_extension_v1/results/members.jsonl,"lines 674,677",1.0,1.0
F05a,language_timezone60,APP_FULL,02,complete_app,Browser_language,EFFECTIVE_INTERVENTION,5,0,5,0,0,5,deliverables/app_resource_constrained_extension_v1/results/inputs.jsonl,"app_states[paired244-devext-9688bfa5bc943c8095f94b46]; input lines 632,635,638,680,683",deliverables/app_resource_constrained_extension_v1/results/members.jsonl,"lines 632,635,638,680,683",0.0,1.0
F05a,language_timezone60,APP_FULL,02,complete_app,Browser_timezone,EFFECTIVE_INTERVENTION,5,0,5,0,0,5,deliverables/app_resource_constrained_extension_v1/results/inputs.jsonl,"app_states[paired244-devext-9688bfa5bc943c8095f94b46]; input lines 641,644,647,686,689",deliverables/app_resource_constrained_extension_v1/results/members.jsonl,"lines 641,644,647,686,689",0.0,1.0
F05a,language_timezone60,APP_FULL,02,complete_app,NORMAL,NORMAL,46,0,46,0,0,46,deliverables/app_resource_constrained_extension_v1/results/inputs.jsonl,"app_states[paired244-devext-9688bfa5bc943c8095f94b46]; input lines 631,633,634,636,637,639,640,642,643,645,646,648,649,650,651,652,653,654,655,656,657,658,659,660,661,662,663,664,665,666,667,669,670,672,673,675,676,678,679,681,682,684,685,687,688,690",deliverables/app_resource_constrained_extension_v1/results/members.jsonl,"lines 631,633,634,636,637,639,640,642,643,645,646,648,649,650,651,652,653,654,655,656,657,658,659,660,661,662,663,664,665,666,667,669,670,672,673,675,676,678,679,681,682,684,685,687,688,690",0.0,1.0
F05a,language_timezone60,PAIRED_BASE,02,retained_complete_paired_base,App_language,EFFECTIVE_INTERVENTION,2,0,2,0,0,2,deliverables/app_resource_constrained_extension_v1/results/inputs.jsonl,"base_states[paired244-devext-9688bfa5bc943c8095f94b46]; input lines 668,671",deliverables/app_resource_constrained_extension_v1/results/members.jsonl,"lines 668,671",0.0,1.0
F05a,language_timezone60,PAIRED_BASE,02,retained_complete_paired_base,App_timezone,EFFECTIVE_INTERVENTION,2,2,0,0,0,2,deliverables/app_resource_constrained_extension_v1/results/inputs.jsonl,"base_states[paired244-devext-9688bfa5bc943c8095f94b46]; input lines 674,677",deliverables/app_resource_constrained_extension_v1/results/members.jsonl,"lines 674,677",1.0,1.0
F05a,language_timezone60,PAIRED_BASE,02,retained_complete_paired_base,Browser_language,EFFECTIVE_INTERVENTION,5,0,5,0,0,5,deliverables/app_resource_constrained_extension_v1/results/inputs.jsonl,"base_states[paired244-devext-9688bfa5bc943c8095f94b46]; input lines 632,635,638,680,683",deliverables/app_resource_constrained_extension_v1/results/members.jsonl,"lines 632,635,638,680,683",0.0,1.0
F05a,language_timezone60,PAIRED_BASE,02,retained_complete_paired_base,Browser_timezone,EFFECTIVE_INTERVENTION,5,5,0,0,0,5,deliverables/app_resource_constrained_extension_v1/results/inputs.jsonl,"base_states[paired244-devext-9688bfa5bc943c8095f94b46]; input lines 641,644,647,686,689",deliverables/app_resource_constrained_extension_v1/results/members.jsonl,"lines 641,644,647,686,689",1.0,1.0
F05a,language_timezone60,PAIRED_BASE,02,retained_complete_paired_base,NORMAL,NORMAL,46,0,46,0,0,46,deliverables/app_resource_constrained_extension_v1/results/inputs.jsonl,"base_states[paired244-devext-9688bfa5bc943c8095f94b46]; input lines 631,633,634,636,637,639,640,642,643,645,646,648,649,650,651,652,653,654,655,656,657,658,659,660,661,662,663,664,665,666,667,669,670,672,673,675,676,678,679,681,682,684,685,687,688,690",deliverables/app_resource_constrained_extension_v1/results/members.jsonl,"lines 631,633,634,636,637,639,640,642,643,645,646,648,649,650,651,652,653,654,655,656,657,658,659,660,661,662,663,664,665,666,667,669,670,672,673,675,676,678,679,681,682,684,685,687,688,690",0.0,1.0
F05a,language_timezone60,APP_FULL,03,complete_app,App_language,EFFECTIVE_INTERVENTION,2,0,2,0,0,2,deliverables/app_resource_constrained_extension_v1/results/inputs.jsonl,"app_states[paired244-devext-09060772f27998b093caaea7]; input lines 668,671",deliverables/app_resource_constrained_extension_v1/results/members.jsonl,"lines 668,671",0.0,1.0
F05a,language_timezone60,APP_FULL,03,complete_app,App_timezone,EFFECTIVE_INTERVENTION,2,2,0,0,0,2,deliverables/app_resource_constrained_extension_v1/results/inputs.jsonl,"app_states[paired244-devext-09060772f27998b093caaea7]; input lines 674,677",deliverables/app_resource_constrained_extension_v1/results/members.jsonl,"lines 674,677",1.0,1.0
F05a,language_timezone60,APP_FULL,03,complete_app,Browser_language,EFFECTIVE_INTERVENTION,5,0,5,0,0,5,deliverables/app_resource_constrained_extension_v1/results/inputs.jsonl,"app_states[paired244-devext-09060772f27998b093caaea7]; input lines 632,635,638,680,683",deliverables/app_resource_constrained_extension_v1/results/members.jsonl,"lines 632,635,638,680,683",0.0,1.0
F05a,language_timezone60,APP_FULL,03,complete_app,Browser_timezone,EFFECTIVE_INTERVENTION,5,0,5,0,0,5,deliverables/app_resource_constrained_extension_v1/results/inputs.jsonl,"app_states[paired244-devext-09060772f27998b093caaea7]; input lines 641,644,647,686,689",deliverables/app_resource_constrained_extension_v1/results/members.jsonl,"lines 641,644,647,686,689",0.0,1.0
F05a,language_timezone60,APP_FULL,03,complete_app,NORMAL,NORMAL,46,0,46,0,0,46,deliverables/app_resource_constrained_extension_v1/results/inputs.jsonl,"app_states[paired244-devext-09060772f27998b093caaea7]; input lines 631,633,634,636,637,639,640,642,643,645,646,648,649,650,651,652,653,654,655,656,657,658,659,660,661,662,663,664,665,666,667,669,670,672,673,675,676,678,679,681,682,684,685,687,688,690",deliverables/app_resource_constrained_extension_v1/results/members.jsonl,"lines 631,633,634,636,637,639,640,642,643,645,646,648,649,650,651,652,653,654,655,656,657,658,659,660,661,662,663,664,665,666,667,669,670,672,673,675,676,678,679,681,682,684,685,687,688,690",0.0,1.0
F05a,language_timezone60,PAIRED_BASE,03,retained_complete_paired_base,App_language,EFFECTIVE_INTERVENTION,2,0,2,0,0,2,deliverables/app_resource_constrained_extension_v1/results/inputs.jsonl,"base_states[paired244-devext-09060772f27998b093caaea7]; input lines 668,671",deliverables/app_resource_constrained_extension_v1/results/members.jsonl,"lines 668,671",0.0,1.0
F05a,language_timezone60,PAIRED_BASE,03,retained_complete_paired_base,App_timezone,EFFECTIVE_INTERVENTION,2,2,0,0,0,2,deliverables/app_resource_constrained_extension_v1/results/inputs.jsonl,"base_states[paired244-devext-09060772f27998b093caaea7]; input lines 674,677",deliverables/app_resource_constrained_extension_v1/results/members.jsonl,"lines 674,677",1.0,1.0
F05a,language_timezone60,PAIRED_BASE,03,retained_complete_paired_base,Browser_language,EFFECTIVE_INTERVENTION,5,0,5,0,0,5,deliverables/app_resource_constrained_extension_v1/results/inputs.jsonl,"base_states[paired244-devext-09060772f27998b093caaea7]; input lines 632,635,638,680,683",deliverables/app_resource_constrained_extension_v1/results/members.jsonl,"lines 632,635,638,680,683",0.0,1.0
F05a,language_timezone60,PAIRED_BASE,03,retained_complete_paired_base,Browser_timezone,EFFECTIVE_INTERVENTION,5,5,0,0,0,5,deliverables/app_resource_constrained_extension_v1/results/inputs.jsonl,"base_states[paired244-devext-09060772f27998b093caaea7]; input lines 641,644,647,686,689",deliverables/app_resource_constrained_extension_v1/results/members.jsonl,"lines 641,644,647,686,689",1.0,1.0
F05a,language_timezone60,PAIRED_BASE,03,retained_complete_paired_base,NORMAL,NORMAL,46,0,46,0,0,46,deliverables/app_resource_constrained_extension_v1/results/inputs.jsonl,"base_states[paired244-devext-09060772f27998b093caaea7]; input lines 631,633,634,636,637,639,640,642,643,645,646,648,649,650,651,652,653,654,655,656,657,658,659,660,661,662,663,664,665,666,667,669,670,672,673,675,676,678,679,681,682,684,685,687,688,690",deliverables/app_resource_constrained_extension_v1/results/members.jsonl,"lines 631,633,634,636,637,639,640,642,643,645,646,648,649,650,651,652,653,654,655,656,657,658,659,660,661,662,663,664,665,666,667,669,670,672,673,675,676,678,679,681,682,684,685,687,688,690",0.0,1.0
