N,T,F,U,FAILED,defined,rate,defined_rate,source_path,source_locator,method_role,plan,view,role,cohort,group,model_id,input_complete,partial_input_binary,summary_source_path,summary_source_locator
46,2,44,0,0,46,0.043478260869565216,1.0,deliverables/cross_endpoint_four_view_comparison_v1/results/main_comparison.csv,CSV row 2; normal,four_view_small_tree,P0,V_APP,training,pilot18+b2b42,NORMAL,b3a-P0-V_APP-84c1a2321e02,46,0,deliverables/cross_endpoint_four_view_comparison_v1/results/summary/summary.csv,CSV row 40; CSV row 9
46,30,16,0,0,46,0.6521739130434783,1.0,deliverables/cross_endpoint_four_view_comparison_v1/results/main_comparison.csv,CSV row 3; normal,four_view_small_tree,P0,V_BROWSER,training,pilot18+b2b42,NORMAL,b3a-P0-V_BROWSER-e1eeed22982e,46,0,deliverables/cross_endpoint_four_view_comparison_v1/results/summary/summary.csv,CSV row 184; CSV row 153
46,32,14,0,0,46,0.6956521739130435,1.0,deliverables/cross_endpoint_four_view_comparison_v1/results/main_comparison.csv,CSV row 4; normal,four_view_small_tree,P0,V_BOTH,training,pilot18+b2b42,NORMAL,b3a-P0-V_BOTH-e73408fb2278,46,0,deliverables/cross_endpoint_four_view_comparison_v1/results/summary/summary.csv,CSV row 88; CSV row 57
46,0,46,0,0,46,0.0,1.0,deliverables/cross_endpoint_four_view_comparison_v1/results/main_comparison.csv,CSV row 5; normal,four_view_small_tree,P0,V_BOTH_REL,training,pilot18+b2b42,NORMAL,b3a-P0-V_BOTH_REL-93c996d890e2,46,0,deliverables/cross_endpoint_four_view_comparison_v1/results/summary/summary.csv,CSV row 136; CSV row 105
12,12,0,0,0,12,1.0,1.0,deliverables/cross_endpoint_four_view_comparison_v1/results/main_comparison.csv,CSV row 6; normal,four_view_small_tree,P1,V_APP,batch_holdout_development,pilot18,NORMAL,b3a-P1-V_APP-fbc381974209,12,0,deliverables/cross_endpoint_four_view_comparison_v1/results/summary/summary.csv,CSV row 195
12,12,0,0,0,12,1.0,1.0,deliverables/cross_endpoint_four_view_comparison_v1/results/main_comparison.csv,CSV row 7; normal,four_view_small_tree,P1,V_BROWSER,batch_holdout_development,pilot18,NORMAL,b3a-P1-V_BROWSER-88c6e6ede1f1,12,0,deliverables/cross_endpoint_four_view_comparison_v1/results/summary/summary.csv,CSV row 339
12,12,0,0,0,12,1.0,1.0,deliverables/cross_endpoint_four_view_comparison_v1/results/main_comparison.csv,CSV row 8; normal,four_view_small_tree,P1,V_BOTH,batch_holdout_development,pilot18,NORMAL,b3a-P1-V_BOTH-95e976f665a8,12,0,deliverables/cross_endpoint_four_view_comparison_v1/results/summary/summary.csv,CSV row 243
12,0,12,0,0,12,0.0,1.0,deliverables/cross_endpoint_four_view_comparison_v1/results/main_comparison.csv,CSV row 9; normal,four_view_small_tree,P1,V_BOTH_REL,batch_holdout_development,pilot18,NORMAL,b3a-P1-V_BOTH_REL-9c438a772dd6,12,0,deliverables/cross_endpoint_four_view_comparison_v1/results/summary/summary.csv,CSV row 291
34,32,2,0,0,34,0.9411764705882353,1.0,deliverables/cross_endpoint_four_view_comparison_v1/results/main_comparison.csv,CSV row 10; normal,four_view_small_tree,P2,V_APP,batch_holdout_development,b2b42,NORMAL,b3a-P2-V_APP-d06abc5abeaf,34,0,deliverables/cross_endpoint_four_view_comparison_v1/results/summary/summary.csv,CSV row 387
34,6,28,0,0,34,0.17647058823529413,1.0,deliverables/cross_endpoint_four_view_comparison_v1/results/main_comparison.csv,CSV row 11; normal,four_view_small_tree,P2,V_BROWSER,batch_holdout_development,b2b42,NORMAL,b3a-P2-V_BROWSER-dee1bef9fef9,34,0,deliverables/cross_endpoint_four_view_comparison_v1/results/summary/summary.csv,CSV row 531
34,6,28,0,0,34,0.17647058823529413,1.0,deliverables/cross_endpoint_four_view_comparison_v1/results/main_comparison.csv,CSV row 12; normal,four_view_small_tree,P2,V_BOTH,batch_holdout_development,b2b42,NORMAL,b3a-P2-V_BOTH-6c460a95fd65,34,0,deliverables/cross_endpoint_four_view_comparison_v1/results/summary/summary.csv,CSV row 435
34,6,28,0,0,34,0.17647058823529413,1.0,deliverables/cross_endpoint_four_view_comparison_v1/results/main_comparison.csv,CSV row 13; normal,four_view_small_tree,P2,V_BOTH_REL,batch_holdout_development,b2b42,NORMAL,b3a-P2-V_BOTH_REL-85ec21051f95,34,0,deliverables/cross_endpoint_four_view_comparison_v1/results/summary/summary.csv,CSV row 483
