method,configuration,method_role,model_id,saved_state_key,fold,description
APP_FULL,01,complete_app,mtc-rel-tz-6e10284c39b1b601ab406240,paired244-devext-c2e38381be26f0a91709871b,WEBGL1-LOEO-v1-01,Full App; no independent Browser
PAIRED_BASE,01,retained_complete_paired_base,paired244-devext-c2e38381be26f0a91709871b,paired244-devext-c2e38381be26f0a91709871b,WEBGL1-LOEO-v1-01,App + cross-endpoint timezone; retained resource S0
APP_FULL,02,complete_app,mtc-rel-tz-9c5fa0e310ba10a00e520b1c,paired244-devext-9688bfa5bc943c8095f94b46,WEBGL1-LOEO-v1-02,Full App; no independent Browser
PAIRED_BASE,02,retained_complete_paired_base,paired244-devext-9688bfa5bc943c8095f94b46,paired244-devext-9688bfa5bc943c8095f94b46,WEBGL1-LOEO-v1-02,App + cross-endpoint timezone; retained resource S0
APP_FULL,03,complete_app,mtc-rel-tz-4ae67bb9da899cc419dd525f,paired244-devext-09060772f27998b093caaea7,WEBGL1-LOEO-v1-03,Full App; no independent Browser
PAIRED_BASE,03,retained_complete_paired_base,paired244-devext-09060772f27998b093caaea7,paired244-devext-09060772f27998b093caaea7,WEBGL1-LOEO-v1-03,App + cross-endpoint timezone; retained resource S0
M,fixed,fixed_resource_condition,,R_NATIVE_BROWSER_MEMORY,,Native-Browser memory upper bound
B,fixed,fixed_resource_condition,,D_BROWSER_MEMORY8,,Browser reported memory > 8
W,fixed,fixed_resource_condition,,R_WEB_MEMORY_DIFFERENCE,,App Web and Browser reported memory differ
