figure,dataset,method,configuration,method_role,family,identity,N,T,F,U,FAILED,defined,source_path,source_locator,members_source_path,members_source_locator,rate,defined_rate,cohort
F05a,language_timezone60,APP_FULL,01,complete_app,App_language,EFFECTIVE_INTERVENTION,0,0,0,0,0,0,deliverables/app_resource_constrained_extension_v1/results/inputs.jsonl,app_states[paired244-devext-c2e38381be26f0a91709871b]; input lines ,deliverables/app_resource_constrained_extension_v1/results/members.jsonl,lines ,,,pilot18
F05a,language_timezone60,APP_FULL,01,complete_app,App_language,EFFECTIVE_INTERVENTION,2,0,2,0,0,2,deliverables/app_resource_constrained_extension_v1/results/inputs.jsonl,"app_states[paired244-devext-c2e38381be26f0a91709871b]; input lines 668,671",deliverables/app_resource_constrained_extension_v1/results/members.jsonl,"lines 668,671",0.0,1.0,b2b42
F05a,language_timezone60,APP_FULL,01,complete_app,App_timezone,EFFECTIVE_INTERVENTION,0,0,0,0,0,0,deliverables/app_resource_constrained_extension_v1/results/inputs.jsonl,app_states[paired244-devext-c2e38381be26f0a91709871b]; input lines ,deliverables/app_resource_constrained_extension_v1/results/members.jsonl,lines ,,,pilot18
F05a,language_timezone60,APP_FULL,01,complete_app,App_timezone,EFFECTIVE_INTERVENTION,2,2,0,0,0,2,deliverables/app_resource_constrained_extension_v1/results/inputs.jsonl,"app_states[paired244-devext-c2e38381be26f0a91709871b]; input lines 674,677",deliverables/app_resource_constrained_extension_v1/results/members.jsonl,"lines 674,677",1.0,1.0,b2b42
F05a,language_timezone60,APP_FULL,01,complete_app,Browser_language,EFFECTIVE_INTERVENTION,3,0,3,0,0,3,deliverables/app_resource_constrained_extension_v1/results/inputs.jsonl,"app_states[paired244-devext-c2e38381be26f0a91709871b]; input lines 632,635,638",deliverables/app_resource_constrained_extension_v1/results/members.jsonl,"lines 632,635,638",0.0,1.0,pilot18
F05a,language_timezone60,APP_FULL,01,complete_app,Browser_language,EFFECTIVE_INTERVENTION,2,0,2,0,0,2,deliverables/app_resource_constrained_extension_v1/results/inputs.jsonl,"app_states[paired244-devext-c2e38381be26f0a91709871b]; input lines 680,683",deliverables/app_resource_constrained_extension_v1/results/members.jsonl,"lines 680,683",0.0,1.0,b2b42
F05a,language_timezone60,APP_FULL,01,complete_app,Browser_timezone,EFFECTIVE_INTERVENTION,3,0,3,0,0,3,deliverables/app_resource_constrained_extension_v1/results/inputs.jsonl,"app_states[paired244-devext-c2e38381be26f0a91709871b]; input lines 641,644,647",deliverables/app_resource_constrained_extension_v1/results/members.jsonl,"lines 641,644,647",0.0,1.0,pilot18
F05a,language_timezone60,APP_FULL,01,complete_app,Browser_timezone,EFFECTIVE_INTERVENTION,2,0,2,0,0,2,deliverables/app_resource_constrained_extension_v1/results/inputs.jsonl,"app_states[paired244-devext-c2e38381be26f0a91709871b]; input lines 686,689",deliverables/app_resource_constrained_extension_v1/results/members.jsonl,"lines 686,689",0.0,1.0,b2b42
F05a,language_timezone60,APP_FULL,01,complete_app,NORMAL,NORMAL,12,0,12,0,0,12,deliverables/app_resource_constrained_extension_v1/results/inputs.jsonl,"app_states[paired244-devext-c2e38381be26f0a91709871b]; input lines 631,633,634,636,637,639,640,642,643,645,646,648",deliverables/app_resource_constrained_extension_v1/results/members.jsonl,"lines 631,633,634,636,637,639,640,642,643,645,646,648",0.0,1.0,pilot18
F05a,language_timezone60,APP_FULL,01,complete_app,NORMAL,NORMAL,34,0,34,0,0,34,deliverables/app_resource_constrained_extension_v1/results/inputs.jsonl,"app_states[paired244-devext-c2e38381be26f0a91709871b]; input lines 649,650,651,652,653,654,655,656,657,658,659,660,661,662,663,664,665,666,667,669,670,672,673,675,676,678,679,681,682,684,685,687,688,690",deliverables/app_resource_constrained_extension_v1/results/members.jsonl,"lines 649,650,651,652,653,654,655,656,657,658,659,660,661,662,663,664,665,666,667,669,670,672,673,675,676,678,679,681,682,684,685,687,688,690",0.0,1.0,b2b42
F05b,resource54,APP_FULL,01,complete_app,App_resource16_48,EFFECTIVE_INTERVENTION,3,3,0,0,0,3,deliverables/app_resource_constrained_extension_v1/results/inputs.jsonl,"app_states[paired244-devext-c2e38381be26f0a91709871b]; input lines 692,710,728",deliverables/app_resource_constrained_extension_v1/results/members.jsonl,"lines 692,710,728",1.0,1.0,resource54
F05b,resource54,APP_FULL,01,complete_app,App_memory4,EFFECTIVE_INTERVENTION,3,3,0,0,0,3,deliverables/app_resource_constrained_extension_v1/results/inputs.jsonl,"app_states[paired244-devext-c2e38381be26f0a91709871b]; input lines 695,713,731",deliverables/app_resource_constrained_extension_v1/results/members.jsonl,"lines 695,713,731",1.0,1.0,resource54
F05b,resource54,APP_FULL,01,complete_app,Browser_resource16_48,EFFECTIVE_INTERVENTION,3,0,3,0,0,3,deliverables/app_resource_constrained_extension_v1/results/inputs.jsonl,"app_states[paired244-devext-c2e38381be26f0a91709871b]; input lines 698,716,734",deliverables/app_resource_constrained_extension_v1/results/members.jsonl,"lines 698,716,734",0.0,1.0,resource54
F05b,resource54,APP_FULL,01,complete_app,Browser_memory4,EFFECTIVE_INTERVENTION,3,0,3,0,0,3,deliverables/app_resource_constrained_extension_v1/results/inputs.jsonl,"app_states[paired244-devext-c2e38381be26f0a91709871b]; input lines 701,719,737",deliverables/app_resource_constrained_extension_v1/results/members.jsonl,"lines 701,719,737",0.0,1.0,resource54
F05b,resource54,APP_FULL,01,complete_app,NORMAL,NORMAL,42,0,42,0,0,42,deliverables/app_resource_constrained_extension_v1/results/inputs.jsonl,"app_states[paired244-devext-c2e38381be26f0a91709871b]; input lines 691,693,694,696,697,699,700,702,703,704,705,706,707,708,709,711,712,714,715,717,718,720,721,722,723,724,725,726,727,729,730,732,733,735,736,738,739,740,741,742,743,744",deliverables/app_resource_constrained_extension_v1/results/members.jsonl,"lines 691,693,694,696,697,699,700,702,703,704,705,706,707,708,709,711,712,714,715,717,718,720,721,722,723,724,725,726,727,729,730,732,733,735,736,738,739,740,741,742,743,744",0.0,1.0,resource54
F05a,language_timezone60,PAIRED_BASE,01,retained_complete_paired_base,App_language,EFFECTIVE_INTERVENTION,0,0,0,0,0,0,deliverables/app_resource_constrained_extension_v1/results/inputs.jsonl,base_states[paired244-devext-c2e38381be26f0a91709871b]; input lines ,deliverables/app_resource_constrained_extension_v1/results/members.jsonl,lines ,,,pilot18
F05a,language_timezone60,PAIRED_BASE,01,retained_complete_paired_base,App_language,EFFECTIVE_INTERVENTION,2,0,2,0,0,2,deliverables/app_resource_constrained_extension_v1/results/inputs.jsonl,"base_states[paired244-devext-c2e38381be26f0a91709871b]; input lines 668,671",deliverables/app_resource_constrained_extension_v1/results/members.jsonl,"lines 668,671",0.0,1.0,b2b42
F05a,language_timezone60,PAIRED_BASE,01,retained_complete_paired_base,App_timezone,EFFECTIVE_INTERVENTION,0,0,0,0,0,0,deliverables/app_resource_constrained_extension_v1/results/inputs.jsonl,base_states[paired244-devext-c2e38381be26f0a91709871b]; input lines ,deliverables/app_resource_constrained_extension_v1/results/members.jsonl,lines ,,,pilot18
F05a,language_timezone60,PAIRED_BASE,01,retained_complete_paired_base,App_timezone,EFFECTIVE_INTERVENTION,2,2,0,0,0,2,deliverables/app_resource_constrained_extension_v1/results/inputs.jsonl,"base_states[paired244-devext-c2e38381be26f0a91709871b]; input lines 674,677",deliverables/app_resource_constrained_extension_v1/results/members.jsonl,"lines 674,677",1.0,1.0,b2b42
F05a,language_timezone60,PAIRED_BASE,01,retained_complete_paired_base,Browser_language,EFFECTIVE_INTERVENTION,3,0,3,0,0,3,deliverables/app_resource_constrained_extension_v1/results/inputs.jsonl,"base_states[paired244-devext-c2e38381be26f0a91709871b]; input lines 632,635,638",deliverables/app_resource_constrained_extension_v1/results/members.jsonl,"lines 632,635,638",0.0,1.0,pilot18
F05a,language_timezone60,PAIRED_BASE,01,retained_complete_paired_base,Browser_language,EFFECTIVE_INTERVENTION,2,0,2,0,0,2,deliverables/app_resource_constrained_extension_v1/results/inputs.jsonl,"base_states[paired244-devext-c2e38381be26f0a91709871b]; input lines 680,683",deliverables/app_resource_constrained_extension_v1/results/members.jsonl,"lines 680,683",0.0,1.0,b2b42
F05a,language_timezone60,PAIRED_BASE,01,retained_complete_paired_base,Browser_timezone,EFFECTIVE_INTERVENTION,3,3,0,0,0,3,deliverables/app_resource_constrained_extension_v1/results/inputs.jsonl,"base_states[paired244-devext-c2e38381be26f0a91709871b]; input lines 641,644,647",deliverables/app_resource_constrained_extension_v1/results/members.jsonl,"lines 641,644,647",1.0,1.0,pilot18
F05a,language_timezone60,PAIRED_BASE,01,retained_complete_paired_base,Browser_timezone,EFFECTIVE_INTERVENTION,2,2,0,0,0,2,deliverables/app_resource_constrained_extension_v1/results/inputs.jsonl,"base_states[paired244-devext-c2e38381be26f0a91709871b]; input lines 686,689",deliverables/app_resource_constrained_extension_v1/results/members.jsonl,"lines 686,689",1.0,1.0,b2b42
F05a,language_timezone60,PAIRED_BASE,01,retained_complete_paired_base,NORMAL,NORMAL,12,0,12,0,0,12,deliverables/app_resource_constrained_extension_v1/results/inputs.jsonl,"base_states[paired244-devext-c2e38381be26f0a91709871b]; input lines 631,633,634,636,637,639,640,642,643,645,646,648",deliverables/app_resource_constrained_extension_v1/results/members.jsonl,"lines 631,633,634,636,637,639,640,642,643,645,646,648",0.0,1.0,pilot18
F05a,language_timezone60,PAIRED_BASE,01,retained_complete_paired_base,NORMAL,NORMAL,34,0,34,0,0,34,deliverables/app_resource_constrained_extension_v1/results/inputs.jsonl,"base_states[paired244-devext-c2e38381be26f0a91709871b]; input lines 649,650,651,652,653,654,655,656,657,658,659,660,661,662,663,664,665,666,667,669,670,672,673,675,676,678,679,681,682,684,685,687,688,690",deliverables/app_resource_constrained_extension_v1/results/members.jsonl,"lines 649,650,651,652,653,654,655,656,657,658,659,660,661,662,663,664,665,666,667,669,670,672,673,675,676,678,679,681,682,684,685,687,688,690",0.0,1.0,b2b42
F05b,resource54,PAIRED_BASE,01,retained_complete_paired_base,App_resource16_48,EFFECTIVE_INTERVENTION,3,3,0,0,0,3,deliverables/app_resource_constrained_extension_v1/results/inputs.jsonl,"base_states[paired244-devext-c2e38381be26f0a91709871b]; input lines 692,710,728",deliverables/app_resource_constrained_extension_v1/results/members.jsonl,"lines 692,710,728",1.0,1.0,resource54
F05b,resource54,PAIRED_BASE,01,retained_complete_paired_base,App_memory4,EFFECTIVE_INTERVENTION,3,3,0,0,0,3,deliverables/app_resource_constrained_extension_v1/results/inputs.jsonl,"base_states[paired244-devext-c2e38381be26f0a91709871b]; input lines 695,713,731",deliverables/app_resource_constrained_extension_v1/results/members.jsonl,"lines 695,713,731",1.0,1.0,resource54
F05b,resource54,PAIRED_BASE,01,retained_complete_paired_base,Browser_resource16_48,EFFECTIVE_INTERVENTION,3,0,3,0,0,3,deliverables/app_resource_constrained_extension_v1/results/inputs.jsonl,"base_states[paired244-devext-c2e38381be26f0a91709871b]; input lines 698,716,734",deliverables/app_resource_constrained_extension_v1/results/members.jsonl,"lines 698,716,734",0.0,1.0,resource54
F05b,resource54,PAIRED_BASE,01,retained_complete_paired_base,Browser_memory4,EFFECTIVE_INTERVENTION,3,0,3,0,0,3,deliverables/app_resource_constrained_extension_v1/results/inputs.jsonl,"base_states[paired244-devext-c2e38381be26f0a91709871b]; input lines 701,719,737",deliverables/app_resource_constrained_extension_v1/results/members.jsonl,"lines 701,719,737",0.0,1.0,resource54
F05b,resource54,PAIRED_BASE,01,retained_complete_paired_base,NORMAL,NORMAL,42,0,42,0,0,42,deliverables/app_resource_constrained_extension_v1/results/inputs.jsonl,"base_states[paired244-devext-c2e38381be26f0a91709871b]; input lines 691,693,694,696,697,699,700,702,703,704,705,706,707,708,709,711,712,714,715,717,718,720,721,722,723,724,725,726,727,729,730,732,733,735,736,738,739,740,741,742,743,744",deliverables/app_resource_constrained_extension_v1/results/members.jsonl,"lines 691,693,694,696,697,699,700,702,703,704,705,706,707,708,709,711,712,714,715,717,718,720,721,722,723,724,725,726,727,729,730,732,733,735,736,738,739,740,741,742,743,744",0.0,1.0,resource54
F05a,language_timezone60,APP_FULL,02,complete_app,App_language,EFFECTIVE_INTERVENTION,0,0,0,0,0,0,deliverables/app_resource_constrained_extension_v1/results/inputs.jsonl,app_states[paired244-devext-9688bfa5bc943c8095f94b46]; input lines ,deliverables/app_resource_constrained_extension_v1/results/members.jsonl,lines ,,,pilot18
F05a,language_timezone60,APP_FULL,02,complete_app,App_language,EFFECTIVE_INTERVENTION,2,0,2,0,0,2,deliverables/app_resource_constrained_extension_v1/results/inputs.jsonl,"app_states[paired244-devext-9688bfa5bc943c8095f94b46]; input lines 668,671",deliverables/app_resource_constrained_extension_v1/results/members.jsonl,"lines 668,671",0.0,1.0,b2b42
F05a,language_timezone60,APP_FULL,02,complete_app,App_timezone,EFFECTIVE_INTERVENTION,0,0,0,0,0,0,deliverables/app_resource_constrained_extension_v1/results/inputs.jsonl,app_states[paired244-devext-9688bfa5bc943c8095f94b46]; input lines ,deliverables/app_resource_constrained_extension_v1/results/members.jsonl,lines ,,,pilot18
F05a,language_timezone60,APP_FULL,02,complete_app,App_timezone,EFFECTIVE_INTERVENTION,2,2,0,0,0,2,deliverables/app_resource_constrained_extension_v1/results/inputs.jsonl,"app_states[paired244-devext-9688bfa5bc943c8095f94b46]; input lines 674,677",deliverables/app_resource_constrained_extension_v1/results/members.jsonl,"lines 674,677",1.0,1.0,b2b42
F05a,language_timezone60,APP_FULL,02,complete_app,Browser_language,EFFECTIVE_INTERVENTION,3,0,3,0,0,3,deliverables/app_resource_constrained_extension_v1/results/inputs.jsonl,"app_states[paired244-devext-9688bfa5bc943c8095f94b46]; input lines 632,635,638",deliverables/app_resource_constrained_extension_v1/results/members.jsonl,"lines 632,635,638",0.0,1.0,pilot18
F05a,language_timezone60,APP_FULL,02,complete_app,Browser_language,EFFECTIVE_INTERVENTION,2,0,2,0,0,2,deliverables/app_resource_constrained_extension_v1/results/inputs.jsonl,"app_states[paired244-devext-9688bfa5bc943c8095f94b46]; input lines 680,683",deliverables/app_resource_constrained_extension_v1/results/members.jsonl,"lines 680,683",0.0,1.0,b2b42
F05a,language_timezone60,APP_FULL,02,complete_app,Browser_timezone,EFFECTIVE_INTERVENTION,3,0,3,0,0,3,deliverables/app_resource_constrained_extension_v1/results/inputs.jsonl,"app_states[paired244-devext-9688bfa5bc943c8095f94b46]; input lines 641,644,647",deliverables/app_resource_constrained_extension_v1/results/members.jsonl,"lines 641,644,647",0.0,1.0,pilot18
F05a,language_timezone60,APP_FULL,02,complete_app,Browser_timezone,EFFECTIVE_INTERVENTION,2,0,2,0,0,2,deliverables/app_resource_constrained_extension_v1/results/inputs.jsonl,"app_states[paired244-devext-9688bfa5bc943c8095f94b46]; input lines 686,689",deliverables/app_resource_constrained_extension_v1/results/members.jsonl,"lines 686,689",0.0,1.0,b2b42
F05a,language_timezone60,APP_FULL,02,complete_app,NORMAL,NORMAL,12,0,12,0,0,12,deliverables/app_resource_constrained_extension_v1/results/inputs.jsonl,"app_states[paired244-devext-9688bfa5bc943c8095f94b46]; input lines 631,633,634,636,637,639,640,642,643,645,646,648",deliverables/app_resource_constrained_extension_v1/results/members.jsonl,"lines 631,633,634,636,637,639,640,642,643,645,646,648",0.0,1.0,pilot18
F05a,language_timezone60,APP_FULL,02,complete_app,NORMAL,NORMAL,34,0,34,0,0,34,deliverables/app_resource_constrained_extension_v1/results/inputs.jsonl,"app_states[paired244-devext-9688bfa5bc943c8095f94b46]; input lines 649,650,651,652,653,654,655,656,657,658,659,660,661,662,663,664,665,666,667,669,670,672,673,675,676,678,679,681,682,684,685,687,688,690",deliverables/app_resource_constrained_extension_v1/results/members.jsonl,"lines 649,650,651,652,653,654,655,656,657,658,659,660,661,662,663,664,665,666,667,669,670,672,673,675,676,678,679,681,682,684,685,687,688,690",0.0,1.0,b2b42
F05b,resource54,APP_FULL,02,complete_app,App_resource16_48,EFFECTIVE_INTERVENTION,3,3,0,0,0,3,deliverables/app_resource_constrained_extension_v1/results/inputs.jsonl,"app_states[paired244-devext-9688bfa5bc943c8095f94b46]; input lines 692,710,728",deliverables/app_resource_constrained_extension_v1/results/members.jsonl,"lines 692,710,728",1.0,1.0,resource54
F05b,resource54,APP_FULL,02,complete_app,App_memory4,EFFECTIVE_INTERVENTION,3,3,0,0,0,3,deliverables/app_resource_constrained_extension_v1/results/inputs.jsonl,"app_states[paired244-devext-9688bfa5bc943c8095f94b46]; input lines 695,713,731",deliverables/app_resource_constrained_extension_v1/results/members.jsonl,"lines 695,713,731",1.0,1.0,resource54
F05b,resource54,APP_FULL,02,complete_app,Browser_resource16_48,EFFECTIVE_INTERVENTION,3,0,3,0,0,3,deliverables/app_resource_constrained_extension_v1/results/inputs.jsonl,"app_states[paired244-devext-9688bfa5bc943c8095f94b46]; input lines 698,716,734",deliverables/app_resource_constrained_extension_v1/results/members.jsonl,"lines 698,716,734",0.0,1.0,resource54
F05b,resource54,APP_FULL,02,complete_app,Browser_memory4,EFFECTIVE_INTERVENTION,3,0,3,0,0,3,deliverables/app_resource_constrained_extension_v1/results/inputs.jsonl,"app_states[paired244-devext-9688bfa5bc943c8095f94b46]; input lines 701,719,737",deliverables/app_resource_constrained_extension_v1/results/members.jsonl,"lines 701,719,737",0.0,1.0,resource54
F05b,resource54,APP_FULL,02,complete_app,NORMAL,NORMAL,42,0,42,0,0,42,deliverables/app_resource_constrained_extension_v1/results/inputs.jsonl,"app_states[paired244-devext-9688bfa5bc943c8095f94b46]; input lines 691,693,694,696,697,699,700,702,703,704,705,706,707,708,709,711,712,714,715,717,718,720,721,722,723,724,725,726,727,729,730,732,733,735,736,738,739,740,741,742,743,744",deliverables/app_resource_constrained_extension_v1/results/members.jsonl,"lines 691,693,694,696,697,699,700,702,703,704,705,706,707,708,709,711,712,714,715,717,718,720,721,722,723,724,725,726,727,729,730,732,733,735,736,738,739,740,741,742,743,744",0.0,1.0,resource54
F05a,language_timezone60,PAIRED_BASE,02,retained_complete_paired_base,App_language,EFFECTIVE_INTERVENTION,0,0,0,0,0,0,deliverables/app_resource_constrained_extension_v1/results/inputs.jsonl,base_states[paired244-devext-9688bfa5bc943c8095f94b46]; input lines ,deliverables/app_resource_constrained_extension_v1/results/members.jsonl,lines ,,,pilot18
F05a,language_timezone60,PAIRED_BASE,02,retained_complete_paired_base,App_language,EFFECTIVE_INTERVENTION,2,0,2,0,0,2,deliverables/app_resource_constrained_extension_v1/results/inputs.jsonl,"base_states[paired244-devext-9688bfa5bc943c8095f94b46]; input lines 668,671",deliverables/app_resource_constrained_extension_v1/results/members.jsonl,"lines 668,671",0.0,1.0,b2b42
F05a,language_timezone60,PAIRED_BASE,02,retained_complete_paired_base,App_timezone,EFFECTIVE_INTERVENTION,0,0,0,0,0,0,deliverables/app_resource_constrained_extension_v1/results/inputs.jsonl,base_states[paired244-devext-9688bfa5bc943c8095f94b46]; input lines ,deliverables/app_resource_constrained_extension_v1/results/members.jsonl,lines ,,,pilot18
F05a,language_timezone60,PAIRED_BASE,02,retained_complete_paired_base,App_timezone,EFFECTIVE_INTERVENTION,2,2,0,0,0,2,deliverables/app_resource_constrained_extension_v1/results/inputs.jsonl,"base_states[paired244-devext-9688bfa5bc943c8095f94b46]; input lines 674,677",deliverables/app_resource_constrained_extension_v1/results/members.jsonl,"lines 674,677",1.0,1.0,b2b42
F05a,language_timezone60,PAIRED_BASE,02,retained_complete_paired_base,Browser_language,EFFECTIVE_INTERVENTION,3,0,3,0,0,3,deliverables/app_resource_constrained_extension_v1/results/inputs.jsonl,"base_states[paired244-devext-9688bfa5bc943c8095f94b46]; input lines 632,635,638",deliverables/app_resource_constrained_extension_v1/results/members.jsonl,"lines 632,635,638",0.0,1.0,pilot18
F05a,language_timezone60,PAIRED_BASE,02,retained_complete_paired_base,Browser_language,EFFECTIVE_INTERVENTION,2,0,2,0,0,2,deliverables/app_resource_constrained_extension_v1/results/inputs.jsonl,"base_states[paired244-devext-9688bfa5bc943c8095f94b46]; input lines 680,683",deliverables/app_resource_constrained_extension_v1/results/members.jsonl,"lines 680,683",0.0,1.0,b2b42
F05a,language_timezone60,PAIRED_BASE,02,retained_complete_paired_base,Browser_timezone,EFFECTIVE_INTERVENTION,3,3,0,0,0,3,deliverables/app_resource_constrained_extension_v1/results/inputs.jsonl,"base_states[paired244-devext-9688bfa5bc943c8095f94b46]; input lines 641,644,647",deliverables/app_resource_constrained_extension_v1/results/members.jsonl,"lines 641,644,647",1.0,1.0,pilot18
F05a,language_timezone60,PAIRED_BASE,02,retained_complete_paired_base,Browser_timezone,EFFECTIVE_INTERVENTION,2,2,0,0,0,2,deliverables/app_resource_constrained_extension_v1/results/inputs.jsonl,"base_states[paired244-devext-9688bfa5bc943c8095f94b46]; input lines 686,689",deliverables/app_resource_constrained_extension_v1/results/members.jsonl,"lines 686,689",1.0,1.0,b2b42
F05a,language_timezone60,PAIRED_BASE,02,retained_complete_paired_base,NORMAL,NORMAL,12,0,12,0,0,12,deliverables/app_resource_constrained_extension_v1/results/inputs.jsonl,"base_states[paired244-devext-9688bfa5bc943c8095f94b46]; input lines 631,633,634,636,637,639,640,642,643,645,646,648",deliverables/app_resource_constrained_extension_v1/results/members.jsonl,"lines 631,633,634,636,637,639,640,642,643,645,646,648",0.0,1.0,pilot18
F05a,language_timezone60,PAIRED_BASE,02,retained_complete_paired_base,NORMAL,NORMAL,34,0,34,0,0,34,deliverables/app_resource_constrained_extension_v1/results/inputs.jsonl,"base_states[paired244-devext-9688bfa5bc943c8095f94b46]; input lines 649,650,651,652,653,654,655,656,657,658,659,660,661,662,663,664,665,666,667,669,670,672,673,675,676,678,679,681,682,684,685,687,688,690",deliverables/app_resource_constrained_extension_v1/results/members.jsonl,"lines 649,650,651,652,653,654,655,656,657,658,659,660,661,662,663,664,665,666,667,669,670,672,673,675,676,678,679,681,682,684,685,687,688,690",0.0,1.0,b2b42
F05b,resource54,PAIRED_BASE,02,retained_complete_paired_base,App_resource16_48,EFFECTIVE_INTERVENTION,3,3,0,0,0,3,deliverables/app_resource_constrained_extension_v1/results/inputs.jsonl,"base_states[paired244-devext-9688bfa5bc943c8095f94b46]; input lines 692,710,728",deliverables/app_resource_constrained_extension_v1/results/members.jsonl,"lines 692,710,728",1.0,1.0,resource54
F05b,resource54,PAIRED_BASE,02,retained_complete_paired_base,App_memory4,EFFECTIVE_INTERVENTION,3,3,0,0,0,3,deliverables/app_resource_constrained_extension_v1/results/inputs.jsonl,"base_states[paired244-devext-9688bfa5bc943c8095f94b46]; input lines 695,713,731",deliverables/app_resource_constrained_extension_v1/results/members.jsonl,"lines 695,713,731",1.0,1.0,resource54
F05b,resource54,PAIRED_BASE,02,retained_complete_paired_base,Browser_resource16_48,EFFECTIVE_INTERVENTION,3,0,3,0,0,3,deliverables/app_resource_constrained_extension_v1/results/inputs.jsonl,"base_states[paired244-devext-9688bfa5bc943c8095f94b46]; input lines 698,716,734",deliverables/app_resource_constrained_extension_v1/results/members.jsonl,"lines 698,716,734",0.0,1.0,resource54
F05b,resource54,PAIRED_BASE,02,retained_complete_paired_base,Browser_memory4,EFFECTIVE_INTERVENTION,3,0,3,0,0,3,deliverables/app_resource_constrained_extension_v1/results/inputs.jsonl,"base_states[paired244-devext-9688bfa5bc943c8095f94b46]; input lines 701,719,737",deliverables/app_resource_constrained_extension_v1/results/members.jsonl,"lines 701,719,737",0.0,1.0,resource54
F05b,resource54,PAIRED_BASE,02,retained_complete_paired_base,NORMAL,NORMAL,42,0,42,0,0,42,deliverables/app_resource_constrained_extension_v1/results/inputs.jsonl,"base_states[paired244-devext-9688bfa5bc943c8095f94b46]; input lines 691,693,694,696,697,699,700,702,703,704,705,706,707,708,709,711,712,714,715,717,718,720,721,722,723,724,725,726,727,729,730,732,733,735,736,738,739,740,741,742,743,744",deliverables/app_resource_constrained_extension_v1/results/members.jsonl,"lines 691,693,694,696,697,699,700,702,703,704,705,706,707,708,709,711,712,714,715,717,718,720,721,722,723,724,725,726,727,729,730,732,733,735,736,738,739,740,741,742,743,744",0.0,1.0,resource54
F05a,language_timezone60,APP_FULL,03,complete_app,App_language,EFFECTIVE_INTERVENTION,0,0,0,0,0,0,deliverables/app_resource_constrained_extension_v1/results/inputs.jsonl,app_states[paired244-devext-09060772f27998b093caaea7]; input lines ,deliverables/app_resource_constrained_extension_v1/results/members.jsonl,lines ,,,pilot18
F05a,language_timezone60,APP_FULL,03,complete_app,App_language,EFFECTIVE_INTERVENTION,2,0,2,0,0,2,deliverables/app_resource_constrained_extension_v1/results/inputs.jsonl,"app_states[paired244-devext-09060772f27998b093caaea7]; input lines 668,671",deliverables/app_resource_constrained_extension_v1/results/members.jsonl,"lines 668,671",0.0,1.0,b2b42
F05a,language_timezone60,APP_FULL,03,complete_app,App_timezone,EFFECTIVE_INTERVENTION,0,0,0,0,0,0,deliverables/app_resource_constrained_extension_v1/results/inputs.jsonl,app_states[paired244-devext-09060772f27998b093caaea7]; input lines ,deliverables/app_resource_constrained_extension_v1/results/members.jsonl,lines ,,,pilot18
F05a,language_timezone60,APP_FULL,03,complete_app,App_timezone,EFFECTIVE_INTERVENTION,2,2,0,0,0,2,deliverables/app_resource_constrained_extension_v1/results/inputs.jsonl,"app_states[paired244-devext-09060772f27998b093caaea7]; input lines 674,677",deliverables/app_resource_constrained_extension_v1/results/members.jsonl,"lines 674,677",1.0,1.0,b2b42
F05a,language_timezone60,APP_FULL,03,complete_app,Browser_language,EFFECTIVE_INTERVENTION,3,0,3,0,0,3,deliverables/app_resource_constrained_extension_v1/results/inputs.jsonl,"app_states[paired244-devext-09060772f27998b093caaea7]; input lines 632,635,638",deliverables/app_resource_constrained_extension_v1/results/members.jsonl,"lines 632,635,638",0.0,1.0,pilot18
F05a,language_timezone60,APP_FULL,03,complete_app,Browser_language,EFFECTIVE_INTERVENTION,2,0,2,0,0,2,deliverables/app_resource_constrained_extension_v1/results/inputs.jsonl,"app_states[paired244-devext-09060772f27998b093caaea7]; input lines 680,683",deliverables/app_resource_constrained_extension_v1/results/members.jsonl,"lines 680,683",0.0,1.0,b2b42
F05a,language_timezone60,APP_FULL,03,complete_app,Browser_timezone,EFFECTIVE_INTERVENTION,3,0,3,0,0,3,deliverables/app_resource_constrained_extension_v1/results/inputs.jsonl,"app_states[paired244-devext-09060772f27998b093caaea7]; input lines 641,644,647",deliverables/app_resource_constrained_extension_v1/results/members.jsonl,"lines 641,644,647",0.0,1.0,pilot18
F05a,language_timezone60,APP_FULL,03,complete_app,Browser_timezone,EFFECTIVE_INTERVENTION,2,0,2,0,0,2,deliverables/app_resource_constrained_extension_v1/results/inputs.jsonl,"app_states[paired244-devext-09060772f27998b093caaea7]; input lines 686,689",deliverables/app_resource_constrained_extension_v1/results/members.jsonl,"lines 686,689",0.0,1.0,b2b42
F05a,language_timezone60,APP_FULL,03,complete_app,NORMAL,NORMAL,12,0,12,0,0,12,deliverables/app_resource_constrained_extension_v1/results/inputs.jsonl,"app_states[paired244-devext-09060772f27998b093caaea7]; input lines 631,633,634,636,637,639,640,642,643,645,646,648",deliverables/app_resource_constrained_extension_v1/results/members.jsonl,"lines 631,633,634,636,637,639,640,642,643,645,646,648",0.0,1.0,pilot18
F05a,language_timezone60,APP_FULL,03,complete_app,NORMAL,NORMAL,34,0,34,0,0,34,deliverables/app_resource_constrained_extension_v1/results/inputs.jsonl,"app_states[paired244-devext-09060772f27998b093caaea7]; input lines 649,650,651,652,653,654,655,656,657,658,659,660,661,662,663,664,665,666,667,669,670,672,673,675,676,678,679,681,682,684,685,687,688,690",deliverables/app_resource_constrained_extension_v1/results/members.jsonl,"lines 649,650,651,652,653,654,655,656,657,658,659,660,661,662,663,664,665,666,667,669,670,672,673,675,676,678,679,681,682,684,685,687,688,690",0.0,1.0,b2b42
F05b,resource54,APP_FULL,03,complete_app,App_resource16_48,EFFECTIVE_INTERVENTION,3,3,0,0,0,3,deliverables/app_resource_constrained_extension_v1/results/inputs.jsonl,"app_states[paired244-devext-09060772f27998b093caaea7]; input lines 692,710,728",deliverables/app_resource_constrained_extension_v1/results/members.jsonl,"lines 692,710,728",1.0,1.0,resource54
F05b,resource54,APP_FULL,03,complete_app,App_memory4,EFFECTIVE_INTERVENTION,3,3,0,0,0,3,deliverables/app_resource_constrained_extension_v1/results/inputs.jsonl,"app_states[paired244-devext-09060772f27998b093caaea7]; input lines 695,713,731",deliverables/app_resource_constrained_extension_v1/results/members.jsonl,"lines 695,713,731",1.0,1.0,resource54
F05b,resource54,APP_FULL,03,complete_app,Browser_resource16_48,EFFECTIVE_INTERVENTION,3,0,3,0,0,3,deliverables/app_resource_constrained_extension_v1/results/inputs.jsonl,"app_states[paired244-devext-09060772f27998b093caaea7]; input lines 698,716,734",deliverables/app_resource_constrained_extension_v1/results/members.jsonl,"lines 698,716,734",0.0,1.0,resource54
F05b,resource54,APP_FULL,03,complete_app,Browser_memory4,EFFECTIVE_INTERVENTION,3,0,3,0,0,3,deliverables/app_resource_constrained_extension_v1/results/inputs.jsonl,"app_states[paired244-devext-09060772f27998b093caaea7]; input lines 701,719,737",deliverables/app_resource_constrained_extension_v1/results/members.jsonl,"lines 701,719,737",0.0,1.0,resource54
F05b,resource54,APP_FULL,03,complete_app,NORMAL,NORMAL,42,0,42,0,0,42,deliverables/app_resource_constrained_extension_v1/results/inputs.jsonl,"app_states[paired244-devext-09060772f27998b093caaea7]; input lines 691,693,694,696,697,699,700,702,703,704,705,706,707,708,709,711,712,714,715,717,718,720,721,722,723,724,725,726,727,729,730,732,733,735,736,738,739,740,741,742,743,744",deliverables/app_resource_constrained_extension_v1/results/members.jsonl,"lines 691,693,694,696,697,699,700,702,703,704,705,706,707,708,709,711,712,714,715,717,718,720,721,722,723,724,725,726,727,729,730,732,733,735,736,738,739,740,741,742,743,744",0.0,1.0,resource54
F05a,language_timezone60,PAIRED_BASE,03,retained_complete_paired_base,App_language,EFFECTIVE_INTERVENTION,0,0,0,0,0,0,deliverables/app_resource_constrained_extension_v1/results/inputs.jsonl,base_states[paired244-devext-09060772f27998b093caaea7]; input lines ,deliverables/app_resource_constrained_extension_v1/results/members.jsonl,lines ,,,pilot18
F05a,language_timezone60,PAIRED_BASE,03,retained_complete_paired_base,App_language,EFFECTIVE_INTERVENTION,2,0,2,0,0,2,deliverables/app_resource_constrained_extension_v1/results/inputs.jsonl,"base_states[paired244-devext-09060772f27998b093caaea7]; input lines 668,671",deliverables/app_resource_constrained_extension_v1/results/members.jsonl,"lines 668,671",0.0,1.0,b2b42
F05a,language_timezone60,PAIRED_BASE,03,retained_complete_paired_base,App_timezone,EFFECTIVE_INTERVENTION,0,0,0,0,0,0,deliverables/app_resource_constrained_extension_v1/results/inputs.jsonl,base_states[paired244-devext-09060772f27998b093caaea7]; input lines ,deliverables/app_resource_constrained_extension_v1/results/members.jsonl,lines ,,,pilot18
F05a,language_timezone60,PAIRED_BASE,03,retained_complete_paired_base,App_timezone,EFFECTIVE_INTERVENTION,2,2,0,0,0,2,deliverables/app_resource_constrained_extension_v1/results/inputs.jsonl,"base_states[paired244-devext-09060772f27998b093caaea7]; input lines 674,677",deliverables/app_resource_constrained_extension_v1/results/members.jsonl,"lines 674,677",1.0,1.0,b2b42
F05a,language_timezone60,PAIRED_BASE,03,retained_complete_paired_base,Browser_language,EFFECTIVE_INTERVENTION,3,0,3,0,0,3,deliverables/app_resource_constrained_extension_v1/results/inputs.jsonl,"base_states[paired244-devext-09060772f27998b093caaea7]; input lines 632,635,638",deliverables/app_resource_constrained_extension_v1/results/members.jsonl,"lines 632,635,638",0.0,1.0,pilot18
F05a,language_timezone60,PAIRED_BASE,03,retained_complete_paired_base,Browser_language,EFFECTIVE_INTERVENTION,2,0,2,0,0,2,deliverables/app_resource_constrained_extension_v1/results/inputs.jsonl,"base_states[paired244-devext-09060772f27998b093caaea7]; input lines 680,683",deliverables/app_resource_constrained_extension_v1/results/members.jsonl,"lines 680,683",0.0,1.0,b2b42
F05a,language_timezone60,PAIRED_BASE,03,retained_complete_paired_base,Browser_timezone,EFFECTIVE_INTERVENTION,3,3,0,0,0,3,deliverables/app_resource_constrained_extension_v1/results/inputs.jsonl,"base_states[paired244-devext-09060772f27998b093caaea7]; input lines 641,644,647",deliverables/app_resource_constrained_extension_v1/results/members.jsonl,"lines 641,644,647",1.0,1.0,pilot18
F05a,language_timezone60,PAIRED_BASE,03,retained_complete_paired_base,Browser_timezone,EFFECTIVE_INTERVENTION,2,2,0,0,0,2,deliverables/app_resource_constrained_extension_v1/results/inputs.jsonl,"base_states[paired244-devext-09060772f27998b093caaea7]; input lines 686,689",deliverables/app_resource_constrained_extension_v1/results/members.jsonl,"lines 686,689",1.0,1.0,b2b42
F05a,language_timezone60,PAIRED_BASE,03,retained_complete_paired_base,NORMAL,NORMAL,12,0,12,0,0,12,deliverables/app_resource_constrained_extension_v1/results/inputs.jsonl,"base_states[paired244-devext-09060772f27998b093caaea7]; input lines 631,633,634,636,637,639,640,642,643,645,646,648",deliverables/app_resource_constrained_extension_v1/results/members.jsonl,"lines 631,633,634,636,637,639,640,642,643,645,646,648",0.0,1.0,pilot18
F05a,language_timezone60,PAIRED_BASE,03,retained_complete_paired_base,NORMAL,NORMAL,34,0,34,0,0,34,deliverables/app_resource_constrained_extension_v1/results/inputs.jsonl,"base_states[paired244-devext-09060772f27998b093caaea7]; input lines 649,650,651,652,653,654,655,656,657,658,659,660,661,662,663,664,665,666,667,669,670,672,673,675,676,678,679,681,682,684,685,687,688,690",deliverables/app_resource_constrained_extension_v1/results/members.jsonl,"lines 649,650,651,652,653,654,655,656,657,658,659,660,661,662,663,664,665,666,667,669,670,672,673,675,676,678,679,681,682,684,685,687,688,690",0.0,1.0,b2b42
F05b,resource54,PAIRED_BASE,03,retained_complete_paired_base,App_resource16_48,EFFECTIVE_INTERVENTION,3,3,0,0,0,3,deliverables/app_resource_constrained_extension_v1/results/inputs.jsonl,"base_states[paired244-devext-09060772f27998b093caaea7]; input lines 692,710,728",deliverables/app_resource_constrained_extension_v1/results/members.jsonl,"lines 692,710,728",1.0,1.0,resource54
F05b,resource54,PAIRED_BASE,03,retained_complete_paired_base,App_memory4,EFFECTIVE_INTERVENTION,3,3,0,0,0,3,deliverables/app_resource_constrained_extension_v1/results/inputs.jsonl,"base_states[paired244-devext-09060772f27998b093caaea7]; input lines 695,713,731",deliverables/app_resource_constrained_extension_v1/results/members.jsonl,"lines 695,713,731",1.0,1.0,resource54
F05b,resource54,PAIRED_BASE,03,retained_complete_paired_base,Browser_resource16_48,EFFECTIVE_INTERVENTION,3,0,3,0,0,3,deliverables/app_resource_constrained_extension_v1/results/inputs.jsonl,"base_states[paired244-devext-09060772f27998b093caaea7]; input lines 698,716,734",deliverables/app_resource_constrained_extension_v1/results/members.jsonl,"lines 698,716,734",0.0,1.0,resource54
F05b,resource54,PAIRED_BASE,03,retained_complete_paired_base,Browser_memory4,EFFECTIVE_INTERVENTION,3,0,3,0,0,3,deliverables/app_resource_constrained_extension_v1/results/inputs.jsonl,"base_states[paired244-devext-09060772f27998b093caaea7]; input lines 701,719,737",deliverables/app_resource_constrained_extension_v1/results/members.jsonl,"lines 701,719,737",0.0,1.0,resource54
F05b,resource54,PAIRED_BASE,03,retained_complete_paired_base,NORMAL,NORMAL,42,0,42,0,0,42,deliverables/app_resource_constrained_extension_v1/results/inputs.jsonl,"base_states[paired244-devext-09060772f27998b093caaea7]; input lines 691,693,694,696,697,699,700,702,703,704,705,706,707,708,709,711,712,714,715,717,718,720,721,722,723,724,725,726,727,729,730,732,733,735,736,738,739,740,741,742,743,744",deliverables/app_resource_constrained_extension_v1/results/members.jsonl,"lines 691,693,694,696,697,699,700,702,703,704,705,706,707,708,709,711,712,714,715,717,718,720,721,722,723,724,725,726,727,729,730,732,733,735,736,738,739,740,741,742,743,744",0.0,1.0,resource54
