method,configuration,method_role,cohort,identity,family,N,T,F,U,FAILED,defined,source_path,source_locator,aggregation_role,rate,defined_rate
M,fixed,fixed_resource_condition,mtc_discovery,NORMAL,NORMAL,630,2,587,41,0,589,deliverables/app_resource_paired_validation_v1/results/summary/mtc.csv,CSV line 3; R_NATIVE_BROWSER_MEMORY; discovery,original_cohort,0.0031746031746031746,0.9349206349206349
M,fixed,fixed_resource_condition,mtc_reserved_validation,NORMAL,NORMAL,117,1,111,5,0,112,deliverables/app_resource_paired_validation_v1/results/summary/mtc.csv,CSV line 9; R_NATIVE_BROWSER_MEMORY; reserved_validation,original_cohort,0.008547008547008548,0.9572649572649573
M,fixed,fixed_resource_condition,mtc_development,NORMAL,NORMAL,144,0,140,4,0,140,deliverables/app_resource_paired_validation_v1/results/summary/mtc.csv,CSV line 15; R_NATIVE_BROWSER_MEMORY; development,original_cohort,0.0,0.9722222222222222
M,fixed,fixed_resource_condition,mtc_all891,NORMAL,NORMAL,891,3,838,50,0,841,deliverables/app_resource_paired_validation_v1/results/summary/mtc.csv,CSV line 3; R_NATIVE_BROWSER_MEMORY; discovery + CSV line 9; R_NATIVE_BROWSER_MEMORY; reserved_validation + CSV line 15; R_NATIVE_BROWSER_MEMORY; development,derived_total_do_not_add_to_cohorts,0.003367003367003367,0.9438832772166106
B,fixed,fixed_resource_condition,mtc_discovery,NORMAL,NORMAL,630,0,589,41,0,589,deliverables/app_resource_paired_validation_v1/results/summary/mtc.csv,CSV line 6; D_BROWSER_MEMORY8; discovery,original_cohort,0.0,0.9349206349206349
B,fixed,fixed_resource_condition,mtc_reserved_validation,NORMAL,NORMAL,117,0,112,5,0,112,deliverables/app_resource_paired_validation_v1/results/summary/mtc.csv,CSV line 12; D_BROWSER_MEMORY8; reserved_validation,original_cohort,0.0,0.9572649572649573
B,fixed,fixed_resource_condition,mtc_development,NORMAL,NORMAL,144,0,140,4,0,140,deliverables/app_resource_paired_validation_v1/results/summary/mtc.csv,CSV line 18; D_BROWSER_MEMORY8; development,original_cohort,0.0,0.9722222222222222
B,fixed,fixed_resource_condition,mtc_all891,NORMAL,NORMAL,891,0,841,50,0,841,deliverables/app_resource_paired_validation_v1/results/summary/mtc.csv,CSV line 6; D_BROWSER_MEMORY8; discovery + CSV line 12; D_BROWSER_MEMORY8; reserved_validation + CSV line 18; D_BROWSER_MEMORY8; development,derived_total_do_not_add_to_cohorts,0.0,0.9438832772166106
W,fixed,fixed_resource_condition,mtc_discovery,NORMAL,NORMAL,630,40,520,70,0,560,deliverables/app_resource_paired_validation_v1/results/summary/mtc.csv,CSV line 4; R_WEB_MEMORY_DIFFERENCE; discovery,original_cohort,0.06349206349206349,0.8888888888888888
W,fixed,fixed_resource_condition,mtc_reserved_validation,NORMAL,NORMAL,117,16,93,8,0,109,deliverables/app_resource_paired_validation_v1/results/summary/mtc.csv,CSV line 10; R_WEB_MEMORY_DIFFERENCE; reserved_validation,original_cohort,0.13675213675213677,0.9316239316239316
W,fixed,fixed_resource_condition,mtc_development,NORMAL,NORMAL,144,6,128,10,0,134,deliverables/app_resource_paired_validation_v1/results/summary/mtc.csv,CSV line 16; R_WEB_MEMORY_DIFFERENCE; development,original_cohort,0.041666666666666664,0.9305555555555556
W,fixed,fixed_resource_condition,mtc_all891,NORMAL,NORMAL,891,62,741,88,0,803,deliverables/app_resource_paired_validation_v1/results/summary/mtc.csv,CSV line 4; R_WEB_MEMORY_DIFFERENCE; discovery + CSV line 10; R_WEB_MEMORY_DIFFERENCE; reserved_validation + CSV line 16; R_WEB_MEMORY_DIFFERENCE; development,derived_total_do_not_add_to_cohorts,0.06958473625140292,0.9012345679012346
