fold,set_id,family,family_short,method_role,feasible,selected,identity,N,T,F,U,FAILED,defined,rate,defined_rate,numerator,denominator,source_path,source_locator
WEBGL1-LOEO-v1-01,S0,App_language,App language,retained_complete_method,True,True,EFFECTIVE_INTERVENTION,2,0,2,0,0,2,0.0,1.0,0,2,deliverables/app_resource_constrained_extension_v1/results/summary/families.csv,row:2
WEBGL1-LOEO-v1-01,S0,App_timezone,App timezone,retained_complete_method,True,True,EFFECTIVE_INTERVENTION,2,2,0,0,0,2,1.0,1.0,2,2,deliverables/app_resource_constrained_extension_v1/results/summary/families.csv,row:3
WEBGL1-LOEO-v1-01,S0,Browser_language,Browser language,retained_complete_method,True,True,EFFECTIVE_INTERVENTION,5,0,5,0,0,5,0.0,1.0,0,5,deliverables/app_resource_constrained_extension_v1/results/summary/families.csv,row:4
WEBGL1-LOEO-v1-01,S0,Browser_timezone,Browser timezone,retained_complete_method,True,True,EFFECTIVE_INTERVENTION,5,5,0,0,0,5,1.0,1.0,5,5,deliverables/app_resource_constrained_extension_v1/results/summary/families.csv,row:5
WEBGL1-LOEO-v1-01,S0,App_resource16_48,App resources 16/48,retained_complete_method,True,True,EFFECTIVE_INTERVENTION,3,3,0,0,0,3,1.0,1.0,3,3,deliverables/app_resource_constrained_extension_v1/results/summary/families.csv,row:6
WEBGL1-LOEO-v1-01,S0,App_memory4,App memory 4,retained_complete_method,True,True,EFFECTIVE_INTERVENTION,3,3,0,0,0,3,1.0,1.0,3,3,deliverables/app_resource_constrained_extension_v1/results/summary/families.csv,row:7
WEBGL1-LOEO-v1-01,S0,Browser_resource16_48,Browser resources 16/48,retained_complete_method,True,True,EFFECTIVE_INTERVENTION,3,0,3,0,0,3,0.0,1.0,0,3,deliverables/app_resource_constrained_extension_v1/results/summary/families.csv,row:8
WEBGL1-LOEO-v1-01,S0,Browser_memory4,Browser memory 4,retained_complete_method,True,True,EFFECTIVE_INTERVENTION,3,0,3,0,0,3,0.0,1.0,0,3,deliverables/app_resource_constrained_extension_v1/results/summary/families.csv,row:9
WEBGL1-LOEO-v1-01,M,App_language,App language,rejected_diagnostic_combination,False,False,EFFECTIVE_INTERVENTION,2,0,2,0,0,2,0.0,1.0,0,2,deliverables/app_resource_constrained_extension_v1/results/summary/families.csv,row:10
WEBGL1-LOEO-v1-01,M,App_timezone,App timezone,rejected_diagnostic_combination,False,False,EFFECTIVE_INTERVENTION,2,2,0,0,0,2,1.0,1.0,2,2,deliverables/app_resource_constrained_extension_v1/results/summary/families.csv,row:11
WEBGL1-LOEO-v1-01,M,Browser_language,Browser language,rejected_diagnostic_combination,False,False,EFFECTIVE_INTERVENTION,5,0,5,0,0,5,0.0,1.0,0,5,deliverables/app_resource_constrained_extension_v1/results/summary/families.csv,row:12
WEBGL1-LOEO-v1-01,M,Browser_timezone,Browser timezone,rejected_diagnostic_combination,False,False,EFFECTIVE_INTERVENTION,5,5,0,0,0,5,1.0,1.0,5,5,deliverables/app_resource_constrained_extension_v1/results/summary/families.csv,row:13
WEBGL1-LOEO-v1-01,M,App_resource16_48,App resources 16/48,rejected_diagnostic_combination,False,False,EFFECTIVE_INTERVENTION,3,3,0,0,0,3,1.0,1.0,3,3,deliverables/app_resource_constrained_extension_v1/results/summary/families.csv,row:14
WEBGL1-LOEO-v1-01,M,App_memory4,App memory 4,rejected_diagnostic_combination,False,False,EFFECTIVE_INTERVENTION,3,3,0,0,0,3,1.0,1.0,3,3,deliverables/app_resource_constrained_extension_v1/results/summary/families.csv,row:15
WEBGL1-LOEO-v1-01,M,Browser_resource16_48,Browser resources 16/48,rejected_diagnostic_combination,False,False,EFFECTIVE_INTERVENTION,3,3,0,0,0,3,1.0,1.0,3,3,deliverables/app_resource_constrained_extension_v1/results/summary/families.csv,row:16
WEBGL1-LOEO-v1-01,M,Browser_memory4,Browser memory 4,rejected_diagnostic_combination,False,False,EFFECTIVE_INTERVENTION,3,3,0,0,0,3,1.0,1.0,3,3,deliverables/app_resource_constrained_extension_v1/results/summary/families.csv,row:17
WEBGL1-LOEO-v1-01,W,App_language,App language,rejected_diagnostic_combination,False,False,EFFECTIVE_INTERVENTION,2,0,2,0,0,2,0.0,1.0,0,2,deliverables/app_resource_constrained_extension_v1/results/summary/families.csv,row:18
WEBGL1-LOEO-v1-01,W,App_timezone,App timezone,rejected_diagnostic_combination,False,False,EFFECTIVE_INTERVENTION,2,2,0,0,0,2,1.0,1.0,2,2,deliverables/app_resource_constrained_extension_v1/results/summary/families.csv,row:19
WEBGL1-LOEO-v1-01,W,Browser_language,Browser language,rejected_diagnostic_combination,False,False,EFFECTIVE_INTERVENTION,5,0,5,0,0,5,0.0,1.0,0,5,deliverables/app_resource_constrained_extension_v1/results/summary/families.csv,row:20
WEBGL1-LOEO-v1-01,W,Browser_timezone,Browser timezone,rejected_diagnostic_combination,False,False,EFFECTIVE_INTERVENTION,5,5,0,0,0,5,1.0,1.0,5,5,deliverables/app_resource_constrained_extension_v1/results/summary/families.csv,row:21
WEBGL1-LOEO-v1-01,W,App_resource16_48,App resources 16/48,rejected_diagnostic_combination,False,False,EFFECTIVE_INTERVENTION,3,3,0,0,0,3,1.0,1.0,3,3,deliverables/app_resource_constrained_extension_v1/results/summary/families.csv,row:22
WEBGL1-LOEO-v1-01,W,App_memory4,App memory 4,rejected_diagnostic_combination,False,False,EFFECTIVE_INTERVENTION,3,3,0,0,0,3,1.0,1.0,3,3,deliverables/app_resource_constrained_extension_v1/results/summary/families.csv,row:23
WEBGL1-LOEO-v1-01,W,Browser_resource16_48,Browser resources 16/48,rejected_diagnostic_combination,False,False,EFFECTIVE_INTERVENTION,3,3,0,0,0,3,1.0,1.0,3,3,deliverables/app_resource_constrained_extension_v1/results/summary/families.csv,row:24
WEBGL1-LOEO-v1-01,W,Browser_memory4,Browser memory 4,rejected_diagnostic_combination,False,False,EFFECTIVE_INTERVENTION,3,3,0,0,0,3,1.0,1.0,3,3,deliverables/app_resource_constrained_extension_v1/results/summary/families.csv,row:25
WEBGL1-LOEO-v1-01,B,App_language,App language,rejected_diagnostic_combination,False,False,EFFECTIVE_INTERVENTION,2,0,2,0,0,2,0.0,1.0,0,2,deliverables/app_resource_constrained_extension_v1/results/summary/families.csv,row:26
WEBGL1-LOEO-v1-01,B,App_timezone,App timezone,rejected_diagnostic_combination,False,False,EFFECTIVE_INTERVENTION,2,2,0,0,0,2,1.0,1.0,2,2,deliverables/app_resource_constrained_extension_v1/results/summary/families.csv,row:27
WEBGL1-LOEO-v1-01,B,Browser_language,Browser language,rejected_diagnostic_combination,False,False,EFFECTIVE_INTERVENTION,5,0,5,0,0,5,0.0,1.0,0,5,deliverables/app_resource_constrained_extension_v1/results/summary/families.csv,row:28
WEBGL1-LOEO-v1-01,B,Browser_timezone,Browser timezone,rejected_diagnostic_combination,False,False,EFFECTIVE_INTERVENTION,5,5,0,0,0,5,1.0,1.0,5,5,deliverables/app_resource_constrained_extension_v1/results/summary/families.csv,row:29
WEBGL1-LOEO-v1-01,B,App_resource16_48,App resources 16/48,rejected_diagnostic_combination,False,False,EFFECTIVE_INTERVENTION,3,3,0,0,0,3,1.0,1.0,3,3,deliverables/app_resource_constrained_extension_v1/results/summary/families.csv,row:30
WEBGL1-LOEO-v1-01,B,App_memory4,App memory 4,rejected_diagnostic_combination,False,False,EFFECTIVE_INTERVENTION,3,3,0,0,0,3,1.0,1.0,3,3,deliverables/app_resource_constrained_extension_v1/results/summary/families.csv,row:31
WEBGL1-LOEO-v1-01,B,Browser_resource16_48,Browser resources 16/48,rejected_diagnostic_combination,False,False,EFFECTIVE_INTERVENTION,3,3,0,0,0,3,1.0,1.0,3,3,deliverables/app_resource_constrained_extension_v1/results/summary/families.csv,row:32
WEBGL1-LOEO-v1-01,B,Browser_memory4,Browser memory 4,rejected_diagnostic_combination,False,False,EFFECTIVE_INTERVENTION,3,0,3,0,0,3,0.0,1.0,0,3,deliverables/app_resource_constrained_extension_v1/results/summary/families.csv,row:33
WEBGL1-LOEO-v1-01,MW,App_language,App language,rejected_diagnostic_combination,False,False,EFFECTIVE_INTERVENTION,2,0,2,0,0,2,0.0,1.0,0,2,deliverables/app_resource_constrained_extension_v1/results/summary/families.csv,row:34
WEBGL1-LOEO-v1-01,MW,App_timezone,App timezone,rejected_diagnostic_combination,False,False,EFFECTIVE_INTERVENTION,2,2,0,0,0,2,1.0,1.0,2,2,deliverables/app_resource_constrained_extension_v1/results/summary/families.csv,row:35
WEBGL1-LOEO-v1-01,MW,Browser_language,Browser language,rejected_diagnostic_combination,False,False,EFFECTIVE_INTERVENTION,5,0,5,0,0,5,0.0,1.0,0,5,deliverables/app_resource_constrained_extension_v1/results/summary/families.csv,row:36
WEBGL1-LOEO-v1-01,MW,Browser_timezone,Browser timezone,rejected_diagnostic_combination,False,False,EFFECTIVE_INTERVENTION,5,5,0,0,0,5,1.0,1.0,5,5,deliverables/app_resource_constrained_extension_v1/results/summary/families.csv,row:37
WEBGL1-LOEO-v1-01,MW,App_resource16_48,App resources 16/48,rejected_diagnostic_combination,False,False,EFFECTIVE_INTERVENTION,3,3,0,0,0,3,1.0,1.0,3,3,deliverables/app_resource_constrained_extension_v1/results/summary/families.csv,row:38
WEBGL1-LOEO-v1-01,MW,App_memory4,App memory 4,rejected_diagnostic_combination,False,False,EFFECTIVE_INTERVENTION,3,3,0,0,0,3,1.0,1.0,3,3,deliverables/app_resource_constrained_extension_v1/results/summary/families.csv,row:39
WEBGL1-LOEO-v1-01,MW,Browser_resource16_48,Browser resources 16/48,rejected_diagnostic_combination,False,False,EFFECTIVE_INTERVENTION,3,3,0,0,0,3,1.0,1.0,3,3,deliverables/app_resource_constrained_extension_v1/results/summary/families.csv,row:40
WEBGL1-LOEO-v1-01,MW,Browser_memory4,Browser memory 4,rejected_diagnostic_combination,False,False,EFFECTIVE_INTERVENTION,3,3,0,0,0,3,1.0,1.0,3,3,deliverables/app_resource_constrained_extension_v1/results/summary/families.csv,row:41
WEBGL1-LOEO-v1-01,MB,App_language,App language,rejected_diagnostic_combination,False,False,EFFECTIVE_INTERVENTION,2,0,2,0,0,2,0.0,1.0,0,2,deliverables/app_resource_constrained_extension_v1/results/summary/families.csv,row:42
WEBGL1-LOEO-v1-01,MB,App_timezone,App timezone,rejected_diagnostic_combination,False,False,EFFECTIVE_INTERVENTION,2,2,0,0,0,2,1.0,1.0,2,2,deliverables/app_resource_constrained_extension_v1/results/summary/families.csv,row:43
WEBGL1-LOEO-v1-01,MB,Browser_language,Browser language,rejected_diagnostic_combination,False,False,EFFECTIVE_INTERVENTION,5,0,5,0,0,5,0.0,1.0,0,5,deliverables/app_resource_constrained_extension_v1/results/summary/families.csv,row:44
WEBGL1-LOEO-v1-01,MB,Browser_timezone,Browser timezone,rejected_diagnostic_combination,False,False,EFFECTIVE_INTERVENTION,5,5,0,0,0,5,1.0,1.0,5,5,deliverables/app_resource_constrained_extension_v1/results/summary/families.csv,row:45
WEBGL1-LOEO-v1-01,MB,App_resource16_48,App resources 16/48,rejected_diagnostic_combination,False,False,EFFECTIVE_INTERVENTION,3,3,0,0,0,3,1.0,1.0,3,3,deliverables/app_resource_constrained_extension_v1/results/summary/families.csv,row:46
WEBGL1-LOEO-v1-01,MB,App_memory4,App memory 4,rejected_diagnostic_combination,False,False,EFFECTIVE_INTERVENTION,3,3,0,0,0,3,1.0,1.0,3,3,deliverables/app_resource_constrained_extension_v1/results/summary/families.csv,row:47
WEBGL1-LOEO-v1-01,MB,Browser_resource16_48,Browser resources 16/48,rejected_diagnostic_combination,False,False,EFFECTIVE_INTERVENTION,3,3,0,0,0,3,1.0,1.0,3,3,deliverables/app_resource_constrained_extension_v1/results/summary/families.csv,row:48
WEBGL1-LOEO-v1-01,MB,Browser_memory4,Browser memory 4,rejected_diagnostic_combination,False,False,EFFECTIVE_INTERVENTION,3,3,0,0,0,3,1.0,1.0,3,3,deliverables/app_resource_constrained_extension_v1/results/summary/families.csv,row:49
WEBGL1-LOEO-v1-01,WB,App_language,App language,rejected_diagnostic_combination,False,False,EFFECTIVE_INTERVENTION,2,0,2,0,0,2,0.0,1.0,0,2,deliverables/app_resource_constrained_extension_v1/results/summary/families.csv,row:50
WEBGL1-LOEO-v1-01,WB,App_timezone,App timezone,rejected_diagnostic_combination,False,False,EFFECTIVE_INTERVENTION,2,2,0,0,0,2,1.0,1.0,2,2,deliverables/app_resource_constrained_extension_v1/results/summary/families.csv,row:51
WEBGL1-LOEO-v1-01,WB,Browser_language,Browser language,rejected_diagnostic_combination,False,False,EFFECTIVE_INTERVENTION,5,0,5,0,0,5,0.0,1.0,0,5,deliverables/app_resource_constrained_extension_v1/results/summary/families.csv,row:52
WEBGL1-LOEO-v1-01,WB,Browser_timezone,Browser timezone,rejected_diagnostic_combination,False,False,EFFECTIVE_INTERVENTION,5,5,0,0,0,5,1.0,1.0,5,5,deliverables/app_resource_constrained_extension_v1/results/summary/families.csv,row:53
WEBGL1-LOEO-v1-01,WB,App_resource16_48,App resources 16/48,rejected_diagnostic_combination,False,False,EFFECTIVE_INTERVENTION,3,3,0,0,0,3,1.0,1.0,3,3,deliverables/app_resource_constrained_extension_v1/results/summary/families.csv,row:54
WEBGL1-LOEO-v1-01,WB,App_memory4,App memory 4,rejected_diagnostic_combination,False,False,EFFECTIVE_INTERVENTION,3,3,0,0,0,3,1.0,1.0,3,3,deliverables/app_resource_constrained_extension_v1/results/summary/families.csv,row:55
WEBGL1-LOEO-v1-01,WB,Browser_resource16_48,Browser resources 16/48,rejected_diagnostic_combination,False,False,EFFECTIVE_INTERVENTION,3,3,0,0,0,3,1.0,1.0,3,3,deliverables/app_resource_constrained_extension_v1/results/summary/families.csv,row:56
WEBGL1-LOEO-v1-01,WB,Browser_memory4,Browser memory 4,rejected_diagnostic_combination,False,False,EFFECTIVE_INTERVENTION,3,3,0,0,0,3,1.0,1.0,3,3,deliverables/app_resource_constrained_extension_v1/results/summary/families.csv,row:57
WEBGL1-LOEO-v1-01,MWB,App_language,App language,rejected_diagnostic_combination,False,False,EFFECTIVE_INTERVENTION,2,0,2,0,0,2,0.0,1.0,0,2,deliverables/app_resource_constrained_extension_v1/results/summary/families.csv,row:58
WEBGL1-LOEO-v1-01,MWB,App_timezone,App timezone,rejected_diagnostic_combination,False,False,EFFECTIVE_INTERVENTION,2,2,0,0,0,2,1.0,1.0,2,2,deliverables/app_resource_constrained_extension_v1/results/summary/families.csv,row:59
WEBGL1-LOEO-v1-01,MWB,Browser_language,Browser language,rejected_diagnostic_combination,False,False,EFFECTIVE_INTERVENTION,5,0,5,0,0,5,0.0,1.0,0,5,deliverables/app_resource_constrained_extension_v1/results/summary/families.csv,row:60
WEBGL1-LOEO-v1-01,MWB,Browser_timezone,Browser timezone,rejected_diagnostic_combination,False,False,EFFECTIVE_INTERVENTION,5,5,0,0,0,5,1.0,1.0,5,5,deliverables/app_resource_constrained_extension_v1/results/summary/families.csv,row:61
WEBGL1-LOEO-v1-01,MWB,App_resource16_48,App resources 16/48,rejected_diagnostic_combination,False,False,EFFECTIVE_INTERVENTION,3,3,0,0,0,3,1.0,1.0,3,3,deliverables/app_resource_constrained_extension_v1/results/summary/families.csv,row:62
WEBGL1-LOEO-v1-01,MWB,App_memory4,App memory 4,rejected_diagnostic_combination,False,False,EFFECTIVE_INTERVENTION,3,3,0,0,0,3,1.0,1.0,3,3,deliverables/app_resource_constrained_extension_v1/results/summary/families.csv,row:63
WEBGL1-LOEO-v1-01,MWB,Browser_resource16_48,Browser resources 16/48,rejected_diagnostic_combination,False,False,EFFECTIVE_INTERVENTION,3,3,0,0,0,3,1.0,1.0,3,3,deliverables/app_resource_constrained_extension_v1/results/summary/families.csv,row:64
WEBGL1-LOEO-v1-01,MWB,Browser_memory4,Browser memory 4,rejected_diagnostic_combination,False,False,EFFECTIVE_INTERVENTION,3,3,0,0,0,3,1.0,1.0,3,3,deliverables/app_resource_constrained_extension_v1/results/summary/families.csv,row:65
WEBGL1-LOEO-v1-02,S0,App_language,App language,retained_complete_method,True,True,EFFECTIVE_INTERVENTION,2,0,2,0,0,2,0.0,1.0,0,2,deliverables/app_resource_constrained_extension_v1/results/summary/families.csv,row:66
WEBGL1-LOEO-v1-02,S0,App_timezone,App timezone,retained_complete_method,True,True,EFFECTIVE_INTERVENTION,2,2,0,0,0,2,1.0,1.0,2,2,deliverables/app_resource_constrained_extension_v1/results/summary/families.csv,row:67
WEBGL1-LOEO-v1-02,S0,Browser_language,Browser language,retained_complete_method,True,True,EFFECTIVE_INTERVENTION,5,0,5,0,0,5,0.0,1.0,0,5,deliverables/app_resource_constrained_extension_v1/results/summary/families.csv,row:68
WEBGL1-LOEO-v1-02,S0,Browser_timezone,Browser timezone,retained_complete_method,True,True,EFFECTIVE_INTERVENTION,5,5,0,0,0,5,1.0,1.0,5,5,deliverables/app_resource_constrained_extension_v1/results/summary/families.csv,row:69
WEBGL1-LOEO-v1-02,S0,App_resource16_48,App resources 16/48,retained_complete_method,True,True,EFFECTIVE_INTERVENTION,3,3,0,0,0,3,1.0,1.0,3,3,deliverables/app_resource_constrained_extension_v1/results/summary/families.csv,row:70
WEBGL1-LOEO-v1-02,S0,App_memory4,App memory 4,retained_complete_method,True,True,EFFECTIVE_INTERVENTION,3,3,0,0,0,3,1.0,1.0,3,3,deliverables/app_resource_constrained_extension_v1/results/summary/families.csv,row:71
WEBGL1-LOEO-v1-02,S0,Browser_resource16_48,Browser resources 16/48,retained_complete_method,True,True,EFFECTIVE_INTERVENTION,3,0,3,0,0,3,0.0,1.0,0,3,deliverables/app_resource_constrained_extension_v1/results/summary/families.csv,row:72
WEBGL1-LOEO-v1-02,S0,Browser_memory4,Browser memory 4,retained_complete_method,True,True,EFFECTIVE_INTERVENTION,3,0,3,0,0,3,0.0,1.0,0,3,deliverables/app_resource_constrained_extension_v1/results/summary/families.csv,row:73
WEBGL1-LOEO-v1-02,M,App_language,App language,rejected_diagnostic_combination,False,False,EFFECTIVE_INTERVENTION,2,0,2,0,0,2,0.0,1.0,0,2,deliverables/app_resource_constrained_extension_v1/results/summary/families.csv,row:74
WEBGL1-LOEO-v1-02,M,App_timezone,App timezone,rejected_diagnostic_combination,False,False,EFFECTIVE_INTERVENTION,2,2,0,0,0,2,1.0,1.0,2,2,deliverables/app_resource_constrained_extension_v1/results/summary/families.csv,row:75
WEBGL1-LOEO-v1-02,M,Browser_language,Browser language,rejected_diagnostic_combination,False,False,EFFECTIVE_INTERVENTION,5,0,5,0,0,5,0.0,1.0,0,5,deliverables/app_resource_constrained_extension_v1/results/summary/families.csv,row:76
WEBGL1-LOEO-v1-02,M,Browser_timezone,Browser timezone,rejected_diagnostic_combination,False,False,EFFECTIVE_INTERVENTION,5,5,0,0,0,5,1.0,1.0,5,5,deliverables/app_resource_constrained_extension_v1/results/summary/families.csv,row:77
WEBGL1-LOEO-v1-02,M,App_resource16_48,App resources 16/48,rejected_diagnostic_combination,False,False,EFFECTIVE_INTERVENTION,3,3,0,0,0,3,1.0,1.0,3,3,deliverables/app_resource_constrained_extension_v1/results/summary/families.csv,row:78
WEBGL1-LOEO-v1-02,M,App_memory4,App memory 4,rejected_diagnostic_combination,False,False,EFFECTIVE_INTERVENTION,3,3,0,0,0,3,1.0,1.0,3,3,deliverables/app_resource_constrained_extension_v1/results/summary/families.csv,row:79
WEBGL1-LOEO-v1-02,M,Browser_resource16_48,Browser resources 16/48,rejected_diagnostic_combination,False,False,EFFECTIVE_INTERVENTION,3,3,0,0,0,3,1.0,1.0,3,3,deliverables/app_resource_constrained_extension_v1/results/summary/families.csv,row:80
WEBGL1-LOEO-v1-02,M,Browser_memory4,Browser memory 4,rejected_diagnostic_combination,False,False,EFFECTIVE_INTERVENTION,3,3,0,0,0,3,1.0,1.0,3,3,deliverables/app_resource_constrained_extension_v1/results/summary/families.csv,row:81
WEBGL1-LOEO-v1-02,W,App_language,App language,rejected_diagnostic_combination,False,False,EFFECTIVE_INTERVENTION,2,0,2,0,0,2,0.0,1.0,0,2,deliverables/app_resource_constrained_extension_v1/results/summary/families.csv,row:82
WEBGL1-LOEO-v1-02,W,App_timezone,App timezone,rejected_diagnostic_combination,False,False,EFFECTIVE_INTERVENTION,2,2,0,0,0,2,1.0,1.0,2,2,deliverables/app_resource_constrained_extension_v1/results/summary/families.csv,row:83
WEBGL1-LOEO-v1-02,W,Browser_language,Browser language,rejected_diagnostic_combination,False,False,EFFECTIVE_INTERVENTION,5,0,5,0,0,5,0.0,1.0,0,5,deliverables/app_resource_constrained_extension_v1/results/summary/families.csv,row:84
WEBGL1-LOEO-v1-02,W,Browser_timezone,Browser timezone,rejected_diagnostic_combination,False,False,EFFECTIVE_INTERVENTION,5,5,0,0,0,5,1.0,1.0,5,5,deliverables/app_resource_constrained_extension_v1/results/summary/families.csv,row:85
WEBGL1-LOEO-v1-02,W,App_resource16_48,App resources 16/48,rejected_diagnostic_combination,False,False,EFFECTIVE_INTERVENTION,3,3,0,0,0,3,1.0,1.0,3,3,deliverables/app_resource_constrained_extension_v1/results/summary/families.csv,row:86
WEBGL1-LOEO-v1-02,W,App_memory4,App memory 4,rejected_diagnostic_combination,False,False,EFFECTIVE_INTERVENTION,3,3,0,0,0,3,1.0,1.0,3,3,deliverables/app_resource_constrained_extension_v1/results/summary/families.csv,row:87
WEBGL1-LOEO-v1-02,W,Browser_resource16_48,Browser resources 16/48,rejected_diagnostic_combination,False,False,EFFECTIVE_INTERVENTION,3,3,0,0,0,3,1.0,1.0,3,3,deliverables/app_resource_constrained_extension_v1/results/summary/families.csv,row:88
WEBGL1-LOEO-v1-02,W,Browser_memory4,Browser memory 4,rejected_diagnostic_combination,False,False,EFFECTIVE_INTERVENTION,3,3,0,0,0,3,1.0,1.0,3,3,deliverables/app_resource_constrained_extension_v1/results/summary/families.csv,row:89
WEBGL1-LOEO-v1-02,B,App_language,App language,rejected_diagnostic_combination,False,False,EFFECTIVE_INTERVENTION,2,0,2,0,0,2,0.0,1.0,0,2,deliverables/app_resource_constrained_extension_v1/results/summary/families.csv,row:90
WEBGL1-LOEO-v1-02,B,App_timezone,App timezone,rejected_diagnostic_combination,False,False,EFFECTIVE_INTERVENTION,2,2,0,0,0,2,1.0,1.0,2,2,deliverables/app_resource_constrained_extension_v1/results/summary/families.csv,row:91
WEBGL1-LOEO-v1-02,B,Browser_language,Browser language,rejected_diagnostic_combination,False,False,EFFECTIVE_INTERVENTION,5,0,5,0,0,5,0.0,1.0,0,5,deliverables/app_resource_constrained_extension_v1/results/summary/families.csv,row:92
WEBGL1-LOEO-v1-02,B,Browser_timezone,Browser timezone,rejected_diagnostic_combination,False,False,EFFECTIVE_INTERVENTION,5,5,0,0,0,5,1.0,1.0,5,5,deliverables/app_resource_constrained_extension_v1/results/summary/families.csv,row:93
WEBGL1-LOEO-v1-02,B,App_resource16_48,App resources 16/48,rejected_diagnostic_combination,False,False,EFFECTIVE_INTERVENTION,3,3,0,0,0,3,1.0,1.0,3,3,deliverables/app_resource_constrained_extension_v1/results/summary/families.csv,row:94
WEBGL1-LOEO-v1-02,B,App_memory4,App memory 4,rejected_diagnostic_combination,False,False,EFFECTIVE_INTERVENTION,3,3,0,0,0,3,1.0,1.0,3,3,deliverables/app_resource_constrained_extension_v1/results/summary/families.csv,row:95
WEBGL1-LOEO-v1-02,B,Browser_resource16_48,Browser resources 16/48,rejected_diagnostic_combination,False,False,EFFECTIVE_INTERVENTION,3,3,0,0,0,3,1.0,1.0,3,3,deliverables/app_resource_constrained_extension_v1/results/summary/families.csv,row:96
WEBGL1-LOEO-v1-02,B,Browser_memory4,Browser memory 4,rejected_diagnostic_combination,False,False,EFFECTIVE_INTERVENTION,3,0,3,0,0,3,0.0,1.0,0,3,deliverables/app_resource_constrained_extension_v1/results/summary/families.csv,row:97
WEBGL1-LOEO-v1-02,MW,App_language,App language,rejected_diagnostic_combination,False,False,EFFECTIVE_INTERVENTION,2,0,2,0,0,2,0.0,1.0,0,2,deliverables/app_resource_constrained_extension_v1/results/summary/families.csv,row:98
WEBGL1-LOEO-v1-02,MW,App_timezone,App timezone,rejected_diagnostic_combination,False,False,EFFECTIVE_INTERVENTION,2,2,0,0,0,2,1.0,1.0,2,2,deliverables/app_resource_constrained_extension_v1/results/summary/families.csv,row:99
WEBGL1-LOEO-v1-02,MW,Browser_language,Browser language,rejected_diagnostic_combination,False,False,EFFECTIVE_INTERVENTION,5,0,5,0,0,5,0.0,1.0,0,5,deliverables/app_resource_constrained_extension_v1/results/summary/families.csv,row:100
WEBGL1-LOEO-v1-02,MW,Browser_timezone,Browser timezone,rejected_diagnostic_combination,False,False,EFFECTIVE_INTERVENTION,5,5,0,0,0,5,1.0,1.0,5,5,deliverables/app_resource_constrained_extension_v1/results/summary/families.csv,row:101
WEBGL1-LOEO-v1-02,MW,App_resource16_48,App resources 16/48,rejected_diagnostic_combination,False,False,EFFECTIVE_INTERVENTION,3,3,0,0,0,3,1.0,1.0,3,3,deliverables/app_resource_constrained_extension_v1/results/summary/families.csv,row:102
WEBGL1-LOEO-v1-02,MW,App_memory4,App memory 4,rejected_diagnostic_combination,False,False,EFFECTIVE_INTERVENTION,3,3,0,0,0,3,1.0,1.0,3,3,deliverables/app_resource_constrained_extension_v1/results/summary/families.csv,row:103
WEBGL1-LOEO-v1-02,MW,Browser_resource16_48,Browser resources 16/48,rejected_diagnostic_combination,False,False,EFFECTIVE_INTERVENTION,3,3,0,0,0,3,1.0,1.0,3,3,deliverables/app_resource_constrained_extension_v1/results/summary/families.csv,row:104
WEBGL1-LOEO-v1-02,MW,Browser_memory4,Browser memory 4,rejected_diagnostic_combination,False,False,EFFECTIVE_INTERVENTION,3,3,0,0,0,3,1.0,1.0,3,3,deliverables/app_resource_constrained_extension_v1/results/summary/families.csv,row:105
WEBGL1-LOEO-v1-02,MB,App_language,App language,rejected_diagnostic_combination,False,False,EFFECTIVE_INTERVENTION,2,0,2,0,0,2,0.0,1.0,0,2,deliverables/app_resource_constrained_extension_v1/results/summary/families.csv,row:106
WEBGL1-LOEO-v1-02,MB,App_timezone,App timezone,rejected_diagnostic_combination,False,False,EFFECTIVE_INTERVENTION,2,2,0,0,0,2,1.0,1.0,2,2,deliverables/app_resource_constrained_extension_v1/results/summary/families.csv,row:107
WEBGL1-LOEO-v1-02,MB,Browser_language,Browser language,rejected_diagnostic_combination,False,False,EFFECTIVE_INTERVENTION,5,0,5,0,0,5,0.0,1.0,0,5,deliverables/app_resource_constrained_extension_v1/results/summary/families.csv,row:108
WEBGL1-LOEO-v1-02,MB,Browser_timezone,Browser timezone,rejected_diagnostic_combination,False,False,EFFECTIVE_INTERVENTION,5,5,0,0,0,5,1.0,1.0,5,5,deliverables/app_resource_constrained_extension_v1/results/summary/families.csv,row:109
WEBGL1-LOEO-v1-02,MB,App_resource16_48,App resources 16/48,rejected_diagnostic_combination,False,False,EFFECTIVE_INTERVENTION,3,3,0,0,0,3,1.0,1.0,3,3,deliverables/app_resource_constrained_extension_v1/results/summary/families.csv,row:110
WEBGL1-LOEO-v1-02,MB,App_memory4,App memory 4,rejected_diagnostic_combination,False,False,EFFECTIVE_INTERVENTION,3,3,0,0,0,3,1.0,1.0,3,3,deliverables/app_resource_constrained_extension_v1/results/summary/families.csv,row:111
WEBGL1-LOEO-v1-02,MB,Browser_resource16_48,Browser resources 16/48,rejected_diagnostic_combination,False,False,EFFECTIVE_INTERVENTION,3,3,0,0,0,3,1.0,1.0,3,3,deliverables/app_resource_constrained_extension_v1/results/summary/families.csv,row:112
WEBGL1-LOEO-v1-02,MB,Browser_memory4,Browser memory 4,rejected_diagnostic_combination,False,False,EFFECTIVE_INTERVENTION,3,3,0,0,0,3,1.0,1.0,3,3,deliverables/app_resource_constrained_extension_v1/results/summary/families.csv,row:113
WEBGL1-LOEO-v1-02,WB,App_language,App language,rejected_diagnostic_combination,False,False,EFFECTIVE_INTERVENTION,2,0,2,0,0,2,0.0,1.0,0,2,deliverables/app_resource_constrained_extension_v1/results/summary/families.csv,row:114
WEBGL1-LOEO-v1-02,WB,App_timezone,App timezone,rejected_diagnostic_combination,False,False,EFFECTIVE_INTERVENTION,2,2,0,0,0,2,1.0,1.0,2,2,deliverables/app_resource_constrained_extension_v1/results/summary/families.csv,row:115
WEBGL1-LOEO-v1-02,WB,Browser_language,Browser language,rejected_diagnostic_combination,False,False,EFFECTIVE_INTERVENTION,5,0,5,0,0,5,0.0,1.0,0,5,deliverables/app_resource_constrained_extension_v1/results/summary/families.csv,row:116
WEBGL1-LOEO-v1-02,WB,Browser_timezone,Browser timezone,rejected_diagnostic_combination,False,False,EFFECTIVE_INTERVENTION,5,5,0,0,0,5,1.0,1.0,5,5,deliverables/app_resource_constrained_extension_v1/results/summary/families.csv,row:117
WEBGL1-LOEO-v1-02,WB,App_resource16_48,App resources 16/48,rejected_diagnostic_combination,False,False,EFFECTIVE_INTERVENTION,3,3,0,0,0,3,1.0,1.0,3,3,deliverables/app_resource_constrained_extension_v1/results/summary/families.csv,row:118
WEBGL1-LOEO-v1-02,WB,App_memory4,App memory 4,rejected_diagnostic_combination,False,False,EFFECTIVE_INTERVENTION,3,3,0,0,0,3,1.0,1.0,3,3,deliverables/app_resource_constrained_extension_v1/results/summary/families.csv,row:119
WEBGL1-LOEO-v1-02,WB,Browser_resource16_48,Browser resources 16/48,rejected_diagnostic_combination,False,False,EFFECTIVE_INTERVENTION,3,3,0,0,0,3,1.0,1.0,3,3,deliverables/app_resource_constrained_extension_v1/results/summary/families.csv,row:120
WEBGL1-LOEO-v1-02,WB,Browser_memory4,Browser memory 4,rejected_diagnostic_combination,False,False,EFFECTIVE_INTERVENTION,3,3,0,0,0,3,1.0,1.0,3,3,deliverables/app_resource_constrained_extension_v1/results/summary/families.csv,row:121
WEBGL1-LOEO-v1-02,MWB,App_language,App language,rejected_diagnostic_combination,False,False,EFFECTIVE_INTERVENTION,2,0,2,0,0,2,0.0,1.0,0,2,deliverables/app_resource_constrained_extension_v1/results/summary/families.csv,row:122
WEBGL1-LOEO-v1-02,MWB,App_timezone,App timezone,rejected_diagnostic_combination,False,False,EFFECTIVE_INTERVENTION,2,2,0,0,0,2,1.0,1.0,2,2,deliverables/app_resource_constrained_extension_v1/results/summary/families.csv,row:123
WEBGL1-LOEO-v1-02,MWB,Browser_language,Browser language,rejected_diagnostic_combination,False,False,EFFECTIVE_INTERVENTION,5,0,5,0,0,5,0.0,1.0,0,5,deliverables/app_resource_constrained_extension_v1/results/summary/families.csv,row:124
WEBGL1-LOEO-v1-02,MWB,Browser_timezone,Browser timezone,rejected_diagnostic_combination,False,False,EFFECTIVE_INTERVENTION,5,5,0,0,0,5,1.0,1.0,5,5,deliverables/app_resource_constrained_extension_v1/results/summary/families.csv,row:125
WEBGL1-LOEO-v1-02,MWB,App_resource16_48,App resources 16/48,rejected_diagnostic_combination,False,False,EFFECTIVE_INTERVENTION,3,3,0,0,0,3,1.0,1.0,3,3,deliverables/app_resource_constrained_extension_v1/results/summary/families.csv,row:126
WEBGL1-LOEO-v1-02,MWB,App_memory4,App memory 4,rejected_diagnostic_combination,False,False,EFFECTIVE_INTERVENTION,3,3,0,0,0,3,1.0,1.0,3,3,deliverables/app_resource_constrained_extension_v1/results/summary/families.csv,row:127
WEBGL1-LOEO-v1-02,MWB,Browser_resource16_48,Browser resources 16/48,rejected_diagnostic_combination,False,False,EFFECTIVE_INTERVENTION,3,3,0,0,0,3,1.0,1.0,3,3,deliverables/app_resource_constrained_extension_v1/results/summary/families.csv,row:128
WEBGL1-LOEO-v1-02,MWB,Browser_memory4,Browser memory 4,rejected_diagnostic_combination,False,False,EFFECTIVE_INTERVENTION,3,3,0,0,0,3,1.0,1.0,3,3,deliverables/app_resource_constrained_extension_v1/results/summary/families.csv,row:129
WEBGL1-LOEO-v1-03,S0,App_language,App language,retained_complete_method,True,True,EFFECTIVE_INTERVENTION,2,0,2,0,0,2,0.0,1.0,0,2,deliverables/app_resource_constrained_extension_v1/results/summary/families.csv,row:130
WEBGL1-LOEO-v1-03,S0,App_timezone,App timezone,retained_complete_method,True,True,EFFECTIVE_INTERVENTION,2,2,0,0,0,2,1.0,1.0,2,2,deliverables/app_resource_constrained_extension_v1/results/summary/families.csv,row:131
WEBGL1-LOEO-v1-03,S0,Browser_language,Browser language,retained_complete_method,True,True,EFFECTIVE_INTERVENTION,5,0,5,0,0,5,0.0,1.0,0,5,deliverables/app_resource_constrained_extension_v1/results/summary/families.csv,row:132
WEBGL1-LOEO-v1-03,S0,Browser_timezone,Browser timezone,retained_complete_method,True,True,EFFECTIVE_INTERVENTION,5,5,0,0,0,5,1.0,1.0,5,5,deliverables/app_resource_constrained_extension_v1/results/summary/families.csv,row:133
WEBGL1-LOEO-v1-03,S0,App_resource16_48,App resources 16/48,retained_complete_method,True,True,EFFECTIVE_INTERVENTION,3,3,0,0,0,3,1.0,1.0,3,3,deliverables/app_resource_constrained_extension_v1/results/summary/families.csv,row:134
WEBGL1-LOEO-v1-03,S0,App_memory4,App memory 4,retained_complete_method,True,True,EFFECTIVE_INTERVENTION,3,3,0,0,0,3,1.0,1.0,3,3,deliverables/app_resource_constrained_extension_v1/results/summary/families.csv,row:135
WEBGL1-LOEO-v1-03,S0,Browser_resource16_48,Browser resources 16/48,retained_complete_method,True,True,EFFECTIVE_INTERVENTION,3,0,3,0,0,3,0.0,1.0,0,3,deliverables/app_resource_constrained_extension_v1/results/summary/families.csv,row:136
WEBGL1-LOEO-v1-03,S0,Browser_memory4,Browser memory 4,retained_complete_method,True,True,EFFECTIVE_INTERVENTION,3,0,3,0,0,3,0.0,1.0,0,3,deliverables/app_resource_constrained_extension_v1/results/summary/families.csv,row:137
WEBGL1-LOEO-v1-03,M,App_language,App language,rejected_diagnostic_combination,False,False,EFFECTIVE_INTERVENTION,2,0,2,0,0,2,0.0,1.0,0,2,deliverables/app_resource_constrained_extension_v1/results/summary/families.csv,row:138
WEBGL1-LOEO-v1-03,M,App_timezone,App timezone,rejected_diagnostic_combination,False,False,EFFECTIVE_INTERVENTION,2,2,0,0,0,2,1.0,1.0,2,2,deliverables/app_resource_constrained_extension_v1/results/summary/families.csv,row:139
WEBGL1-LOEO-v1-03,M,Browser_language,Browser language,rejected_diagnostic_combination,False,False,EFFECTIVE_INTERVENTION,5,0,5,0,0,5,0.0,1.0,0,5,deliverables/app_resource_constrained_extension_v1/results/summary/families.csv,row:140
WEBGL1-LOEO-v1-03,M,Browser_timezone,Browser timezone,rejected_diagnostic_combination,False,False,EFFECTIVE_INTERVENTION,5,5,0,0,0,5,1.0,1.0,5,5,deliverables/app_resource_constrained_extension_v1/results/summary/families.csv,row:141
WEBGL1-LOEO-v1-03,M,App_resource16_48,App resources 16/48,rejected_diagnostic_combination,False,False,EFFECTIVE_INTERVENTION,3,3,0,0,0,3,1.0,1.0,3,3,deliverables/app_resource_constrained_extension_v1/results/summary/families.csv,row:142
WEBGL1-LOEO-v1-03,M,App_memory4,App memory 4,rejected_diagnostic_combination,False,False,EFFECTIVE_INTERVENTION,3,3,0,0,0,3,1.0,1.0,3,3,deliverables/app_resource_constrained_extension_v1/results/summary/families.csv,row:143
WEBGL1-LOEO-v1-03,M,Browser_resource16_48,Browser resources 16/48,rejected_diagnostic_combination,False,False,EFFECTIVE_INTERVENTION,3,3,0,0,0,3,1.0,1.0,3,3,deliverables/app_resource_constrained_extension_v1/results/summary/families.csv,row:144
WEBGL1-LOEO-v1-03,M,Browser_memory4,Browser memory 4,rejected_diagnostic_combination,False,False,EFFECTIVE_INTERVENTION,3,3,0,0,0,3,1.0,1.0,3,3,deliverables/app_resource_constrained_extension_v1/results/summary/families.csv,row:145
WEBGL1-LOEO-v1-03,W,App_language,App language,rejected_diagnostic_combination,False,False,EFFECTIVE_INTERVENTION,2,0,2,0,0,2,0.0,1.0,0,2,deliverables/app_resource_constrained_extension_v1/results/summary/families.csv,row:146
WEBGL1-LOEO-v1-03,W,App_timezone,App timezone,rejected_diagnostic_combination,False,False,EFFECTIVE_INTERVENTION,2,2,0,0,0,2,1.0,1.0,2,2,deliverables/app_resource_constrained_extension_v1/results/summary/families.csv,row:147
WEBGL1-LOEO-v1-03,W,Browser_language,Browser language,rejected_diagnostic_combination,False,False,EFFECTIVE_INTERVENTION,5,0,5,0,0,5,0.0,1.0,0,5,deliverables/app_resource_constrained_extension_v1/results/summary/families.csv,row:148
WEBGL1-LOEO-v1-03,W,Browser_timezone,Browser timezone,rejected_diagnostic_combination,False,False,EFFECTIVE_INTERVENTION,5,5,0,0,0,5,1.0,1.0,5,5,deliverables/app_resource_constrained_extension_v1/results/summary/families.csv,row:149
WEBGL1-LOEO-v1-03,W,App_resource16_48,App resources 16/48,rejected_diagnostic_combination,False,False,EFFECTIVE_INTERVENTION,3,3,0,0,0,3,1.0,1.0,3,3,deliverables/app_resource_constrained_extension_v1/results/summary/families.csv,row:150
WEBGL1-LOEO-v1-03,W,App_memory4,App memory 4,rejected_diagnostic_combination,False,False,EFFECTIVE_INTERVENTION,3,3,0,0,0,3,1.0,1.0,3,3,deliverables/app_resource_constrained_extension_v1/results/summary/families.csv,row:151
WEBGL1-LOEO-v1-03,W,Browser_resource16_48,Browser resources 16/48,rejected_diagnostic_combination,False,False,EFFECTIVE_INTERVENTION,3,3,0,0,0,3,1.0,1.0,3,3,deliverables/app_resource_constrained_extension_v1/results/summary/families.csv,row:152
WEBGL1-LOEO-v1-03,W,Browser_memory4,Browser memory 4,rejected_diagnostic_combination,False,False,EFFECTIVE_INTERVENTION,3,3,0,0,0,3,1.0,1.0,3,3,deliverables/app_resource_constrained_extension_v1/results/summary/families.csv,row:153
WEBGL1-LOEO-v1-03,B,App_language,App language,rejected_diagnostic_combination,False,False,EFFECTIVE_INTERVENTION,2,0,2,0,0,2,0.0,1.0,0,2,deliverables/app_resource_constrained_extension_v1/results/summary/families.csv,row:154
WEBGL1-LOEO-v1-03,B,App_timezone,App timezone,rejected_diagnostic_combination,False,False,EFFECTIVE_INTERVENTION,2,2,0,0,0,2,1.0,1.0,2,2,deliverables/app_resource_constrained_extension_v1/results/summary/families.csv,row:155
WEBGL1-LOEO-v1-03,B,Browser_language,Browser language,rejected_diagnostic_combination,False,False,EFFECTIVE_INTERVENTION,5,0,5,0,0,5,0.0,1.0,0,5,deliverables/app_resource_constrained_extension_v1/results/summary/families.csv,row:156
WEBGL1-LOEO-v1-03,B,Browser_timezone,Browser timezone,rejected_diagnostic_combination,False,False,EFFECTIVE_INTERVENTION,5,5,0,0,0,5,1.0,1.0,5,5,deliverables/app_resource_constrained_extension_v1/results/summary/families.csv,row:157
WEBGL1-LOEO-v1-03,B,App_resource16_48,App resources 16/48,rejected_diagnostic_combination,False,False,EFFECTIVE_INTERVENTION,3,3,0,0,0,3,1.0,1.0,3,3,deliverables/app_resource_constrained_extension_v1/results/summary/families.csv,row:158
WEBGL1-LOEO-v1-03,B,App_memory4,App memory 4,rejected_diagnostic_combination,False,False,EFFECTIVE_INTERVENTION,3,3,0,0,0,3,1.0,1.0,3,3,deliverables/app_resource_constrained_extension_v1/results/summary/families.csv,row:159
WEBGL1-LOEO-v1-03,B,Browser_resource16_48,Browser resources 16/48,rejected_diagnostic_combination,False,False,EFFECTIVE_INTERVENTION,3,3,0,0,0,3,1.0,1.0,3,3,deliverables/app_resource_constrained_extension_v1/results/summary/families.csv,row:160
WEBGL1-LOEO-v1-03,B,Browser_memory4,Browser memory 4,rejected_diagnostic_combination,False,False,EFFECTIVE_INTERVENTION,3,0,3,0,0,3,0.0,1.0,0,3,deliverables/app_resource_constrained_extension_v1/results/summary/families.csv,row:161
WEBGL1-LOEO-v1-03,MW,App_language,App language,rejected_diagnostic_combination,False,False,EFFECTIVE_INTERVENTION,2,0,2,0,0,2,0.0,1.0,0,2,deliverables/app_resource_constrained_extension_v1/results/summary/families.csv,row:162
WEBGL1-LOEO-v1-03,MW,App_timezone,App timezone,rejected_diagnostic_combination,False,False,EFFECTIVE_INTERVENTION,2,2,0,0,0,2,1.0,1.0,2,2,deliverables/app_resource_constrained_extension_v1/results/summary/families.csv,row:163
WEBGL1-LOEO-v1-03,MW,Browser_language,Browser language,rejected_diagnostic_combination,False,False,EFFECTIVE_INTERVENTION,5,0,5,0,0,5,0.0,1.0,0,5,deliverables/app_resource_constrained_extension_v1/results/summary/families.csv,row:164
WEBGL1-LOEO-v1-03,MW,Browser_timezone,Browser timezone,rejected_diagnostic_combination,False,False,EFFECTIVE_INTERVENTION,5,5,0,0,0,5,1.0,1.0,5,5,deliverables/app_resource_constrained_extension_v1/results/summary/families.csv,row:165
WEBGL1-LOEO-v1-03,MW,App_resource16_48,App resources 16/48,rejected_diagnostic_combination,False,False,EFFECTIVE_INTERVENTION,3,3,0,0,0,3,1.0,1.0,3,3,deliverables/app_resource_constrained_extension_v1/results/summary/families.csv,row:166
WEBGL1-LOEO-v1-03,MW,App_memory4,App memory 4,rejected_diagnostic_combination,False,False,EFFECTIVE_INTERVENTION,3,3,0,0,0,3,1.0,1.0,3,3,deliverables/app_resource_constrained_extension_v1/results/summary/families.csv,row:167
WEBGL1-LOEO-v1-03,MW,Browser_resource16_48,Browser resources 16/48,rejected_diagnostic_combination,False,False,EFFECTIVE_INTERVENTION,3,3,0,0,0,3,1.0,1.0,3,3,deliverables/app_resource_constrained_extension_v1/results/summary/families.csv,row:168
WEBGL1-LOEO-v1-03,MW,Browser_memory4,Browser memory 4,rejected_diagnostic_combination,False,False,EFFECTIVE_INTERVENTION,3,3,0,0,0,3,1.0,1.0,3,3,deliverables/app_resource_constrained_extension_v1/results/summary/families.csv,row:169
WEBGL1-LOEO-v1-03,MB,App_language,App language,rejected_diagnostic_combination,False,False,EFFECTIVE_INTERVENTION,2,0,2,0,0,2,0.0,1.0,0,2,deliverables/app_resource_constrained_extension_v1/results/summary/families.csv,row:170
WEBGL1-LOEO-v1-03,MB,App_timezone,App timezone,rejected_diagnostic_combination,False,False,EFFECTIVE_INTERVENTION,2,2,0,0,0,2,1.0,1.0,2,2,deliverables/app_resource_constrained_extension_v1/results/summary/families.csv,row:171
WEBGL1-LOEO-v1-03,MB,Browser_language,Browser language,rejected_diagnostic_combination,False,False,EFFECTIVE_INTERVENTION,5,0,5,0,0,5,0.0,1.0,0,5,deliverables/app_resource_constrained_extension_v1/results/summary/families.csv,row:172
WEBGL1-LOEO-v1-03,MB,Browser_timezone,Browser timezone,rejected_diagnostic_combination,False,False,EFFECTIVE_INTERVENTION,5,5,0,0,0,5,1.0,1.0,5,5,deliverables/app_resource_constrained_extension_v1/results/summary/families.csv,row:173
WEBGL1-LOEO-v1-03,MB,App_resource16_48,App resources 16/48,rejected_diagnostic_combination,False,False,EFFECTIVE_INTERVENTION,3,3,0,0,0,3,1.0,1.0,3,3,deliverables/app_resource_constrained_extension_v1/results/summary/families.csv,row:174
WEBGL1-LOEO-v1-03,MB,App_memory4,App memory 4,rejected_diagnostic_combination,False,False,EFFECTIVE_INTERVENTION,3,3,0,0,0,3,1.0,1.0,3,3,deliverables/app_resource_constrained_extension_v1/results/summary/families.csv,row:175
WEBGL1-LOEO-v1-03,MB,Browser_resource16_48,Browser resources 16/48,rejected_diagnostic_combination,False,False,EFFECTIVE_INTERVENTION,3,3,0,0,0,3,1.0,1.0,3,3,deliverables/app_resource_constrained_extension_v1/results/summary/families.csv,row:176
WEBGL1-LOEO-v1-03,MB,Browser_memory4,Browser memory 4,rejected_diagnostic_combination,False,False,EFFECTIVE_INTERVENTION,3,3,0,0,0,3,1.0,1.0,3,3,deliverables/app_resource_constrained_extension_v1/results/summary/families.csv,row:177
WEBGL1-LOEO-v1-03,WB,App_language,App language,rejected_diagnostic_combination,False,False,EFFECTIVE_INTERVENTION,2,0,2,0,0,2,0.0,1.0,0,2,deliverables/app_resource_constrained_extension_v1/results/summary/families.csv,row:178
WEBGL1-LOEO-v1-03,WB,App_timezone,App timezone,rejected_diagnostic_combination,False,False,EFFECTIVE_INTERVENTION,2,2,0,0,0,2,1.0,1.0,2,2,deliverables/app_resource_constrained_extension_v1/results/summary/families.csv,row:179
WEBGL1-LOEO-v1-03,WB,Browser_language,Browser language,rejected_diagnostic_combination,False,False,EFFECTIVE_INTERVENTION,5,0,5,0,0,5,0.0,1.0,0,5,deliverables/app_resource_constrained_extension_v1/results/summary/families.csv,row:180
WEBGL1-LOEO-v1-03,WB,Browser_timezone,Browser timezone,rejected_diagnostic_combination,False,False,EFFECTIVE_INTERVENTION,5,5,0,0,0,5,1.0,1.0,5,5,deliverables/app_resource_constrained_extension_v1/results/summary/families.csv,row:181
WEBGL1-LOEO-v1-03,WB,App_resource16_48,App resources 16/48,rejected_diagnostic_combination,False,False,EFFECTIVE_INTERVENTION,3,3,0,0,0,3,1.0,1.0,3,3,deliverables/app_resource_constrained_extension_v1/results/summary/families.csv,row:182
WEBGL1-LOEO-v1-03,WB,App_memory4,App memory 4,rejected_diagnostic_combination,False,False,EFFECTIVE_INTERVENTION,3,3,0,0,0,3,1.0,1.0,3,3,deliverables/app_resource_constrained_extension_v1/results/summary/families.csv,row:183
WEBGL1-LOEO-v1-03,WB,Browser_resource16_48,Browser resources 16/48,rejected_diagnostic_combination,False,False,EFFECTIVE_INTERVENTION,3,3,0,0,0,3,1.0,1.0,3,3,deliverables/app_resource_constrained_extension_v1/results/summary/families.csv,row:184
WEBGL1-LOEO-v1-03,WB,Browser_memory4,Browser memory 4,rejected_diagnostic_combination,False,False,EFFECTIVE_INTERVENTION,3,3,0,0,0,3,1.0,1.0,3,3,deliverables/app_resource_constrained_extension_v1/results/summary/families.csv,row:185
WEBGL1-LOEO-v1-03,MWB,App_language,App language,rejected_diagnostic_combination,False,False,EFFECTIVE_INTERVENTION,2,0,2,0,0,2,0.0,1.0,0,2,deliverables/app_resource_constrained_extension_v1/results/summary/families.csv,row:186
WEBGL1-LOEO-v1-03,MWB,App_timezone,App timezone,rejected_diagnostic_combination,False,False,EFFECTIVE_INTERVENTION,2,2,0,0,0,2,1.0,1.0,2,2,deliverables/app_resource_constrained_extension_v1/results/summary/families.csv,row:187
WEBGL1-LOEO-v1-03,MWB,Browser_language,Browser language,rejected_diagnostic_combination,False,False,EFFECTIVE_INTERVENTION,5,0,5,0,0,5,0.0,1.0,0,5,deliverables/app_resource_constrained_extension_v1/results/summary/families.csv,row:188
WEBGL1-LOEO-v1-03,MWB,Browser_timezone,Browser timezone,rejected_diagnostic_combination,False,False,EFFECTIVE_INTERVENTION,5,5,0,0,0,5,1.0,1.0,5,5,deliverables/app_resource_constrained_extension_v1/results/summary/families.csv,row:189
WEBGL1-LOEO-v1-03,MWB,App_resource16_48,App resources 16/48,rejected_diagnostic_combination,False,False,EFFECTIVE_INTERVENTION,3,3,0,0,0,3,1.0,1.0,3,3,deliverables/app_resource_constrained_extension_v1/results/summary/families.csv,row:190
WEBGL1-LOEO-v1-03,MWB,App_memory4,App memory 4,rejected_diagnostic_combination,False,False,EFFECTIVE_INTERVENTION,3,3,0,0,0,3,1.0,1.0,3,3,deliverables/app_resource_constrained_extension_v1/results/summary/families.csv,row:191
WEBGL1-LOEO-v1-03,MWB,Browser_resource16_48,Browser resources 16/48,rejected_diagnostic_combination,False,False,EFFECTIVE_INTERVENTION,3,3,0,0,0,3,1.0,1.0,3,3,deliverables/app_resource_constrained_extension_v1/results/summary/families.csv,row:192
WEBGL1-LOEO-v1-03,MWB,Browser_memory4,Browser memory 4,rejected_diagnostic_combination,False,False,EFFECTIVE_INTERVENTION,3,3,0,0,0,3,1.0,1.0,3,3,deliverables/app_resource_constrained_extension_v1/results/summary/families.csv,row:193
