fold,base_model_id,set_id,method_short,method_role,feasible,selected,reasons,source_path,source_locator,N,T,F,U,FAILED,defined,rate,defined_rate,numerator,denominator,identity,cohort,alarm_budget,minimum_defined
WEBGL1-LOEO-v1-01,paired244-devext-c2e38381be26f0a91709871b,S0,S0,retained_complete_method,True,True,,deliverables/app_resource_constrained_extension_v1/results/candidate_checks.json,/0/normals/mtc_discovery,630,6,561,63,0,567,0.009523809523809525,0.9,6,630,NORMAL,mtc_discovery,31,567
WEBGL1-LOEO-v1-01,paired244-devext-c2e38381be26f0a91709871b,S0,S0,retained_complete_method,True,True,,deliverables/app_resource_constrained_extension_v1/results/candidate_checks.json,/0/normals/pilot18,12,0,12,0,0,12,0.0,1.0,0,12,NORMAL,pilot18,0,11
WEBGL1-LOEO-v1-01,paired244-devext-c2e38381be26f0a91709871b,S0,S0,retained_complete_method,True,True,,deliverables/app_resource_constrained_extension_v1/results/candidate_checks.json,/0/normals/b2b42,34,0,34,0,0,34,0.0,1.0,0,34,NORMAL,b2b42,1,31
WEBGL1-LOEO-v1-01,paired244-devext-c2e38381be26f0a91709871b,S0,S0,retained_complete_method,True,True,,deliverables/app_resource_constrained_extension_v1/results/candidate_checks.json,/0/normals/resource54,42,0,42,0,0,42,0.0,1.0,0,42,NORMAL,resource54,2,38
WEBGL1-LOEO-v1-01,paired244-devext-c2e38381be26f0a91709871b,M,S0 + M,rejected_diagnostic_combination,False,False,MODEL_DEFINED_COVERAGE:mtc_discovery,deliverables/app_resource_constrained_extension_v1/results/candidate_checks.json,/1/normals/mtc_discovery,630,8,552,70,0,560,0.012698412698412698,0.8888888888888888,8,630,NORMAL,mtc_discovery,31,567
WEBGL1-LOEO-v1-01,paired244-devext-c2e38381be26f0a91709871b,M,S0 + M,rejected_diagnostic_combination,False,False,MODEL_DEFINED_COVERAGE:mtc_discovery,deliverables/app_resource_constrained_extension_v1/results/candidate_checks.json,/1/normals/pilot18,12,0,12,0,0,12,0.0,1.0,0,12,NORMAL,pilot18,0,11
WEBGL1-LOEO-v1-01,paired244-devext-c2e38381be26f0a91709871b,M,S0 + M,rejected_diagnostic_combination,False,False,MODEL_DEFINED_COVERAGE:mtc_discovery,deliverables/app_resource_constrained_extension_v1/results/candidate_checks.json,/1/normals/b2b42,34,0,34,0,0,34,0.0,1.0,0,34,NORMAL,b2b42,1,31
WEBGL1-LOEO-v1-01,paired244-devext-c2e38381be26f0a91709871b,M,S0 + M,rejected_diagnostic_combination,False,False,MODEL_DEFINED_COVERAGE:mtc_discovery,deliverables/app_resource_constrained_extension_v1/results/candidate_checks.json,/1/normals/resource54,42,0,42,0,0,42,0.0,1.0,0,42,NORMAL,resource54,2,38
WEBGL1-LOEO-v1-01,paired244-devext-c2e38381be26f0a91709871b,B,S0 + B,rejected_diagnostic_combination,False,False,MODEL_DEFINED_COVERAGE:mtc_discovery,deliverables/app_resource_constrained_extension_v1/results/candidate_checks.json,/3/normals/mtc_discovery,630,6,554,70,0,560,0.009523809523809525,0.8888888888888888,6,630,NORMAL,mtc_discovery,31,567
WEBGL1-LOEO-v1-01,paired244-devext-c2e38381be26f0a91709871b,B,S0 + B,rejected_diagnostic_combination,False,False,MODEL_DEFINED_COVERAGE:mtc_discovery,deliverables/app_resource_constrained_extension_v1/results/candidate_checks.json,/3/normals/pilot18,12,0,12,0,0,12,0.0,1.0,0,12,NORMAL,pilot18,0,11
WEBGL1-LOEO-v1-01,paired244-devext-c2e38381be26f0a91709871b,B,S0 + B,rejected_diagnostic_combination,False,False,MODEL_DEFINED_COVERAGE:mtc_discovery,deliverables/app_resource_constrained_extension_v1/results/candidate_checks.json,/3/normals/b2b42,34,0,34,0,0,34,0.0,1.0,0,34,NORMAL,b2b42,1,31
WEBGL1-LOEO-v1-01,paired244-devext-c2e38381be26f0a91709871b,B,S0 + B,rejected_diagnostic_combination,False,False,MODEL_DEFINED_COVERAGE:mtc_discovery,deliverables/app_resource_constrained_extension_v1/results/candidate_checks.json,/3/normals/resource54,42,0,42,0,0,42,0.0,1.0,0,42,NORMAL,resource54,2,38
WEBGL1-LOEO-v1-01,paired244-devext-c2e38381be26f0a91709871b,W,S0 + W,rejected_diagnostic_combination,False,False,NORMAL_ALARM_BUDGET:mtc_discovery;MODEL_DEFINED_COVERAGE:mtc_discovery;CANDIDATE_COVERAGE:W,deliverables/app_resource_constrained_extension_v1/results/candidate_checks.json,/2/normals/mtc_discovery,630,46,514,70,0,560,0.07301587301587302,0.8888888888888888,46,630,NORMAL,mtc_discovery,31,567
WEBGL1-LOEO-v1-01,paired244-devext-c2e38381be26f0a91709871b,W,S0 + W,rejected_diagnostic_combination,False,False,NORMAL_ALARM_BUDGET:mtc_discovery;MODEL_DEFINED_COVERAGE:mtc_discovery;CANDIDATE_COVERAGE:W,deliverables/app_resource_constrained_extension_v1/results/candidate_checks.json,/2/normals/pilot18,12,0,12,0,0,12,0.0,1.0,0,12,NORMAL,pilot18,0,11
WEBGL1-LOEO-v1-01,paired244-devext-c2e38381be26f0a91709871b,W,S0 + W,rejected_diagnostic_combination,False,False,NORMAL_ALARM_BUDGET:mtc_discovery;MODEL_DEFINED_COVERAGE:mtc_discovery;CANDIDATE_COVERAGE:W,deliverables/app_resource_constrained_extension_v1/results/candidate_checks.json,/2/normals/b2b42,34,0,34,0,0,34,0.0,1.0,0,34,NORMAL,b2b42,1,31
WEBGL1-LOEO-v1-01,paired244-devext-c2e38381be26f0a91709871b,W,S0 + W,rejected_diagnostic_combination,False,False,NORMAL_ALARM_BUDGET:mtc_discovery;MODEL_DEFINED_COVERAGE:mtc_discovery;CANDIDATE_COVERAGE:W,deliverables/app_resource_constrained_extension_v1/results/candidate_checks.json,/2/normals/resource54,42,0,42,0,0,42,0.0,1.0,0,42,NORMAL,resource54,2,38
WEBGL1-LOEO-v1-01,paired244-devext-c2e38381be26f0a91709871b,MW,S0 + M + W,rejected_diagnostic_combination,False,False,NORMAL_ALARM_BUDGET:mtc_discovery;MODEL_DEFINED_COVERAGE:mtc_discovery;CANDIDATE_COVERAGE:W;RULE_BUDGET;COMPLEXITY_BUDGET,deliverables/app_resource_constrained_extension_v1/results/candidate_checks.json,/4/normals/mtc_discovery,630,46,514,70,0,560,0.07301587301587302,0.8888888888888888,46,630,NORMAL,mtc_discovery,31,567
WEBGL1-LOEO-v1-01,paired244-devext-c2e38381be26f0a91709871b,MW,S0 + M + W,rejected_diagnostic_combination,False,False,NORMAL_ALARM_BUDGET:mtc_discovery;MODEL_DEFINED_COVERAGE:mtc_discovery;CANDIDATE_COVERAGE:W;RULE_BUDGET;COMPLEXITY_BUDGET,deliverables/app_resource_constrained_extension_v1/results/candidate_checks.json,/4/normals/pilot18,12,0,12,0,0,12,0.0,1.0,0,12,NORMAL,pilot18,0,11
WEBGL1-LOEO-v1-01,paired244-devext-c2e38381be26f0a91709871b,MW,S0 + M + W,rejected_diagnostic_combination,False,False,NORMAL_ALARM_BUDGET:mtc_discovery;MODEL_DEFINED_COVERAGE:mtc_discovery;CANDIDATE_COVERAGE:W;RULE_BUDGET;COMPLEXITY_BUDGET,deliverables/app_resource_constrained_extension_v1/results/candidate_checks.json,/4/normals/b2b42,34,0,34,0,0,34,0.0,1.0,0,34,NORMAL,b2b42,1,31
WEBGL1-LOEO-v1-01,paired244-devext-c2e38381be26f0a91709871b,MW,S0 + M + W,rejected_diagnostic_combination,False,False,NORMAL_ALARM_BUDGET:mtc_discovery;MODEL_DEFINED_COVERAGE:mtc_discovery;CANDIDATE_COVERAGE:W;RULE_BUDGET;COMPLEXITY_BUDGET,deliverables/app_resource_constrained_extension_v1/results/candidate_checks.json,/4/normals/resource54,42,0,42,0,0,42,0.0,1.0,0,42,NORMAL,resource54,2,38
WEBGL1-LOEO-v1-01,paired244-devext-c2e38381be26f0a91709871b,MB,S0 + M + B,rejected_diagnostic_combination,False,False,MODEL_DEFINED_COVERAGE:mtc_discovery;RULE_BUDGET;COMPLEXITY_BUDGET,deliverables/app_resource_constrained_extension_v1/results/candidate_checks.json,/5/normals/mtc_discovery,630,8,552,70,0,560,0.012698412698412698,0.8888888888888888,8,630,NORMAL,mtc_discovery,31,567
WEBGL1-LOEO-v1-01,paired244-devext-c2e38381be26f0a91709871b,MB,S0 + M + B,rejected_diagnostic_combination,False,False,MODEL_DEFINED_COVERAGE:mtc_discovery;RULE_BUDGET;COMPLEXITY_BUDGET,deliverables/app_resource_constrained_extension_v1/results/candidate_checks.json,/5/normals/pilot18,12,0,12,0,0,12,0.0,1.0,0,12,NORMAL,pilot18,0,11
WEBGL1-LOEO-v1-01,paired244-devext-c2e38381be26f0a91709871b,MB,S0 + M + B,rejected_diagnostic_combination,False,False,MODEL_DEFINED_COVERAGE:mtc_discovery;RULE_BUDGET;COMPLEXITY_BUDGET,deliverables/app_resource_constrained_extension_v1/results/candidate_checks.json,/5/normals/b2b42,34,0,34,0,0,34,0.0,1.0,0,34,NORMAL,b2b42,1,31
WEBGL1-LOEO-v1-01,paired244-devext-c2e38381be26f0a91709871b,MB,S0 + M + B,rejected_diagnostic_combination,False,False,MODEL_DEFINED_COVERAGE:mtc_discovery;RULE_BUDGET;COMPLEXITY_BUDGET,deliverables/app_resource_constrained_extension_v1/results/candidate_checks.json,/5/normals/resource54,42,0,42,0,0,42,0.0,1.0,0,42,NORMAL,resource54,2,38
WEBGL1-LOEO-v1-01,paired244-devext-c2e38381be26f0a91709871b,WB,S0 + W + B,rejected_diagnostic_combination,False,False,NORMAL_ALARM_BUDGET:mtc_discovery;MODEL_DEFINED_COVERAGE:mtc_discovery;CANDIDATE_COVERAGE:W;RULE_BUDGET;COMPLEXITY_BUDGET,deliverables/app_resource_constrained_extension_v1/results/candidate_checks.json,/6/normals/mtc_discovery,630,46,514,70,0,560,0.07301587301587302,0.8888888888888888,46,630,NORMAL,mtc_discovery,31,567
WEBGL1-LOEO-v1-01,paired244-devext-c2e38381be26f0a91709871b,WB,S0 + W + B,rejected_diagnostic_combination,False,False,NORMAL_ALARM_BUDGET:mtc_discovery;MODEL_DEFINED_COVERAGE:mtc_discovery;CANDIDATE_COVERAGE:W;RULE_BUDGET;COMPLEXITY_BUDGET,deliverables/app_resource_constrained_extension_v1/results/candidate_checks.json,/6/normals/pilot18,12,0,12,0,0,12,0.0,1.0,0,12,NORMAL,pilot18,0,11
WEBGL1-LOEO-v1-01,paired244-devext-c2e38381be26f0a91709871b,WB,S0 + W + B,rejected_diagnostic_combination,False,False,NORMAL_ALARM_BUDGET:mtc_discovery;MODEL_DEFINED_COVERAGE:mtc_discovery;CANDIDATE_COVERAGE:W;RULE_BUDGET;COMPLEXITY_BUDGET,deliverables/app_resource_constrained_extension_v1/results/candidate_checks.json,/6/normals/b2b42,34,0,34,0,0,34,0.0,1.0,0,34,NORMAL,b2b42,1,31
WEBGL1-LOEO-v1-01,paired244-devext-c2e38381be26f0a91709871b,WB,S0 + W + B,rejected_diagnostic_combination,False,False,NORMAL_ALARM_BUDGET:mtc_discovery;MODEL_DEFINED_COVERAGE:mtc_discovery;CANDIDATE_COVERAGE:W;RULE_BUDGET;COMPLEXITY_BUDGET,deliverables/app_resource_constrained_extension_v1/results/candidate_checks.json,/6/normals/resource54,42,0,42,0,0,42,0.0,1.0,0,42,NORMAL,resource54,2,38
WEBGL1-LOEO-v1-01,paired244-devext-c2e38381be26f0a91709871b,MWB,S0 + M + W + B,rejected_diagnostic_combination,False,False,NORMAL_ALARM_BUDGET:mtc_discovery;MODEL_DEFINED_COVERAGE:mtc_discovery;CANDIDATE_COVERAGE:W;RULE_BUDGET;COMPLEXITY_BUDGET,deliverables/app_resource_constrained_extension_v1/results/candidate_checks.json,/7/normals/mtc_discovery,630,46,514,70,0,560,0.07301587301587302,0.8888888888888888,46,630,NORMAL,mtc_discovery,31,567
WEBGL1-LOEO-v1-01,paired244-devext-c2e38381be26f0a91709871b,MWB,S0 + M + W + B,rejected_diagnostic_combination,False,False,NORMAL_ALARM_BUDGET:mtc_discovery;MODEL_DEFINED_COVERAGE:mtc_discovery;CANDIDATE_COVERAGE:W;RULE_BUDGET;COMPLEXITY_BUDGET,deliverables/app_resource_constrained_extension_v1/results/candidate_checks.json,/7/normals/pilot18,12,0,12,0,0,12,0.0,1.0,0,12,NORMAL,pilot18,0,11
WEBGL1-LOEO-v1-01,paired244-devext-c2e38381be26f0a91709871b,MWB,S0 + M + W + B,rejected_diagnostic_combination,False,False,NORMAL_ALARM_BUDGET:mtc_discovery;MODEL_DEFINED_COVERAGE:mtc_discovery;CANDIDATE_COVERAGE:W;RULE_BUDGET;COMPLEXITY_BUDGET,deliverables/app_resource_constrained_extension_v1/results/candidate_checks.json,/7/normals/b2b42,34,0,34,0,0,34,0.0,1.0,0,34,NORMAL,b2b42,1,31
WEBGL1-LOEO-v1-01,paired244-devext-c2e38381be26f0a91709871b,MWB,S0 + M + W + B,rejected_diagnostic_combination,False,False,NORMAL_ALARM_BUDGET:mtc_discovery;MODEL_DEFINED_COVERAGE:mtc_discovery;CANDIDATE_COVERAGE:W;RULE_BUDGET;COMPLEXITY_BUDGET,deliverables/app_resource_constrained_extension_v1/results/candidate_checks.json,/7/normals/resource54,42,0,42,0,0,42,0.0,1.0,0,42,NORMAL,resource54,2,38
WEBGL1-LOEO-v1-02,paired244-devext-9688bfa5bc943c8095f94b46,S0,S0,retained_complete_method,True,True,,deliverables/app_resource_constrained_extension_v1/results/candidate_checks.json,/8/normals/mtc_discovery,630,6,561,63,0,567,0.009523809523809525,0.9,6,630,NORMAL,mtc_discovery,31,567
WEBGL1-LOEO-v1-02,paired244-devext-9688bfa5bc943c8095f94b46,S0,S0,retained_complete_method,True,True,,deliverables/app_resource_constrained_extension_v1/results/candidate_checks.json,/8/normals/pilot18,12,0,12,0,0,12,0.0,1.0,0,12,NORMAL,pilot18,0,11
WEBGL1-LOEO-v1-02,paired244-devext-9688bfa5bc943c8095f94b46,S0,S0,retained_complete_method,True,True,,deliverables/app_resource_constrained_extension_v1/results/candidate_checks.json,/8/normals/b2b42,34,0,34,0,0,34,0.0,1.0,0,34,NORMAL,b2b42,1,31
WEBGL1-LOEO-v1-02,paired244-devext-9688bfa5bc943c8095f94b46,S0,S0,retained_complete_method,True,True,,deliverables/app_resource_constrained_extension_v1/results/candidate_checks.json,/8/normals/resource54,42,0,42,0,0,42,0.0,1.0,0,42,NORMAL,resource54,2,38
WEBGL1-LOEO-v1-02,paired244-devext-9688bfa5bc943c8095f94b46,M,S0 + M,rejected_diagnostic_combination,False,False,MODEL_DEFINED_COVERAGE:mtc_discovery,deliverables/app_resource_constrained_extension_v1/results/candidate_checks.json,/9/normals/mtc_discovery,630,8,552,70,0,560,0.012698412698412698,0.8888888888888888,8,630,NORMAL,mtc_discovery,31,567
WEBGL1-LOEO-v1-02,paired244-devext-9688bfa5bc943c8095f94b46,M,S0 + M,rejected_diagnostic_combination,False,False,MODEL_DEFINED_COVERAGE:mtc_discovery,deliverables/app_resource_constrained_extension_v1/results/candidate_checks.json,/9/normals/pilot18,12,0,12,0,0,12,0.0,1.0,0,12,NORMAL,pilot18,0,11
WEBGL1-LOEO-v1-02,paired244-devext-9688bfa5bc943c8095f94b46,M,S0 + M,rejected_diagnostic_combination,False,False,MODEL_DEFINED_COVERAGE:mtc_discovery,deliverables/app_resource_constrained_extension_v1/results/candidate_checks.json,/9/normals/b2b42,34,0,34,0,0,34,0.0,1.0,0,34,NORMAL,b2b42,1,31
WEBGL1-LOEO-v1-02,paired244-devext-9688bfa5bc943c8095f94b46,M,S0 + M,rejected_diagnostic_combination,False,False,MODEL_DEFINED_COVERAGE:mtc_discovery,deliverables/app_resource_constrained_extension_v1/results/candidate_checks.json,/9/normals/resource54,42,0,42,0,0,42,0.0,1.0,0,42,NORMAL,resource54,2,38
WEBGL1-LOEO-v1-02,paired244-devext-9688bfa5bc943c8095f94b46,B,S0 + B,rejected_diagnostic_combination,False,False,MODEL_DEFINED_COVERAGE:mtc_discovery,deliverables/app_resource_constrained_extension_v1/results/candidate_checks.json,/11/normals/mtc_discovery,630,6,554,70,0,560,0.009523809523809525,0.8888888888888888,6,630,NORMAL,mtc_discovery,31,567
WEBGL1-LOEO-v1-02,paired244-devext-9688bfa5bc943c8095f94b46,B,S0 + B,rejected_diagnostic_combination,False,False,MODEL_DEFINED_COVERAGE:mtc_discovery,deliverables/app_resource_constrained_extension_v1/results/candidate_checks.json,/11/normals/pilot18,12,0,12,0,0,12,0.0,1.0,0,12,NORMAL,pilot18,0,11
WEBGL1-LOEO-v1-02,paired244-devext-9688bfa5bc943c8095f94b46,B,S0 + B,rejected_diagnostic_combination,False,False,MODEL_DEFINED_COVERAGE:mtc_discovery,deliverables/app_resource_constrained_extension_v1/results/candidate_checks.json,/11/normals/b2b42,34,0,34,0,0,34,0.0,1.0,0,34,NORMAL,b2b42,1,31
WEBGL1-LOEO-v1-02,paired244-devext-9688bfa5bc943c8095f94b46,B,S0 + B,rejected_diagnostic_combination,False,False,MODEL_DEFINED_COVERAGE:mtc_discovery,deliverables/app_resource_constrained_extension_v1/results/candidate_checks.json,/11/normals/resource54,42,0,42,0,0,42,0.0,1.0,0,42,NORMAL,resource54,2,38
WEBGL1-LOEO-v1-02,paired244-devext-9688bfa5bc943c8095f94b46,W,S0 + W,rejected_diagnostic_combination,False,False,NORMAL_ALARM_BUDGET:mtc_discovery;MODEL_DEFINED_COVERAGE:mtc_discovery;CANDIDATE_COVERAGE:W,deliverables/app_resource_constrained_extension_v1/results/candidate_checks.json,/10/normals/mtc_discovery,630,46,514,70,0,560,0.07301587301587302,0.8888888888888888,46,630,NORMAL,mtc_discovery,31,567
WEBGL1-LOEO-v1-02,paired244-devext-9688bfa5bc943c8095f94b46,W,S0 + W,rejected_diagnostic_combination,False,False,NORMAL_ALARM_BUDGET:mtc_discovery;MODEL_DEFINED_COVERAGE:mtc_discovery;CANDIDATE_COVERAGE:W,deliverables/app_resource_constrained_extension_v1/results/candidate_checks.json,/10/normals/pilot18,12,0,12,0,0,12,0.0,1.0,0,12,NORMAL,pilot18,0,11
WEBGL1-LOEO-v1-02,paired244-devext-9688bfa5bc943c8095f94b46,W,S0 + W,rejected_diagnostic_combination,False,False,NORMAL_ALARM_BUDGET:mtc_discovery;MODEL_DEFINED_COVERAGE:mtc_discovery;CANDIDATE_COVERAGE:W,deliverables/app_resource_constrained_extension_v1/results/candidate_checks.json,/10/normals/b2b42,34,0,34,0,0,34,0.0,1.0,0,34,NORMAL,b2b42,1,31
WEBGL1-LOEO-v1-02,paired244-devext-9688bfa5bc943c8095f94b46,W,S0 + W,rejected_diagnostic_combination,False,False,NORMAL_ALARM_BUDGET:mtc_discovery;MODEL_DEFINED_COVERAGE:mtc_discovery;CANDIDATE_COVERAGE:W,deliverables/app_resource_constrained_extension_v1/results/candidate_checks.json,/10/normals/resource54,42,0,42,0,0,42,0.0,1.0,0,42,NORMAL,resource54,2,38
WEBGL1-LOEO-v1-02,paired244-devext-9688bfa5bc943c8095f94b46,MW,S0 + M + W,rejected_diagnostic_combination,False,False,NORMAL_ALARM_BUDGET:mtc_discovery;MODEL_DEFINED_COVERAGE:mtc_discovery;CANDIDATE_COVERAGE:W;RULE_BUDGET;COMPLEXITY_BUDGET,deliverables/app_resource_constrained_extension_v1/results/candidate_checks.json,/12/normals/mtc_discovery,630,46,514,70,0,560,0.07301587301587302,0.8888888888888888,46,630,NORMAL,mtc_discovery,31,567
WEBGL1-LOEO-v1-02,paired244-devext-9688bfa5bc943c8095f94b46,MW,S0 + M + W,rejected_diagnostic_combination,False,False,NORMAL_ALARM_BUDGET:mtc_discovery;MODEL_DEFINED_COVERAGE:mtc_discovery;CANDIDATE_COVERAGE:W;RULE_BUDGET;COMPLEXITY_BUDGET,deliverables/app_resource_constrained_extension_v1/results/candidate_checks.json,/12/normals/pilot18,12,0,12,0,0,12,0.0,1.0,0,12,NORMAL,pilot18,0,11
WEBGL1-LOEO-v1-02,paired244-devext-9688bfa5bc943c8095f94b46,MW,S0 + M + W,rejected_diagnostic_combination,False,False,NORMAL_ALARM_BUDGET:mtc_discovery;MODEL_DEFINED_COVERAGE:mtc_discovery;CANDIDATE_COVERAGE:W;RULE_BUDGET;COMPLEXITY_BUDGET,deliverables/app_resource_constrained_extension_v1/results/candidate_checks.json,/12/normals/b2b42,34,0,34,0,0,34,0.0,1.0,0,34,NORMAL,b2b42,1,31
WEBGL1-LOEO-v1-02,paired244-devext-9688bfa5bc943c8095f94b46,MW,S0 + M + W,rejected_diagnostic_combination,False,False,NORMAL_ALARM_BUDGET:mtc_discovery;MODEL_DEFINED_COVERAGE:mtc_discovery;CANDIDATE_COVERAGE:W;RULE_BUDGET;COMPLEXITY_BUDGET,deliverables/app_resource_constrained_extension_v1/results/candidate_checks.json,/12/normals/resource54,42,0,42,0,0,42,0.0,1.0,0,42,NORMAL,resource54,2,38
WEBGL1-LOEO-v1-02,paired244-devext-9688bfa5bc943c8095f94b46,MB,S0 + M + B,rejected_diagnostic_combination,False,False,MODEL_DEFINED_COVERAGE:mtc_discovery;RULE_BUDGET;COMPLEXITY_BUDGET,deliverables/app_resource_constrained_extension_v1/results/candidate_checks.json,/13/normals/mtc_discovery,630,8,552,70,0,560,0.012698412698412698,0.8888888888888888,8,630,NORMAL,mtc_discovery,31,567
WEBGL1-LOEO-v1-02,paired244-devext-9688bfa5bc943c8095f94b46,MB,S0 + M + B,rejected_diagnostic_combination,False,False,MODEL_DEFINED_COVERAGE:mtc_discovery;RULE_BUDGET;COMPLEXITY_BUDGET,deliverables/app_resource_constrained_extension_v1/results/candidate_checks.json,/13/normals/pilot18,12,0,12,0,0,12,0.0,1.0,0,12,NORMAL,pilot18,0,11
WEBGL1-LOEO-v1-02,paired244-devext-9688bfa5bc943c8095f94b46,MB,S0 + M + B,rejected_diagnostic_combination,False,False,MODEL_DEFINED_COVERAGE:mtc_discovery;RULE_BUDGET;COMPLEXITY_BUDGET,deliverables/app_resource_constrained_extension_v1/results/candidate_checks.json,/13/normals/b2b42,34,0,34,0,0,34,0.0,1.0,0,34,NORMAL,b2b42,1,31
WEBGL1-LOEO-v1-02,paired244-devext-9688bfa5bc943c8095f94b46,MB,S0 + M + B,rejected_diagnostic_combination,False,False,MODEL_DEFINED_COVERAGE:mtc_discovery;RULE_BUDGET;COMPLEXITY_BUDGET,deliverables/app_resource_constrained_extension_v1/results/candidate_checks.json,/13/normals/resource54,42,0,42,0,0,42,0.0,1.0,0,42,NORMAL,resource54,2,38
WEBGL1-LOEO-v1-02,paired244-devext-9688bfa5bc943c8095f94b46,WB,S0 + W + B,rejected_diagnostic_combination,False,False,NORMAL_ALARM_BUDGET:mtc_discovery;MODEL_DEFINED_COVERAGE:mtc_discovery;CANDIDATE_COVERAGE:W;RULE_BUDGET;COMPLEXITY_BUDGET,deliverables/app_resource_constrained_extension_v1/results/candidate_checks.json,/14/normals/mtc_discovery,630,46,514,70,0,560,0.07301587301587302,0.8888888888888888,46,630,NORMAL,mtc_discovery,31,567
WEBGL1-LOEO-v1-02,paired244-devext-9688bfa5bc943c8095f94b46,WB,S0 + W + B,rejected_diagnostic_combination,False,False,NORMAL_ALARM_BUDGET:mtc_discovery;MODEL_DEFINED_COVERAGE:mtc_discovery;CANDIDATE_COVERAGE:W;RULE_BUDGET;COMPLEXITY_BUDGET,deliverables/app_resource_constrained_extension_v1/results/candidate_checks.json,/14/normals/pilot18,12,0,12,0,0,12,0.0,1.0,0,12,NORMAL,pilot18,0,11
WEBGL1-LOEO-v1-02,paired244-devext-9688bfa5bc943c8095f94b46,WB,S0 + W + B,rejected_diagnostic_combination,False,False,NORMAL_ALARM_BUDGET:mtc_discovery;MODEL_DEFINED_COVERAGE:mtc_discovery;CANDIDATE_COVERAGE:W;RULE_BUDGET;COMPLEXITY_BUDGET,deliverables/app_resource_constrained_extension_v1/results/candidate_checks.json,/14/normals/b2b42,34,0,34,0,0,34,0.0,1.0,0,34,NORMAL,b2b42,1,31
WEBGL1-LOEO-v1-02,paired244-devext-9688bfa5bc943c8095f94b46,WB,S0 + W + B,rejected_diagnostic_combination,False,False,NORMAL_ALARM_BUDGET:mtc_discovery;MODEL_DEFINED_COVERAGE:mtc_discovery;CANDIDATE_COVERAGE:W;RULE_BUDGET;COMPLEXITY_BUDGET,deliverables/app_resource_constrained_extension_v1/results/candidate_checks.json,/14/normals/resource54,42,0,42,0,0,42,0.0,1.0,0,42,NORMAL,resource54,2,38
WEBGL1-LOEO-v1-02,paired244-devext-9688bfa5bc943c8095f94b46,MWB,S0 + M + W + B,rejected_diagnostic_combination,False,False,NORMAL_ALARM_BUDGET:mtc_discovery;MODEL_DEFINED_COVERAGE:mtc_discovery;CANDIDATE_COVERAGE:W;RULE_BUDGET;COMPLEXITY_BUDGET,deliverables/app_resource_constrained_extension_v1/results/candidate_checks.json,/15/normals/mtc_discovery,630,46,514,70,0,560,0.07301587301587302,0.8888888888888888,46,630,NORMAL,mtc_discovery,31,567
WEBGL1-LOEO-v1-02,paired244-devext-9688bfa5bc943c8095f94b46,MWB,S0 + M + W + B,rejected_diagnostic_combination,False,False,NORMAL_ALARM_BUDGET:mtc_discovery;MODEL_DEFINED_COVERAGE:mtc_discovery;CANDIDATE_COVERAGE:W;RULE_BUDGET;COMPLEXITY_BUDGET,deliverables/app_resource_constrained_extension_v1/results/candidate_checks.json,/15/normals/pilot18,12,0,12,0,0,12,0.0,1.0,0,12,NORMAL,pilot18,0,11
WEBGL1-LOEO-v1-02,paired244-devext-9688bfa5bc943c8095f94b46,MWB,S0 + M + W + B,rejected_diagnostic_combination,False,False,NORMAL_ALARM_BUDGET:mtc_discovery;MODEL_DEFINED_COVERAGE:mtc_discovery;CANDIDATE_COVERAGE:W;RULE_BUDGET;COMPLEXITY_BUDGET,deliverables/app_resource_constrained_extension_v1/results/candidate_checks.json,/15/normals/b2b42,34,0,34,0,0,34,0.0,1.0,0,34,NORMAL,b2b42,1,31
WEBGL1-LOEO-v1-02,paired244-devext-9688bfa5bc943c8095f94b46,MWB,S0 + M + W + B,rejected_diagnostic_combination,False,False,NORMAL_ALARM_BUDGET:mtc_discovery;MODEL_DEFINED_COVERAGE:mtc_discovery;CANDIDATE_COVERAGE:W;RULE_BUDGET;COMPLEXITY_BUDGET,deliverables/app_resource_constrained_extension_v1/results/candidate_checks.json,/15/normals/resource54,42,0,42,0,0,42,0.0,1.0,0,42,NORMAL,resource54,2,38
WEBGL1-LOEO-v1-03,paired244-devext-09060772f27998b093caaea7,S0,S0,retained_complete_method,True,True,,deliverables/app_resource_constrained_extension_v1/results/candidate_checks.json,/16/normals/mtc_discovery,630,0,567,63,0,567,0.0,0.9,0,630,NORMAL,mtc_discovery,31,567
WEBGL1-LOEO-v1-03,paired244-devext-09060772f27998b093caaea7,S0,S0,retained_complete_method,True,True,,deliverables/app_resource_constrained_extension_v1/results/candidate_checks.json,/16/normals/pilot18,12,0,12,0,0,12,0.0,1.0,0,12,NORMAL,pilot18,0,11
WEBGL1-LOEO-v1-03,paired244-devext-09060772f27998b093caaea7,S0,S0,retained_complete_method,True,True,,deliverables/app_resource_constrained_extension_v1/results/candidate_checks.json,/16/normals/b2b42,34,0,34,0,0,34,0.0,1.0,0,34,NORMAL,b2b42,1,31
WEBGL1-LOEO-v1-03,paired244-devext-09060772f27998b093caaea7,S0,S0,retained_complete_method,True,True,,deliverables/app_resource_constrained_extension_v1/results/candidate_checks.json,/16/normals/resource54,42,0,42,0,0,42,0.0,1.0,0,42,NORMAL,resource54,2,38
WEBGL1-LOEO-v1-03,paired244-devext-09060772f27998b093caaea7,M,S0 + M,rejected_diagnostic_combination,False,False,MODEL_DEFINED_COVERAGE:mtc_discovery,deliverables/app_resource_constrained_extension_v1/results/candidate_checks.json,/17/normals/mtc_discovery,630,2,558,70,0,560,0.0031746031746031746,0.8888888888888888,2,630,NORMAL,mtc_discovery,31,567
WEBGL1-LOEO-v1-03,paired244-devext-09060772f27998b093caaea7,M,S0 + M,rejected_diagnostic_combination,False,False,MODEL_DEFINED_COVERAGE:mtc_discovery,deliverables/app_resource_constrained_extension_v1/results/candidate_checks.json,/17/normals/pilot18,12,0,12,0,0,12,0.0,1.0,0,12,NORMAL,pilot18,0,11
WEBGL1-LOEO-v1-03,paired244-devext-09060772f27998b093caaea7,M,S0 + M,rejected_diagnostic_combination,False,False,MODEL_DEFINED_COVERAGE:mtc_discovery,deliverables/app_resource_constrained_extension_v1/results/candidate_checks.json,/17/normals/b2b42,34,0,34,0,0,34,0.0,1.0,0,34,NORMAL,b2b42,1,31
WEBGL1-LOEO-v1-03,paired244-devext-09060772f27998b093caaea7,M,S0 + M,rejected_diagnostic_combination,False,False,MODEL_DEFINED_COVERAGE:mtc_discovery,deliverables/app_resource_constrained_extension_v1/results/candidate_checks.json,/17/normals/resource54,42,0,42,0,0,42,0.0,1.0,0,42,NORMAL,resource54,2,38
WEBGL1-LOEO-v1-03,paired244-devext-09060772f27998b093caaea7,B,S0 + B,rejected_diagnostic_combination,False,False,MODEL_DEFINED_COVERAGE:mtc_discovery,deliverables/app_resource_constrained_extension_v1/results/candidate_checks.json,/19/normals/mtc_discovery,630,0,560,70,0,560,0.0,0.8888888888888888,0,630,NORMAL,mtc_discovery,31,567
WEBGL1-LOEO-v1-03,paired244-devext-09060772f27998b093caaea7,B,S0 + B,rejected_diagnostic_combination,False,False,MODEL_DEFINED_COVERAGE:mtc_discovery,deliverables/app_resource_constrained_extension_v1/results/candidate_checks.json,/19/normals/pilot18,12,0,12,0,0,12,0.0,1.0,0,12,NORMAL,pilot18,0,11
WEBGL1-LOEO-v1-03,paired244-devext-09060772f27998b093caaea7,B,S0 + B,rejected_diagnostic_combination,False,False,MODEL_DEFINED_COVERAGE:mtc_discovery,deliverables/app_resource_constrained_extension_v1/results/candidate_checks.json,/19/normals/b2b42,34,0,34,0,0,34,0.0,1.0,0,34,NORMAL,b2b42,1,31
WEBGL1-LOEO-v1-03,paired244-devext-09060772f27998b093caaea7,B,S0 + B,rejected_diagnostic_combination,False,False,MODEL_DEFINED_COVERAGE:mtc_discovery,deliverables/app_resource_constrained_extension_v1/results/candidate_checks.json,/19/normals/resource54,42,0,42,0,0,42,0.0,1.0,0,42,NORMAL,resource54,2,38
WEBGL1-LOEO-v1-03,paired244-devext-09060772f27998b093caaea7,W,S0 + W,rejected_diagnostic_combination,False,False,NORMAL_ALARM_BUDGET:mtc_discovery;MODEL_DEFINED_COVERAGE:mtc_discovery;CANDIDATE_COVERAGE:W,deliverables/app_resource_constrained_extension_v1/results/candidate_checks.json,/18/normals/mtc_discovery,630,40,520,70,0,560,0.06349206349206349,0.8888888888888888,40,630,NORMAL,mtc_discovery,31,567
WEBGL1-LOEO-v1-03,paired244-devext-09060772f27998b093caaea7,W,S0 + W,rejected_diagnostic_combination,False,False,NORMAL_ALARM_BUDGET:mtc_discovery;MODEL_DEFINED_COVERAGE:mtc_discovery;CANDIDATE_COVERAGE:W,deliverables/app_resource_constrained_extension_v1/results/candidate_checks.json,/18/normals/pilot18,12,0,12,0,0,12,0.0,1.0,0,12,NORMAL,pilot18,0,11
WEBGL1-LOEO-v1-03,paired244-devext-09060772f27998b093caaea7,W,S0 + W,rejected_diagnostic_combination,False,False,NORMAL_ALARM_BUDGET:mtc_discovery;MODEL_DEFINED_COVERAGE:mtc_discovery;CANDIDATE_COVERAGE:W,deliverables/app_resource_constrained_extension_v1/results/candidate_checks.json,/18/normals/b2b42,34,0,34,0,0,34,0.0,1.0,0,34,NORMAL,b2b42,1,31
WEBGL1-LOEO-v1-03,paired244-devext-09060772f27998b093caaea7,W,S0 + W,rejected_diagnostic_combination,False,False,NORMAL_ALARM_BUDGET:mtc_discovery;MODEL_DEFINED_COVERAGE:mtc_discovery;CANDIDATE_COVERAGE:W,deliverables/app_resource_constrained_extension_v1/results/candidate_checks.json,/18/normals/resource54,42,0,42,0,0,42,0.0,1.0,0,42,NORMAL,resource54,2,38
WEBGL1-LOEO-v1-03,paired244-devext-09060772f27998b093caaea7,MW,S0 + M + W,rejected_diagnostic_combination,False,False,NORMAL_ALARM_BUDGET:mtc_discovery;MODEL_DEFINED_COVERAGE:mtc_discovery;CANDIDATE_COVERAGE:W,deliverables/app_resource_constrained_extension_v1/results/candidate_checks.json,/20/normals/mtc_discovery,630,40,520,70,0,560,0.06349206349206349,0.8888888888888888,40,630,NORMAL,mtc_discovery,31,567
WEBGL1-LOEO-v1-03,paired244-devext-09060772f27998b093caaea7,MW,S0 + M + W,rejected_diagnostic_combination,False,False,NORMAL_ALARM_BUDGET:mtc_discovery;MODEL_DEFINED_COVERAGE:mtc_discovery;CANDIDATE_COVERAGE:W,deliverables/app_resource_constrained_extension_v1/results/candidate_checks.json,/20/normals/pilot18,12,0,12,0,0,12,0.0,1.0,0,12,NORMAL,pilot18,0,11
WEBGL1-LOEO-v1-03,paired244-devext-09060772f27998b093caaea7,MW,S0 + M + W,rejected_diagnostic_combination,False,False,NORMAL_ALARM_BUDGET:mtc_discovery;MODEL_DEFINED_COVERAGE:mtc_discovery;CANDIDATE_COVERAGE:W,deliverables/app_resource_constrained_extension_v1/results/candidate_checks.json,/20/normals/b2b42,34,0,34,0,0,34,0.0,1.0,0,34,NORMAL,b2b42,1,31
WEBGL1-LOEO-v1-03,paired244-devext-09060772f27998b093caaea7,MW,S0 + M + W,rejected_diagnostic_combination,False,False,NORMAL_ALARM_BUDGET:mtc_discovery;MODEL_DEFINED_COVERAGE:mtc_discovery;CANDIDATE_COVERAGE:W,deliverables/app_resource_constrained_extension_v1/results/candidate_checks.json,/20/normals/resource54,42,0,42,0,0,42,0.0,1.0,0,42,NORMAL,resource54,2,38
WEBGL1-LOEO-v1-03,paired244-devext-09060772f27998b093caaea7,MB,S0 + M + B,rejected_diagnostic_combination,False,False,MODEL_DEFINED_COVERAGE:mtc_discovery,deliverables/app_resource_constrained_extension_v1/results/candidate_checks.json,/21/normals/mtc_discovery,630,2,558,70,0,560,0.0031746031746031746,0.8888888888888888,2,630,NORMAL,mtc_discovery,31,567
WEBGL1-LOEO-v1-03,paired244-devext-09060772f27998b093caaea7,MB,S0 + M + B,rejected_diagnostic_combination,False,False,MODEL_DEFINED_COVERAGE:mtc_discovery,deliverables/app_resource_constrained_extension_v1/results/candidate_checks.json,/21/normals/pilot18,12,0,12,0,0,12,0.0,1.0,0,12,NORMAL,pilot18,0,11
WEBGL1-LOEO-v1-03,paired244-devext-09060772f27998b093caaea7,MB,S0 + M + B,rejected_diagnostic_combination,False,False,MODEL_DEFINED_COVERAGE:mtc_discovery,deliverables/app_resource_constrained_extension_v1/results/candidate_checks.json,/21/normals/b2b42,34,0,34,0,0,34,0.0,1.0,0,34,NORMAL,b2b42,1,31
WEBGL1-LOEO-v1-03,paired244-devext-09060772f27998b093caaea7,MB,S0 + M + B,rejected_diagnostic_combination,False,False,MODEL_DEFINED_COVERAGE:mtc_discovery,deliverables/app_resource_constrained_extension_v1/results/candidate_checks.json,/21/normals/resource54,42,0,42,0,0,42,0.0,1.0,0,42,NORMAL,resource54,2,38
WEBGL1-LOEO-v1-03,paired244-devext-09060772f27998b093caaea7,WB,S0 + W + B,rejected_diagnostic_combination,False,False,NORMAL_ALARM_BUDGET:mtc_discovery;MODEL_DEFINED_COVERAGE:mtc_discovery;CANDIDATE_COVERAGE:W,deliverables/app_resource_constrained_extension_v1/results/candidate_checks.json,/22/normals/mtc_discovery,630,40,520,70,0,560,0.06349206349206349,0.8888888888888888,40,630,NORMAL,mtc_discovery,31,567
WEBGL1-LOEO-v1-03,paired244-devext-09060772f27998b093caaea7,WB,S0 + W + B,rejected_diagnostic_combination,False,False,NORMAL_ALARM_BUDGET:mtc_discovery;MODEL_DEFINED_COVERAGE:mtc_discovery;CANDIDATE_COVERAGE:W,deliverables/app_resource_constrained_extension_v1/results/candidate_checks.json,/22/normals/pilot18,12,0,12,0,0,12,0.0,1.0,0,12,NORMAL,pilot18,0,11
WEBGL1-LOEO-v1-03,paired244-devext-09060772f27998b093caaea7,WB,S0 + W + B,rejected_diagnostic_combination,False,False,NORMAL_ALARM_BUDGET:mtc_discovery;MODEL_DEFINED_COVERAGE:mtc_discovery;CANDIDATE_COVERAGE:W,deliverables/app_resource_constrained_extension_v1/results/candidate_checks.json,/22/normals/b2b42,34,0,34,0,0,34,0.0,1.0,0,34,NORMAL,b2b42,1,31
WEBGL1-LOEO-v1-03,paired244-devext-09060772f27998b093caaea7,WB,S0 + W + B,rejected_diagnostic_combination,False,False,NORMAL_ALARM_BUDGET:mtc_discovery;MODEL_DEFINED_COVERAGE:mtc_discovery;CANDIDATE_COVERAGE:W,deliverables/app_resource_constrained_extension_v1/results/candidate_checks.json,/22/normals/resource54,42,0,42,0,0,42,0.0,1.0,0,42,NORMAL,resource54,2,38
WEBGL1-LOEO-v1-03,paired244-devext-09060772f27998b093caaea7,MWB,S0 + M + W + B,rejected_diagnostic_combination,False,False,NORMAL_ALARM_BUDGET:mtc_discovery;MODEL_DEFINED_COVERAGE:mtc_discovery;CANDIDATE_COVERAGE:W;RULE_BUDGET;COMPLEXITY_BUDGET,deliverables/app_resource_constrained_extension_v1/results/candidate_checks.json,/23/normals/mtc_discovery,630,40,520,70,0,560,0.06349206349206349,0.8888888888888888,40,630,NORMAL,mtc_discovery,31,567
WEBGL1-LOEO-v1-03,paired244-devext-09060772f27998b093caaea7,MWB,S0 + M + W + B,rejected_diagnostic_combination,False,False,NORMAL_ALARM_BUDGET:mtc_discovery;MODEL_DEFINED_COVERAGE:mtc_discovery;CANDIDATE_COVERAGE:W;RULE_BUDGET;COMPLEXITY_BUDGET,deliverables/app_resource_constrained_extension_v1/results/candidate_checks.json,/23/normals/pilot18,12,0,12,0,0,12,0.0,1.0,0,12,NORMAL,pilot18,0,11
WEBGL1-LOEO-v1-03,paired244-devext-09060772f27998b093caaea7,MWB,S0 + M + W + B,rejected_diagnostic_combination,False,False,NORMAL_ALARM_BUDGET:mtc_discovery;MODEL_DEFINED_COVERAGE:mtc_discovery;CANDIDATE_COVERAGE:W;RULE_BUDGET;COMPLEXITY_BUDGET,deliverables/app_resource_constrained_extension_v1/results/candidate_checks.json,/23/normals/b2b42,34,0,34,0,0,34,0.0,1.0,0,34,NORMAL,b2b42,1,31
WEBGL1-LOEO-v1-03,paired244-devext-09060772f27998b093caaea7,MWB,S0 + M + W + B,rejected_diagnostic_combination,False,False,NORMAL_ALARM_BUDGET:mtc_discovery;MODEL_DEFINED_COVERAGE:mtc_discovery;CANDIDATE_COVERAGE:W;RULE_BUDGET;COMPLEXITY_BUDGET,deliverables/app_resource_constrained_extension_v1/results/candidate_checks.json,/23/normals/resource54,42,0,42,0,0,42,0.0,1.0,0,42,NORMAL,resource54,2,38
