id,source,target,points,kind,evidence,visible,meaning
app_current,app_observation,app_interface,"[[81, 24.5], [92, 24.5], [92, 57], [139, 57], [139, 60]]",measurement,"[{""path"": ""hybridguard_agent/research/rule_learning/predictor.py"", ""locator"": ""lines 1, 24-37""}, {""path"": ""deliverables/cross_endpoint_constrained_extension_v1/inference.py"", ""locator"": ""lines 1, 10-23, 28-36""}, {""path"": ""deliverables/cross_endpoint_constrained_extension_v1/inference.py"", ""locator"": ""lines 10-36""}, {""path"": ""deliverables/cross_endpoint_constrained_extension_v1/selector.py"", ""locator"": ""lines 14-20""}, {""path"": ""deliverables/cross_endpoint_constrained_extension_v1/PROTOCOL.md"", ""locator"": ""line 9""}]",,
app_association,app_observation,bound_pair,"[[92, 44.5], [103, 44.5]]",measurement_branch,"[{""path"": ""hybridguard_agent/scripts/build_latest_paired244_snapshot.py"", ""locator"": ""load_catalog lines 205-229; App binding lines 488-511; pair binding lines 540-622""}, {""path"": ""deliverables/timezone_relation_validation_v1/SEMANTICS.md"", ""locator"": ""lines 7-18""}, {""path"": ""hybridguard_agent/evidence/paired244.py"", ""locator"": ""lines 1-6""}]",,
browser_association,browser_observation,bound_pair,"[[139, 33], [139, 37]]",measurement,"[{""path"": ""hybridguard_agent/scripts/build_latest_paired244_snapshot.py"", ""locator"": ""load_catalog lines 205-229; App binding lines 488-511; pair binding lines 540-622""}, {""path"": ""deliverables/timezone_relation_validation_v1/SEMANTICS.md"", ""locator"": ""lines 7-18""}, {""path"": ""hybridguard_agent/evidence/paired244.py"", ""locator"": ""lines 1-6""}]",,
pair_current,bound_pair,paired_interface,"[[175, 44.5], [179, 44.5], [179, 107], [175, 107]]",measurement,"[{""path"": ""hybridguard_agent/research/rule_learning/predictor.py"", ""locator"": ""lines 1, 24-37""}, {""path"": ""deliverables/cross_endpoint_constrained_extension_v1/inference.py"", ""locator"": ""lines 1, 10-23, 28-36""}, {""path"": ""deliverables/cross_endpoint_constrained_extension_v1/inference.py"", ""locator"": ""lines 10-36""}, {""path"": ""deliverables/cross_endpoint_constrained_extension_v1/selector.py"", ""locator"": ""lines 14-20""}, {""path"": ""deliverables/cross_endpoint_constrained_extension_v1/PROTOCOL.md"", ""locator"": ""line 9""}]",,
load_app,app_selection,app_interface,"[[81, 71.5], [103, 71.5]]",model,"[{""path"": ""deliverables/timezone_relation_validation_v1/models.json"", ""locator"": ""/models/1, /models/3, /models/5; stage=RETENTION; selected_clauses""}, {""path"": ""deliverables/app177_core_ablation_v1/REPORT.md"", ""locator"": ""lines 26, 31-34""}, {""path"": ""deliverables/cross_endpoint_constrained_extension_v1/inference.py"", ""locator"": ""lines 10-36""}, {""path"": ""deliverables/cross_endpoint_constrained_extension_v1/selector.py"", ""locator"": ""lines 14-20""}, {""path"": ""deliverables/cross_endpoint_constrained_extension_v1/PROTOCOL.md"", ""locator"": ""line 9""}]",,
freeze_app,app_selection,paired_selection,"[[43, 83], [43, 96]]",model,"[{""path"": ""deliverables/cross_endpoint_constrained_extension_v1/PROTOCOL.md"", ""locator"": ""lines 3-7, 11, 15""}, {""path"": ""deliverables/cross_endpoint_constrained_extension_v1/results/models.json"", ""locator"": ""/0/extensions, /1/extensions, /2/extensions = [C1]; /0..2/status = SELECTED_EXTENSION""}, {""path"": ""deliverables/browser67_cross_endpoint_diagnostic_v1/conditions.py"", ""locator"": ""lines 5-11, 27-40""}]",,
load_pair,paired_selection,paired_interface,"[[81, 107], [103, 107]]",model,"[{""path"": ""deliverables/cross_endpoint_constrained_extension_v1/results/models.json"", ""locator"": ""/0/extensions, /1/extensions, /2/extensions = [C1]; /0..2/status = SELECTED_EXTENSION""}, {""path"": ""deliverables/browser67_cross_endpoint_diagnostic_v1/conditions.py"", ""locator"": ""lines 5-11, 27-40""}, {""path"": ""deliverables/cross_endpoint_constrained_extension_v1/inference.py"", ""locator"": ""lines 10-36""}, {""path"": ""deliverables/cross_endpoint_constrained_extension_v1/selector.py"", ""locator"": ""lines 14-20""}, {""path"": ""deliverables/cross_endpoint_constrained_extension_v1/PROTOCOL.md"", ""locator"": ""line 9""}]",,
app_constraints,constraints,app_selection,"[[20, 124], [20, 121], [2, 121], [2, 71.5], [5, 71.5]]",constraint,"[{""path"": ""deliverables/app177_core_ablation_v1/REPORT.md"", ""locator"": ""lines 28-29""}, {""path"": ""deliverables/cross_endpoint_constrained_extension_v1/PROTOCOL.md"", ""locator"": ""lines 7-11""}, {""path"": ""deliverables/app_resource_constrained_extension_v1/REPORT.md"", ""locator"": ""lines 20-24""}]",,
pair_constraints,constraints,paired_selection,"[[20, 121], [20, 118]]",constraint_branch,"[{""path"": ""deliverables/app177_core_ablation_v1/REPORT.md"", ""locator"": ""lines 28-29""}, {""path"": ""deliverables/cross_endpoint_constrained_extension_v1/PROTOCOL.md"", ""locator"": ""lines 7-11""}, {""path"": ""deliverables/app_resource_constrained_extension_v1/REPORT.md"", ""locator"": ""lines 20-24""}]",,
,app_selection,historical_evaluation,,,"[{""path"": ""deliverables/app177_core_ablation_v1/REPORT.md"", ""locator"": ""lines 11-12""}, {""path"": ""deliverables/cross_endpoint_constrained_extension_v1/PROTOCOL.md"", ""locator"": ""line 5""}, {""path"": ""deliverables/timezone_relation_validation_v1/models.json"", ""locator"": ""/models/1, /models/3, /models/5; stage=RETENTION; selected_clauses""}, {""path"": ""deliverables/app177_core_ablation_v1/REPORT.md"", ""locator"": ""lines 26, 31-34""}]",False,"Frozen App models → historical MTC144/117 evaluation only; no feedback to training, not a new blind test."
