cohort,scenario,phase,clock,capture_orchestration_seconds,app_navigation_to_pair_complete_seconds,settings_workflow_seconds,explicit_preference_persistence_wait_seconds,pure_probe_duration,scope,record,source,source_row,clock_scope,timestamps_and_identifiers
pilot18,language_fr,clean_pre,runner_host_UTC_wall_clock,9.027,,,0,NOT_RECORDED,"same-host wall-clock orchestration, includes UI/controls/upload/polling/restoration; not pure probe, not client-server subtraction",C01,deliverables/prepaper_evidence_closeout_v1/existing_times/collection_log_intervals.csv,2,same runner host for the saved endpoints; no cross-host subtraction,not copied; source CSV row locator retained
pilot18,language_fr,attack_active,runner_host_UTC_wall_clock,9.602,,,0,NOT_RECORDED,"same-host wall-clock orchestration, includes UI/controls/upload/polling/restoration; not pure probe, not client-server subtraction",C02,deliverables/prepaper_evidence_closeout_v1/existing_times/collection_log_intervals.csv,3,same runner host for the saved endpoints; no cross-host subtraction,not copied; source CSV row locator retained
pilot18,language_fr,clean_post,runner_host_UTC_wall_clock,10.781,,,0,NOT_RECORDED,"same-host wall-clock orchestration, includes UI/controls/upload/polling/restoration; not pure probe, not client-server subtraction",C03,deliverables/prepaper_evidence_closeout_v1/existing_times/collection_log_intervals.csv,4,same runner host for the saved endpoints; no cross-host subtraction,not copied; source CSV row locator retained
pilot18,language_fr,clean_pre,runner_host_UTC_wall_clock,11.161,,,0,NOT_RECORDED,"same-host wall-clock orchestration, includes UI/controls/upload/polling/restoration; not pure probe, not client-server subtraction",C04,deliverables/prepaper_evidence_closeout_v1/existing_times/collection_log_intervals.csv,5,same runner host for the saved endpoints; no cross-host subtraction,not copied; source CSV row locator retained
pilot18,language_fr,attack_active,runner_host_UTC_wall_clock,11.431,,,0,NOT_RECORDED,"same-host wall-clock orchestration, includes UI/controls/upload/polling/restoration; not pure probe, not client-server subtraction",C05,deliverables/prepaper_evidence_closeout_v1/existing_times/collection_log_intervals.csv,6,same runner host for the saved endpoints; no cross-host subtraction,not copied; source CSV row locator retained
pilot18,language_fr,clean_post,runner_host_UTC_wall_clock,12.692,,,0,NOT_RECORDED,"same-host wall-clock orchestration, includes UI/controls/upload/polling/restoration; not pure probe, not client-server subtraction",C06,deliverables/prepaper_evidence_closeout_v1/existing_times/collection_log_intervals.csv,7,same runner host for the saved endpoints; no cross-host subtraction,not copied; source CSV row locator retained
pilot18,language_fr,clean_pre,runner_host_UTC_wall_clock,11.054,,,0,NOT_RECORDED,"same-host wall-clock orchestration, includes UI/controls/upload/polling/restoration; not pure probe, not client-server subtraction",C07,deliverables/prepaper_evidence_closeout_v1/existing_times/collection_log_intervals.csv,8,same runner host for the saved endpoints; no cross-host subtraction,not copied; source CSV row locator retained
pilot18,language_fr,attack_active,runner_host_UTC_wall_clock,11.423,,,0,NOT_RECORDED,"same-host wall-clock orchestration, includes UI/controls/upload/polling/restoration; not pure probe, not client-server subtraction",C08,deliverables/prepaper_evidence_closeout_v1/existing_times/collection_log_intervals.csv,9,same runner host for the saved endpoints; no cross-host subtraction,not copied; source CSV row locator retained
pilot18,language_fr,clean_post,runner_host_UTC_wall_clock,11.229,,,0,NOT_RECORDED,"same-host wall-clock orchestration, includes UI/controls/upload/polling/restoration; not pure probe, not client-server subtraction",C09,deliverables/prepaper_evidence_closeout_v1/existing_times/collection_log_intervals.csv,10,same runner host for the saved endpoints; no cross-host subtraction,not copied; source CSV row locator retained
pilot18,timezone_tokyo,clean_pre,runner_host_UTC_wall_clock,11.9,,,0,NOT_RECORDED,"same-host wall-clock orchestration, includes UI/controls/upload/polling/restoration; not pure probe, not client-server subtraction",C10,deliverables/prepaper_evidence_closeout_v1/existing_times/collection_log_intervals.csv,11,same runner host for the saved endpoints; no cross-host subtraction,not copied; source CSV row locator retained
pilot18,timezone_tokyo,attack_active,runner_host_UTC_wall_clock,10.13,,,0,NOT_RECORDED,"same-host wall-clock orchestration, includes UI/controls/upload/polling/restoration; not pure probe, not client-server subtraction",C11,deliverables/prepaper_evidence_closeout_v1/existing_times/collection_log_intervals.csv,12,same runner host for the saved endpoints; no cross-host subtraction,not copied; source CSV row locator retained
pilot18,timezone_tokyo,clean_post,runner_host_UTC_wall_clock,10.569,,,0,NOT_RECORDED,"same-host wall-clock orchestration, includes UI/controls/upload/polling/restoration; not pure probe, not client-server subtraction",C12,deliverables/prepaper_evidence_closeout_v1/existing_times/collection_log_intervals.csv,13,same runner host for the saved endpoints; no cross-host subtraction,not copied; source CSV row locator retained
pilot18,timezone_tokyo,clean_pre,runner_host_UTC_wall_clock,10.785,,,0,NOT_RECORDED,"same-host wall-clock orchestration, includes UI/controls/upload/polling/restoration; not pure probe, not client-server subtraction",C13,deliverables/prepaper_evidence_closeout_v1/existing_times/collection_log_intervals.csv,14,same runner host for the saved endpoints; no cross-host subtraction,not copied; source CSV row locator retained
pilot18,timezone_tokyo,attack_active,runner_host_UTC_wall_clock,10.214,,,0,NOT_RECORDED,"same-host wall-clock orchestration, includes UI/controls/upload/polling/restoration; not pure probe, not client-server subtraction",C14,deliverables/prepaper_evidence_closeout_v1/existing_times/collection_log_intervals.csv,15,same runner host for the saved endpoints; no cross-host subtraction,not copied; source CSV row locator retained
pilot18,timezone_tokyo,clean_post,runner_host_UTC_wall_clock,10.087,,,0,NOT_RECORDED,"same-host wall-clock orchestration, includes UI/controls/upload/polling/restoration; not pure probe, not client-server subtraction",C15,deliverables/prepaper_evidence_closeout_v1/existing_times/collection_log_intervals.csv,16,same runner host for the saved endpoints; no cross-host subtraction,not copied; source CSV row locator retained
pilot18,timezone_tokyo,clean_pre,runner_host_UTC_wall_clock,10.213,,,0,NOT_RECORDED,"same-host wall-clock orchestration, includes UI/controls/upload/polling/restoration; not pure probe, not client-server subtraction",C16,deliverables/prepaper_evidence_closeout_v1/existing_times/collection_log_intervals.csv,17,same runner host for the saved endpoints; no cross-host subtraction,not copied; source CSV row locator retained
pilot18,timezone_tokyo,attack_active,runner_host_UTC_wall_clock,10.285,,,0,NOT_RECORDED,"same-host wall-clock orchestration, includes UI/controls/upload/polling/restoration; not pure probe, not client-server subtraction",C17,deliverables/prepaper_evidence_closeout_v1/existing_times/collection_log_intervals.csv,18,same runner host for the saved endpoints; no cross-host subtraction,not copied; source CSV row locator retained
pilot18,timezone_tokyo,clean_post,runner_host_UTC_wall_clock,10.017,,,0,NOT_RECORDED,"same-host wall-clock orchestration, includes UI/controls/upload/polling/restoration; not pure probe, not client-server subtraction",C18,deliverables/prepaper_evidence_closeout_v1/existing_times/collection_log_intervals.csv,19,same runner host for the saved endpoints; no cross-host subtraction,not copied; source CSV row locator retained
b2b42,L_SYS_LANG,pre,runner_host_UTC_wall_clock,8.138,3.843,0.225299,0,NOT_RECORDED,"same-host wall-clock orchestration, includes UI/controls/upload/polling/restoration; not pure probe, not client-server subtraction",C19,deliverables/prepaper_evidence_closeout_v1/existing_times/collection_log_intervals.csv,20,same runner host for the saved endpoints; no cross-host subtraction,not copied; source CSV row locator retained
b2b42,L_SYS_LANG,change,runner_host_UTC_wall_clock,41.017,4.729,27.621495,0,NOT_RECORDED,"same-host wall-clock orchestration, includes UI/controls/upload/polling/restoration; not pure probe, not client-server subtraction",C20,deliverables/prepaper_evidence_closeout_v1/existing_times/collection_log_intervals.csv,21,same runner host for the saved endpoints; no cross-host subtraction,not copied; source CSV row locator retained
b2b42,L_SYS_LANG,post,runner_host_UTC_wall_clock,27.854,6.266,14.034745,0,NOT_RECORDED,"same-host wall-clock orchestration, includes UI/controls/upload/polling/restoration; not pure probe, not client-server subtraction",C21,deliverables/prepaper_evidence_closeout_v1/existing_times/collection_log_intervals.csv,22,same runner host for the saved endpoints; no cross-host subtraction,not copied; source CSV row locator retained
b2b42,L_SYS_LANG,pre,runner_host_UTC_wall_clock,10.456,4.791,0.233566,0,NOT_RECORDED,"same-host wall-clock orchestration, includes UI/controls/upload/polling/restoration; not pure probe, not client-server subtraction",C22,deliverables/prepaper_evidence_closeout_v1/existing_times/collection_log_intervals.csv,23,same runner host for the saved endpoints; no cross-host subtraction,not copied; source CSV row locator retained
b2b42,L_SYS_LANG,change,runner_host_UTC_wall_clock,40.19,5.086,27.425464,0,NOT_RECORDED,"same-host wall-clock orchestration, includes UI/controls/upload/polling/restoration; not pure probe, not client-server subtraction",C23,deliverables/prepaper_evidence_closeout_v1/existing_times/collection_log_intervals.csv,24,same runner host for the saved endpoints; no cross-host subtraction,not copied; source CSV row locator retained
b2b42,L_SYS_LANG,post,runner_host_UTC_wall_clock,27.807,5.913,13.384042,0,NOT_RECORDED,"same-host wall-clock orchestration, includes UI/controls/upload/polling/restoration; not pure probe, not client-server subtraction",C24,deliverables/prepaper_evidence_closeout_v1/existing_times/collection_log_intervals.csv,25,same runner host for the saved endpoints; no cross-host subtraction,not copied; source CSV row locator retained
b2b42,L_SYS_TZ,pre,runner_host_UTC_wall_clock,10.439,4.987,0.463812,0,NOT_RECORDED,"same-host wall-clock orchestration, includes UI/controls/upload/polling/restoration; not pure probe, not client-server subtraction",C25,deliverables/prepaper_evidence_closeout_v1/existing_times/collection_log_intervals.csv,26,same runner host for the saved endpoints; no cross-host subtraction,not copied; source CSV row locator retained
b2b42,L_SYS_TZ,change,runner_host_UTC_wall_clock,9.991,4.62,0.504965,0,NOT_RECORDED,"same-host wall-clock orchestration, includes UI/controls/upload/polling/restoration; not pure probe, not client-server subtraction",C26,deliverables/prepaper_evidence_closeout_v1/existing_times/collection_log_intervals.csv,27,same runner host for the saved endpoints; no cross-host subtraction,not copied; source CSV row locator retained
b2b42,L_SYS_TZ,post,runner_host_UTC_wall_clock,10.207,4.899,0.413428,0,NOT_RECORDED,"same-host wall-clock orchestration, includes UI/controls/upload/polling/restoration; not pure probe, not client-server subtraction",C27,deliverables/prepaper_evidence_closeout_v1/existing_times/collection_log_intervals.csv,28,same runner host for the saved endpoints; no cross-host subtraction,not copied; source CSV row locator retained
b2b42,L_SYS_TZ,pre,runner_host_UTC_wall_clock,9.296,4.577,0.337702,0,NOT_RECORDED,"same-host wall-clock orchestration, includes UI/controls/upload/polling/restoration; not pure probe, not client-server subtraction",C28,deliverables/prepaper_evidence_closeout_v1/existing_times/collection_log_intervals.csv,29,same runner host for the saved endpoints; no cross-host subtraction,not copied; source CSV row locator retained
b2b42,L_SYS_TZ,change,runner_host_UTC_wall_clock,9.756,4.782,0.450711,0,NOT_RECORDED,"same-host wall-clock orchestration, includes UI/controls/upload/polling/restoration; not pure probe, not client-server subtraction",C29,deliverables/prepaper_evidence_closeout_v1/existing_times/collection_log_intervals.csv,30,same runner host for the saved endpoints; no cross-host subtraction,not copied; source CSV row locator retained
b2b42,L_SYS_TZ,post,runner_host_UTC_wall_clock,11.838,6.553,0.5198,0,NOT_RECORDED,"same-host wall-clock orchestration, includes UI/controls/upload/polling/restoration; not pure probe, not client-server subtraction",C30,deliverables/prepaper_evidence_closeout_v1/existing_times/collection_log_intervals.csv,31,same runner host for the saved endpoints; no cross-host subtraction,not copied; source CSV row locator retained
b2b42,L_BROWSER_LANG,pre,runner_host_UTC_wall_clock,8.234,3.803,0.212678,0,NOT_RECORDED,"same-host wall-clock orchestration, includes UI/controls/upload/polling/restoration; not pure probe, not client-server subtraction",C31,deliverables/prepaper_evidence_closeout_v1/existing_times/collection_log_intervals.csv,32,same runner host for the saved endpoints; no cross-host subtraction,not copied; source CSV row locator retained
b2b42,L_BROWSER_LANG,change,runner_host_UTC_wall_clock,80.458,4.217,72.343114,15,NOT_RECORDED,"same-host wall-clock orchestration, includes UI/controls/upload/polling/restoration; not pure probe, not client-server subtraction",C32,deliverables/prepaper_evidence_closeout_v1/existing_times/collection_log_intervals.csv,33,same runner host for the saved endpoints; no cross-host subtraction,not copied; source CSV row locator retained
b2b42,L_BROWSER_LANG,post,runner_host_UTC_wall_clock,68.59,3.873,61.171968,15,NOT_RECORDED,"same-host wall-clock orchestration, includes UI/controls/upload/polling/restoration; not pure probe, not client-server subtraction",C33,deliverables/prepaper_evidence_closeout_v1/existing_times/collection_log_intervals.csv,34,same runner host for the saved endpoints; no cross-host subtraction,not copied; source CSV row locator retained
b2b42,L_BROWSER_LANG,pre,runner_host_UTC_wall_clock,8.466,4.157,0.308549,0,NOT_RECORDED,"same-host wall-clock orchestration, includes UI/controls/upload/polling/restoration; not pure probe, not client-server subtraction",C34,deliverables/prepaper_evidence_closeout_v1/existing_times/collection_log_intervals.csv,35,same runner host for the saved endpoints; no cross-host subtraction,not copied; source CSV row locator retained
b2b42,L_BROWSER_LANG,change,runner_host_UTC_wall_clock,77.959,4.129,69.821812,15,NOT_RECORDED,"same-host wall-clock orchestration, includes UI/controls/upload/polling/restoration; not pure probe, not client-server subtraction",C35,deliverables/prepaper_evidence_closeout_v1/existing_times/collection_log_intervals.csv,36,same runner host for the saved endpoints; no cross-host subtraction,not copied; source CSV row locator retained
b2b42,L_BROWSER_LANG,post,runner_host_UTC_wall_clock,70.166,4.586,61.763348,15,NOT_RECORDED,"same-host wall-clock orchestration, includes UI/controls/upload/polling/restoration; not pure probe, not client-server subtraction",C36,deliverables/prepaper_evidence_closeout_v1/existing_times/collection_log_intervals.csv,37,same runner host for the saved endpoints; no cross-host subtraction,not copied; source CSV row locator retained
b2b42,A_APP_LANG,pre,runner_host_UTC_wall_clock,10.12,5.274,0.37429,0,NOT_RECORDED,"same-host wall-clock orchestration, includes UI/controls/upload/polling/restoration; not pure probe, not client-server subtraction",C37,deliverables/prepaper_evidence_closeout_v1/existing_times/collection_log_intervals.csv,38,same runner host for the saved endpoints; no cross-host subtraction,not copied; source CSV row locator retained
b2b42,A_APP_LANG,change,runner_host_UTC_wall_clock,9.354,4.934,0.330396,0,NOT_RECORDED,"same-host wall-clock orchestration, includes UI/controls/upload/polling/restoration; not pure probe, not client-server subtraction",C38,deliverables/prepaper_evidence_closeout_v1/existing_times/collection_log_intervals.csv,39,same runner host for the saved endpoints; no cross-host subtraction,not copied; source CSV row locator retained
b2b42,A_APP_LANG,post,runner_host_UTC_wall_clock,9.57,4.906,0.376019,0,NOT_RECORDED,"same-host wall-clock orchestration, includes UI/controls/upload/polling/restoration; not pure probe, not client-server subtraction",C39,deliverables/prepaper_evidence_closeout_v1/existing_times/collection_log_intervals.csv,40,same runner host for the saved endpoints; no cross-host subtraction,not copied; source CSV row locator retained
b2b42,A_APP_LANG,pre,runner_host_UTC_wall_clock,9.363,4.812,0.311738,0,NOT_RECORDED,"same-host wall-clock orchestration, includes UI/controls/upload/polling/restoration; not pure probe, not client-server subtraction",C40,deliverables/prepaper_evidence_closeout_v1/existing_times/collection_log_intervals.csv,41,same runner host for the saved endpoints; no cross-host subtraction,not copied; source CSV row locator retained
b2b42,A_APP_LANG,change,runner_host_UTC_wall_clock,10.237,5.15,0.360289,0,NOT_RECORDED,"same-host wall-clock orchestration, includes UI/controls/upload/polling/restoration; not pure probe, not client-server subtraction",C41,deliverables/prepaper_evidence_closeout_v1/existing_times/collection_log_intervals.csv,42,same runner host for the saved endpoints; no cross-host subtraction,not copied; source CSV row locator retained
b2b42,A_APP_LANG,post,runner_host_UTC_wall_clock,9.601,4.864,0.284742,0,NOT_RECORDED,"same-host wall-clock orchestration, includes UI/controls/upload/polling/restoration; not pure probe, not client-server subtraction",C42,deliverables/prepaper_evidence_closeout_v1/existing_times/collection_log_intervals.csv,43,same runner host for the saved endpoints; no cross-host subtraction,not copied; source CSV row locator retained
b2b42,A_APP_TZ,pre,runner_host_UTC_wall_clock,9.876,5.127,0.361222,0,NOT_RECORDED,"same-host wall-clock orchestration, includes UI/controls/upload/polling/restoration; not pure probe, not client-server subtraction",C43,deliverables/prepaper_evidence_closeout_v1/existing_times/collection_log_intervals.csv,44,same runner host for the saved endpoints; no cross-host subtraction,not copied; source CSV row locator retained
b2b42,A_APP_TZ,change,runner_host_UTC_wall_clock,9.887,5.211,0.324247,0,NOT_RECORDED,"same-host wall-clock orchestration, includes UI/controls/upload/polling/restoration; not pure probe, not client-server subtraction",C44,deliverables/prepaper_evidence_closeout_v1/existing_times/collection_log_intervals.csv,45,same runner host for the saved endpoints; no cross-host subtraction,not copied; source CSV row locator retained
b2b42,A_APP_TZ,post,runner_host_UTC_wall_clock,9.854,5.346,0.333496,0,NOT_RECORDED,"same-host wall-clock orchestration, includes UI/controls/upload/polling/restoration; not pure probe, not client-server subtraction",C45,deliverables/prepaper_evidence_closeout_v1/existing_times/collection_log_intervals.csv,46,same runner host for the saved endpoints; no cross-host subtraction,not copied; source CSV row locator retained
b2b42,A_APP_TZ,pre,runner_host_UTC_wall_clock,10.145,5.329,0.406554,0,NOT_RECORDED,"same-host wall-clock orchestration, includes UI/controls/upload/polling/restoration; not pure probe, not client-server subtraction",C46,deliverables/prepaper_evidence_closeout_v1/existing_times/collection_log_intervals.csv,47,same runner host for the saved endpoints; no cross-host subtraction,not copied; source CSV row locator retained
b2b42,A_APP_TZ,change,runner_host_UTC_wall_clock,10.2,5.226,0.31927,0,NOT_RECORDED,"same-host wall-clock orchestration, includes UI/controls/upload/polling/restoration; not pure probe, not client-server subtraction",C47,deliverables/prepaper_evidence_closeout_v1/existing_times/collection_log_intervals.csv,48,same runner host for the saved endpoints; no cross-host subtraction,not copied; source CSV row locator retained
b2b42,A_APP_TZ,post,runner_host_UTC_wall_clock,10.05,5.164,0.239381,0,NOT_RECORDED,"same-host wall-clock orchestration, includes UI/controls/upload/polling/restoration; not pure probe, not client-server subtraction",C48,deliverables/prepaper_evidence_closeout_v1/existing_times/collection_log_intervals.csv,49,same runner host for the saved endpoints; no cross-host subtraction,not copied; source CSV row locator retained
b2b42,A_BROWSER_LANG,pre,runner_host_UTC_wall_clock,10.865,5.457,0.338019,0,NOT_RECORDED,"same-host wall-clock orchestration, includes UI/controls/upload/polling/restoration; not pure probe, not client-server subtraction",C49,deliverables/prepaper_evidence_closeout_v1/existing_times/collection_log_intervals.csv,50,same runner host for the saved endpoints; no cross-host subtraction,not copied; source CSV row locator retained
b2b42,A_BROWSER_LANG,change,runner_host_UTC_wall_clock,10.601,5.52,0.262315,0,NOT_RECORDED,"same-host wall-clock orchestration, includes UI/controls/upload/polling/restoration; not pure probe, not client-server subtraction",C50,deliverables/prepaper_evidence_closeout_v1/existing_times/collection_log_intervals.csv,51,same runner host for the saved endpoints; no cross-host subtraction,not copied; source CSV row locator retained
b2b42,A_BROWSER_LANG,post,runner_host_UTC_wall_clock,9.827,5.378,0.298605,0,NOT_RECORDED,"same-host wall-clock orchestration, includes UI/controls/upload/polling/restoration; not pure probe, not client-server subtraction",C51,deliverables/prepaper_evidence_closeout_v1/existing_times/collection_log_intervals.csv,52,same runner host for the saved endpoints; no cross-host subtraction,not copied; source CSV row locator retained
b2b42,A_BROWSER_LANG,pre,runner_host_UTC_wall_clock,11.218,6.4,0.37564,0,NOT_RECORDED,"same-host wall-clock orchestration, includes UI/controls/upload/polling/restoration; not pure probe, not client-server subtraction",C52,deliverables/prepaper_evidence_closeout_v1/existing_times/collection_log_intervals.csv,53,same runner host for the saved endpoints; no cross-host subtraction,not copied; source CSV row locator retained
b2b42,A_BROWSER_LANG,change,runner_host_UTC_wall_clock,9.918,5.15,0.292248,0,NOT_RECORDED,"same-host wall-clock orchestration, includes UI/controls/upload/polling/restoration; not pure probe, not client-server subtraction",C53,deliverables/prepaper_evidence_closeout_v1/existing_times/collection_log_intervals.csv,54,same runner host for the saved endpoints; no cross-host subtraction,not copied; source CSV row locator retained
b2b42,A_BROWSER_LANG,post,runner_host_UTC_wall_clock,10.374,5.456,0.284441,0,NOT_RECORDED,"same-host wall-clock orchestration, includes UI/controls/upload/polling/restoration; not pure probe, not client-server subtraction",C54,deliverables/prepaper_evidence_closeout_v1/existing_times/collection_log_intervals.csv,55,same runner host for the saved endpoints; no cross-host subtraction,not copied; source CSV row locator retained
b2b42,A_BROWSER_TZ,pre,runner_host_UTC_wall_clock,10.035,5.153,0.382257,0,NOT_RECORDED,"same-host wall-clock orchestration, includes UI/controls/upload/polling/restoration; not pure probe, not client-server subtraction",C55,deliverables/prepaper_evidence_closeout_v1/existing_times/collection_log_intervals.csv,56,same runner host for the saved endpoints; no cross-host subtraction,not copied; source CSV row locator retained
b2b42,A_BROWSER_TZ,change,runner_host_UTC_wall_clock,9.916,5.312,0.345019,0,NOT_RECORDED,"same-host wall-clock orchestration, includes UI/controls/upload/polling/restoration; not pure probe, not client-server subtraction",C56,deliverables/prepaper_evidence_closeout_v1/existing_times/collection_log_intervals.csv,57,same runner host for the saved endpoints; no cross-host subtraction,not copied; source CSV row locator retained
b2b42,A_BROWSER_TZ,post,runner_host_UTC_wall_clock,10.011,5.14,0.3211,0,NOT_RECORDED,"same-host wall-clock orchestration, includes UI/controls/upload/polling/restoration; not pure probe, not client-server subtraction",C57,deliverables/prepaper_evidence_closeout_v1/existing_times/collection_log_intervals.csv,58,same runner host for the saved endpoints; no cross-host subtraction,not copied; source CSV row locator retained
b2b42,A_BROWSER_TZ,pre,runner_host_UTC_wall_clock,9.674,5.288,0.35996,0,NOT_RECORDED,"same-host wall-clock orchestration, includes UI/controls/upload/polling/restoration; not pure probe, not client-server subtraction",C58,deliverables/prepaper_evidence_closeout_v1/existing_times/collection_log_intervals.csv,59,same runner host for the saved endpoints; no cross-host subtraction,not copied; source CSV row locator retained
b2b42,A_BROWSER_TZ,change,runner_host_UTC_wall_clock,10.027,5.204,0.387777,0,NOT_RECORDED,"same-host wall-clock orchestration, includes UI/controls/upload/polling/restoration; not pure probe, not client-server subtraction",C59,deliverables/prepaper_evidence_closeout_v1/existing_times/collection_log_intervals.csv,60,same runner host for the saved endpoints; no cross-host subtraction,not copied; source CSV row locator retained
b2b42,A_BROWSER_TZ,post,runner_host_UTC_wall_clock,10.046,5.095,0.392618,0,NOT_RECORDED,"same-host wall-clock orchestration, includes UI/controls/upload/polling/restoration; not pure probe, not client-server subtraction",C60,deliverables/prepaper_evidence_closeout_v1/existing_times/collection_log_intervals.csv,61,same runner host for the saved endpoints; no cross-host subtraction,not copied; source CSV row locator retained
