label,stage,batch_n,repeats,median_amortized_us,p95_batch_amortized_us,minimum_amortized_us,maximum_amortized_us,scope,evidence,median_amortized_ms,p95_batch_amortized_ms,minimum_amortized_ms,maximum_amortized_ms,original_unit,display_unit,denominator,model_id,main_table,source,source_row,p95_scope,statistic_operation
P0 / V_APP,cached_from_adapted,60,10,19.687841666666664,21.895109166666664,19.393066666666666,22.585416666666667,60-stage batch amortization; not single-request tail,deliverables/prepaper_evidence_closeout_v1/timing/batches.jsonl,0.019687841666666664,0.021895109166666663,0.019393066666666667,0.022585416666666667,microseconds,milliseconds,per_position_batch_amortized_60,b3a-P0-V_APP-84c1a2321e02,True,deliverables/prepaper_evidence_closeout_v1/tables/cost.csv,2,P95 of 10 batch-amortized values; not individual-request tail,saved values reused; us/1000 for display; no timing
P0 / V_APP,load_parse_validate,1,10,426.1255,479.9413,417.167,485.416,load item,deliverables/prepaper_evidence_closeout_v1/timing/batches.jsonl,0.4261255,0.4799413,0.41716699999999995,0.485416,microseconds,milliseconds,per_model,b3a-P0-V_APP-84c1a2321e02,True,deliverables/prepaper_evidence_closeout_v1/tables/cost.csv,3,P95 of 10 batch-amortized values; not individual-request tail,saved values reused; us/1000 for display; no timing
P0 / V_APP,loaded_raw_to_cached,60,10,7608.8673666666655,8087.835283333332,7558.6034666666665,8335.834033333333,60-stage batch amortization; not single-request tail,deliverables/prepaper_evidence_closeout_v1/timing/batches.jsonl,7.608867366666665,8.087835283333332,7.558603466666667,8.335834033333333,microseconds,milliseconds,per_position_batch_amortized_60,b3a-P0-V_APP-84c1a2321e02,True,deliverables/prepaper_evidence_closeout_v1/tables/cost.csv,4,P95 of 10 batch-amortized values; not individual-request tail,saved values reused; us/1000 for display; no timing
P0 / V_APP,loaded_raw_to_original,60,10,7590.515966666667,7760.17437,7553.590283333333,7874.5125,60-stage batch amortization; not single-request tail,deliverables/prepaper_evidence_closeout_v1/timing/batches.jsonl,7.590515966666667,7.76017437,7.553590283333333,7.8745125,microseconds,milliseconds,per_position_batch_amortized_60,b3a-P0-V_APP-84c1a2321e02,True,deliverables/prepaper_evidence_closeout_v1/tables/cost.csv,5,P95 of 10 batch-amortized values; not individual-request tail,saved values reused; us/1000 for display; no timing
P0 / V_APP,model_input_prepare,60,10,17.130208333333336,17.459653333333332,17.093049999999998,17.50903333333333,60-stage batch amortization; not single-request tail,deliverables/prepaper_evidence_closeout_v1/timing/batches.jsonl,0.017130208333333334,0.017459653333333332,0.01709305,0.01750903333333333,microseconds,milliseconds,per_position_batch_amortized_60,b3a-P0-V_APP-84c1a2321e02,True,deliverables/prepaper_evidence_closeout_v1/tables/cost.csv,6,P95 of 10 batch-amortized values; not individual-request tail,saved values reused; us/1000 for display; no timing
P0 / V_APP,original_current_interface,60,10,12.965283333333332,13.181904166666667,12.882633333333333,13.184716666666667,60-stage batch amortization; not single-request tail,deliverables/prepaper_evidence_closeout_v1/timing/batches.jsonl,0.012965283333333332,0.013181904166666668,0.012882633333333332,0.013184716666666667,microseconds,milliseconds,per_position_batch_amortized_60,b3a-P0-V_APP-84c1a2321e02,True,deliverables/prepaper_evidence_closeout_v1/tables/cost.csv,7,P95 of 10 batch-amortized values; not individual-request tail,saved values reused; us/1000 for display; no timing
P0 / V_APP,prepared_inference,60,10,2.1850750000000003,2.8140308333333333,2.0979166666666664,2.9465333333333334,60-stage batch amortization; not single-request tail,deliverables/prepaper_evidence_closeout_v1/timing/batches.jsonl,0.0021850750000000003,0.0028140308333333332,0.0020979166666666663,0.0029465333333333335,microseconds,milliseconds,per_position_batch_amortized_60,b3a-P0-V_APP-84c1a2321e02,True,deliverables/prepaper_evidence_closeout_v1/tables/cost.csv,8,P95 of 10 batch-amortized values; not individual-request tail,saved values reused; us/1000 for display; no timing
P0 / V_BOTH,cached_from_adapted,60,10,27.538891666666665,30.94520833333333,27.374299999999998,32.10208333333333,60-stage batch amortization; not single-request tail,deliverables/prepaper_evidence_closeout_v1/timing/batches.jsonl,0.027538891666666666,0.03094520833333333,0.027374299999999997,0.03210208333333333,microseconds,milliseconds,per_position_batch_amortized_60,b3a-P0-V_BOTH-e73408fb2278,True,deliverables/prepaper_evidence_closeout_v1/tables/cost.csv,9,P95 of 10 batch-amortized values; not individual-request tail,saved values reused; us/1000 for display; no timing
P0 / V_BOTH,load_parse_validate,1,10,419.1875,478.94999999999993,412.042,515.625,load item,deliverables/prepaper_evidence_closeout_v1/timing/batches.jsonl,0.4191875,0.47894999999999993,0.41204199999999996,0.515625,microseconds,milliseconds,per_model,b3a-P0-V_BOTH-e73408fb2278,True,deliverables/prepaper_evidence_closeout_v1/tables/cost.csv,10,P95 of 10 batch-amortized values; not individual-request tail,saved values reused; us/1000 for display; no timing
P0 / V_BOTH,loaded_raw_to_cached,60,10,7593.884033333333,7837.184123333333,7555.76735,7990.163183333334,60-stage batch amortization; not single-request tail,deliverables/prepaper_evidence_closeout_v1/timing/batches.jsonl,7.593884033333333,7.8371841233333335,7.55576735,7.990163183333334,microseconds,milliseconds,per_position_batch_amortized_60,b3a-P0-V_BOTH-e73408fb2278,True,deliverables/prepaper_evidence_closeout_v1/tables/cost.csv,11,P95 of 10 batch-amortized values; not individual-request tail,saved values reused; us/1000 for display; no timing
P0 / V_BOTH,loaded_raw_to_original,60,10,7596.913891666667,7758.1622216666665,7550.104166666667,7875.0097166666665,60-stage batch amortization; not single-request tail,deliverables/prepaper_evidence_closeout_v1/timing/batches.jsonl,7.596913891666667,7.758162221666667,7.550104166666667,7.875009716666667,microseconds,milliseconds,per_position_batch_amortized_60,b3a-P0-V_BOTH-e73408fb2278,True,deliverables/prepaper_evidence_closeout_v1/tables/cost.csv,12,P95 of 10 batch-amortized values; not individual-request tail,saved values reused; us/1000 for display; no timing
P0 / V_BOTH,model_input_prepare,60,10,24.928816666666663,26.110109166666668,24.853483333333333,26.597916666666666,60-stage batch amortization; not single-request tail,deliverables/prepaper_evidence_closeout_v1/timing/batches.jsonl,0.024928816666666662,0.026110109166666666,0.024853483333333332,0.026597916666666666,microseconds,milliseconds,per_position_batch_amortized_60,b3a-P0-V_BOTH-e73408fb2278,True,deliverables/prepaper_evidence_closeout_v1/tables/cost.csv,13,P95 of 10 batch-amortized values; not individual-request tail,saved values reused; us/1000 for display; no timing
P0 / V_BOTH,original_current_interface,60,10,17.398266666666665,17.799864166666666,17.35,17.973616666666665,60-stage batch amortization; not single-request tail,deliverables/prepaper_evidence_closeout_v1/timing/batches.jsonl,0.017398266666666665,0.017799864166666665,0.01735,0.017973616666666664,microseconds,milliseconds,per_position_batch_amortized_60,b3a-P0-V_BOTH-e73408fb2278,True,deliverables/prepaper_evidence_closeout_v1/tables/cost.csv,14,P95 of 10 batch-amortized values; not individual-request tail,saved values reused; us/1000 for display; no timing
P0 / V_BOTH,prepared_inference,60,10,2.1850666666666667,2.5402783333333327,2.1652833333333334,2.734033333333333,60-stage batch amortization; not single-request tail,deliverables/prepaper_evidence_closeout_v1/timing/batches.jsonl,0.0021850666666666666,0.0025402783333333327,0.0021652833333333336,0.002734033333333333,microseconds,milliseconds,per_position_batch_amortized_60,b3a-P0-V_BOTH-e73408fb2278,True,deliverables/prepaper_evidence_closeout_v1/tables/cost.csv,15,P95 of 10 batch-amortized values; not individual-request tail,saved values reused; us/1000 for display; no timing
P0 / V_BOTH_REL,cached_from_adapted,60,10,36.003483333333335,37.17642916666667,35.889583333333334,37.90486666666667,60-stage batch amortization; not single-request tail,deliverables/prepaper_evidence_closeout_v1/timing/batches.jsonl,0.036003483333333336,0.03717642916666667,0.035889583333333336,0.03790486666666667,microseconds,milliseconds,per_position_batch_amortized_60,b3a-P0-V_BOTH_REL-93c996d890e2,True,deliverables/prepaper_evidence_closeout_v1/tables/cost.csv,16,P95 of 10 batch-amortized values; not individual-request tail,saved values reused; us/1000 for display; no timing
P0 / V_BOTH_REL,load_parse_validate,1,10,417.0625,461.2059499999999,412.292,486.5,load item,deliverables/prepaper_evidence_closeout_v1/timing/batches.jsonl,0.4170625,0.4612059499999999,0.412292,0.4865,microseconds,milliseconds,per_model,b3a-P0-V_BOTH_REL-93c996d890e2,True,deliverables/prepaper_evidence_closeout_v1/tables/cost.csv,17,P95 of 10 batch-amortized values; not individual-request tail,saved values reused; us/1000 for display; no timing
P0 / V_BOTH_REL,loaded_raw_to_cached,60,10,7644.920833333334,8072.325659166666,7594.045833333333,8108.1347166666665,60-stage batch amortization; not single-request tail,deliverables/prepaper_evidence_closeout_v1/timing/batches.jsonl,7.644920833333334,8.072325659166665,7.5940458333333325,8.108134716666667,microseconds,milliseconds,per_position_batch_amortized_60,b3a-P0-V_BOTH_REL-93c996d890e2,True,deliverables/prepaper_evidence_closeout_v1/tables/cost.csv,18,P95 of 10 batch-amortized values; not individual-request tail,saved values reused; us/1000 for display; no timing
P0 / V_BOTH_REL,loaded_raw_to_original,60,10,7611.652083333333,8143.342088333333,7587.490966666667,8270.164583333333,60-stage batch amortization; not single-request tail,deliverables/prepaper_evidence_closeout_v1/timing/batches.jsonl,7.611652083333333,8.143342088333332,7.5874909666666674,8.270164583333333,microseconds,milliseconds,per_position_batch_amortized_60,b3a-P0-V_BOTH_REL-93c996d890e2,True,deliverables/prepaper_evidence_closeout_v1/tables/cost.csv,19,P95 of 10 batch-amortized values; not individual-request tail,saved values reused; us/1000 for display; no timing
P0 / V_BOTH_REL,model_input_prepare,60,10,33.40173333333333,35.78028583333333,33.052083333333336,37.196533333333335,60-stage batch amortization; not single-request tail,deliverables/prepaper_evidence_closeout_v1/timing/batches.jsonl,0.033401733333333336,0.03578028583333333,0.033052083333333336,0.03719653333333334,microseconds,milliseconds,per_position_batch_amortized_60,b3a-P0-V_BOTH_REL-93c996d890e2,True,deliverables/prepaper_evidence_closeout_v1/tables/cost.csv,20,P95 of 10 batch-amortized values; not individual-request tail,saved values reused; us/1000 for display; no timing
P0 / V_BOTH_REL,original_current_interface,60,10,19.590966666666667,20.38083583333333,19.4875,20.51458333333333,60-stage batch amortization; not single-request tail,deliverables/prepaper_evidence_closeout_v1/timing/batches.jsonl,0.019590966666666668,0.02038083583333333,0.0194875,0.02051458333333333,microseconds,milliseconds,per_position_batch_amortized_60,b3a-P0-V_BOTH_REL-93c996d890e2,True,deliverables/prepaper_evidence_closeout_v1/tables/cost.csv,21,P95 of 10 batch-amortized values; not individual-request tail,saved values reused; us/1000 for display; no timing
P0 / V_BOTH_REL,prepared_inference,60,10,2.167016666666667,2.234855,2.1520833333333336,2.25485,60-stage batch amortization; not single-request tail,deliverables/prepaper_evidence_closeout_v1/timing/batches.jsonl,0.002167016666666667,0.002234855,0.0021520833333333335,0.0022548499999999996,microseconds,milliseconds,per_position_batch_amortized_60,b3a-P0-V_BOTH_REL-93c996d890e2,True,deliverables/prepaper_evidence_closeout_v1/tables/cost.csv,22,P95 of 10 batch-amortized values; not individual-request tail,saved values reused; us/1000 for display; no timing
P0 / V_BROWSER,cached_from_adapted,60,10,14.531941666666667,14.681799999999999,14.481933333333332,14.73055,60-stage batch amortization; not single-request tail,deliverables/prepaper_evidence_closeout_v1/timing/batches.jsonl,0.014531941666666666,0.014681799999999998,0.014481933333333332,0.014730549999999999,microseconds,milliseconds,per_position_batch_amortized_60,b3a-P0-V_BROWSER-e1eeed22982e,True,deliverables/prepaper_evidence_closeout_v1/tables/cost.csv,23,P95 of 10 batch-amortized values; not individual-request tail,saved values reused; us/1000 for display; no timing
P0 / V_BROWSER,load_parse_validate,1,10,415.75,444.84999999999997,412.5,460.375,load item,deliverables/prepaper_evidence_closeout_v1/timing/batches.jsonl,0.41575,0.44484999999999997,0.4125,0.460375,microseconds,milliseconds,per_model,b3a-P0-V_BROWSER-e1eeed22982e,True,deliverables/prepaper_evidence_closeout_v1/tables/cost.csv,24,P95 of 10 batch-amortized values; not individual-request tail,saved values reused; us/1000 for display; no timing
P0 / V_BROWSER,loaded_raw_to_cached,60,10,7591.376391666667,7762.8369475,7568.709716666667,7890.76945,60-stage batch amortization; not single-request tail,deliverables/prepaper_evidence_closeout_v1/timing/batches.jsonl,7.591376391666667,7.7628369475,7.5687097166666675,7.89076945,microseconds,milliseconds,per_position_batch_amortized_60,b3a-P0-V_BROWSER-e1eeed22982e,True,deliverables/prepaper_evidence_closeout_v1/tables/cost.csv,25,P95 of 10 batch-amortized values; not individual-request tail,saved values reused; us/1000 for display; no timing
P0 / V_BROWSER,loaded_raw_to_original,60,10,7599.5711833333335,8364.416834166665,7550.815283333333,8906.571516666667,60-stage batch amortization; not single-request tail,deliverables/prepaper_evidence_closeout_v1/timing/batches.jsonl,7.5995711833333335,8.364416834166665,7.550815283333334,8.906571516666666,microseconds,milliseconds,per_position_batch_amortized_60,b3a-P0-V_BROWSER-e1eeed22982e,True,deliverables/prepaper_evidence_closeout_v1/tables/cost.csv,26,P95 of 10 batch-amortized values; not individual-request tail,saved values reused; us/1000 for display; no timing
P0 / V_BROWSER,model_input_prepare,60,10,12.030558333333333,14.34896083333333,11.940266666666666,15.977083333333335,60-stage batch amortization; not single-request tail,deliverables/prepaper_evidence_closeout_v1/timing/batches.jsonl,0.012030558333333333,0.014348960833333329,0.011940266666666666,0.015977083333333336,microseconds,milliseconds,per_position_batch_amortized_60,b3a-P0-V_BROWSER-e1eeed22982e,True,deliverables/prepaper_evidence_closeout_v1/tables/cost.csv,27,P95 of 10 batch-amortized values; not individual-request tail,saved values reused; us/1000 for display; no timing
P0 / V_BROWSER,original_current_interface,60,10,10.384025,12.502531666666664,10.192366666666667,13.240966666666667,60-stage batch amortization; not single-request tail,deliverables/prepaper_evidence_closeout_v1/timing/batches.jsonl,0.010384025,0.012502531666666664,0.010192366666666666,0.013240966666666666,microseconds,milliseconds,per_position_batch_amortized_60,b3a-P0-V_BROWSER-e1eeed22982e,True,deliverables/prepaper_evidence_closeout_v1/tables/cost.csv,28,P95 of 10 batch-amortized values; not individual-request tail,saved values reused; us/1000 for display; no timing
P0 / V_BROWSER,prepared_inference,60,10,2.1729166666666666,2.2167708333333334,2.1520833333333336,2.2458333333333336,60-stage batch amortization; not single-request tail,deliverables/prepaper_evidence_closeout_v1/timing/batches.jsonl,0.0021729166666666667,0.002216770833333333,0.0021520833333333335,0.0022458333333333336,microseconds,milliseconds,per_position_batch_amortized_60,b3a-P0-V_BROWSER-e1eeed22982e,True,deliverables/prepaper_evidence_closeout_v1/tables/cost.csv,29,P95 of 10 batch-amortized values; not individual-request tail,saved values reused; us/1000 for display; no timing
P1 / V_APP,cached_from_adapted,60,10,19.418408333333332,262.1732949999995,19.320833333333333,459.95484999999996,60-stage batch amortization; not single-request tail,deliverables/prepaper_evidence_closeout_v1/timing/batches.jsonl,0.01941840833333333,0.2621732949999995,0.019320833333333332,0.45995484999999997,microseconds,milliseconds,per_position_batch_amortized_60,b3a-P1-V_APP-fbc381974209,False,deliverables/prepaper_evidence_closeout_v1/tables/cost.csv,30,P95 of 10 batch-amortized values; not individual-request tail,saved values reused; us/1000 for display; no timing
P1 / V_APP,load_parse_validate,1,10,418.1465,547.8106,406.5,548.167,load item,deliverables/prepaper_evidence_closeout_v1/timing/batches.jsonl,0.4181465,0.5478106,0.4065,0.5481670000000001,microseconds,milliseconds,per_model,b3a-P1-V_APP-fbc381974209,False,deliverables/prepaper_evidence_closeout_v1/tables/cost.csv,31,P95 of 10 batch-amortized values; not individual-request tail,saved values reused; us/1000 for display; no timing
P1 / V_APP,loaded_raw_to_cached,60,10,7614.190966666667,7783.015624999999,7568.752083333333,7890.275,60-stage batch amortization; not single-request tail,deliverables/prepaper_evidence_closeout_v1/timing/batches.jsonl,7.614190966666667,7.783015624999999,7.568752083333333,7.890275,microseconds,milliseconds,per_position_batch_amortized_60,b3a-P1-V_APP-fbc381974209,False,deliverables/prepaper_evidence_closeout_v1/tables/cost.csv,32,P95 of 10 batch-amortized values; not individual-request tail,saved values reused; us/1000 for display; no timing
P1 / V_APP,loaded_raw_to_original,60,10,7607.432291666666,7895.048691666666,7522.526383333334,8086.949316666666,60-stage batch amortization; not single-request tail,deliverables/prepaper_evidence_closeout_v1/timing/batches.jsonl,7.607432291666666,7.895048691666666,7.522526383333334,8.086949316666667,microseconds,milliseconds,per_position_batch_amortized_60,b3a-P1-V_APP-fbc381974209,False,deliverables/prepaper_evidence_closeout_v1/tables/cost.csv,33,P95 of 10 batch-amortized values; not individual-request tail,saved values reused; us/1000 for display; no timing
P1 / V_APP,model_input_prepare,60,10,17.097575,18.553752499999995,17.000700000000002,19.2125,60-stage batch amortization; not single-request tail,deliverables/prepaper_evidence_closeout_v1/timing/batches.jsonl,0.017097575,0.018553752499999996,0.0170007,0.019212499999999997,microseconds,milliseconds,per_position_batch_amortized_60,b3a-P1-V_APP-fbc381974209,False,deliverables/prepaper_evidence_closeout_v1/tables/cost.csv,34,P95 of 10 batch-amortized values; not individual-request tail,saved values reused; us/1000 for display; no timing
P1 / V_APP,original_current_interface,60,10,13.372566666666668,13.810283333333334,13.329166666666666,13.840283333333334,60-stage batch amortization; not single-request tail,deliverables/prepaper_evidence_closeout_v1/timing/batches.jsonl,0.013372566666666667,0.013810283333333334,0.013329166666666666,0.013840283333333333,microseconds,milliseconds,per_position_batch_amortized_60,b3a-P1-V_APP-fbc381974209,False,deliverables/prepaper_evidence_closeout_v1/tables/cost.csv,35,P95 of 10 batch-amortized values; not individual-request tail,saved values reused; us/1000 for display; no timing
P1 / V_APP,prepared_inference,60,10,2.190975,2.2394766666666666,2.1833333333333336,2.2604166666666665,60-stage batch amortization; not single-request tail,deliverables/prepaper_evidence_closeout_v1/timing/batches.jsonl,0.002190975,0.0022394766666666665,0.0021833333333333336,0.0022604166666666667,microseconds,milliseconds,per_position_batch_amortized_60,b3a-P1-V_APP-fbc381974209,False,deliverables/prepaper_evidence_closeout_v1/tables/cost.csv,36,P95 of 10 batch-amortized values; not individual-request tail,saved values reused; us/1000 for display; no timing
P1 / V_BOTH,cached_from_adapted,60,10,27.597216666666668,28.287638333333334,27.204866666666664,28.776383333333335,60-stage batch amortization; not single-request tail,deliverables/prepaper_evidence_closeout_v1/timing/batches.jsonl,0.027597216666666667,0.028287638333333334,0.027204866666666664,0.028776383333333336,microseconds,milliseconds,per_position_batch_amortized_60,b3a-P1-V_BOTH-95e976f665a8,False,deliverables/prepaper_evidence_closeout_v1/tables/cost.csv,37,P95 of 10 batch-amortized values; not individual-request tail,saved values reused; us/1000 for display; no timing
P1 / V_BOTH,load_parse_validate,1,10,419.54150000000004,485.65014999999994,406.084,503.125,load item,deliverables/prepaper_evidence_closeout_v1/timing/batches.jsonl,0.41954150000000007,0.48565014999999995,0.406084,0.503125,microseconds,milliseconds,per_model,b3a-P1-V_BOTH-95e976f665a8,False,deliverables/prepaper_evidence_closeout_v1/tables/cost.csv,38,P95 of 10 batch-amortized values; not individual-request tail,saved values reused; us/1000 for display; no timing
P1 / V_BOTH,loaded_raw_to_cached,60,10,7601.1,8282.156705,7564.566666666667,8439.4139,60-stage batch amortization; not single-request tail,deliverables/prepaper_evidence_closeout_v1/timing/batches.jsonl,7.601100000000001,8.282156705,7.564566666666667,8.4394139,microseconds,milliseconds,per_position_batch_amortized_60,b3a-P1-V_BOTH-95e976f665a8,False,deliverables/prepaper_evidence_closeout_v1/tables/cost.csv,39,P95 of 10 batch-amortized values; not individual-request tail,saved values reused; us/1000 for display; no timing
P1 / V_BOTH,loaded_raw_to_original,60,10,7615.723958333334,7839.719164166667,7567.2944333333335,7958.460416666667,60-stage batch amortization; not single-request tail,deliverables/prepaper_evidence_closeout_v1/timing/batches.jsonl,7.615723958333334,7.839719164166667,7.567294433333333,7.958460416666667,microseconds,milliseconds,per_position_batch_amortized_60,b3a-P1-V_BOTH-95e976f665a8,False,deliverables/prepaper_evidence_closeout_v1/tables/cost.csv,40,P95 of 10 batch-amortized values; not individual-request tail,saved values reused; us/1000 for display; no timing
P1 / V_BOTH,model_input_prepare,60,10,25.07743333333333,26.013541666666665,24.6993,26.379166666666666,60-stage batch amortization; not single-request tail,deliverables/prepaper_evidence_closeout_v1/timing/batches.jsonl,0.025077433333333333,0.026013541666666664,0.0246993,0.026379166666666665,microseconds,milliseconds,per_position_batch_amortized_60,b3a-P1-V_BOTH-95e976f665a8,False,deliverables/prepaper_evidence_closeout_v1/tables/cost.csv,41,P95 of 10 batch-amortized values; not individual-request tail,saved values reused; us/1000 for display; no timing
P1 / V_BOTH,original_current_interface,60,10,17.320483333333335,18.90938,16.965283333333332,19.4,60-stage batch amortization; not single-request tail,deliverables/prepaper_evidence_closeout_v1/timing/batches.jsonl,0.017320483333333334,0.01890938,0.01696528333333333,0.019399999999999997,microseconds,milliseconds,per_position_batch_amortized_60,b3a-P1-V_BOTH-95e976f665a8,False,deliverables/prepaper_evidence_closeout_v1/tables/cost.csv,42,P95 of 10 batch-amortized values; not individual-request tail,saved values reused; us/1000 for display; no timing
P1 / V_BOTH,prepared_inference,60,10,2.162491666666667,2.184375,2.146516666666667,2.19375,60-stage batch amortization; not single-request tail,deliverables/prepaper_evidence_closeout_v1/timing/batches.jsonl,0.002162491666666667,0.002184375,0.002146516666666667,0.00219375,microseconds,milliseconds,per_position_batch_amortized_60,b3a-P1-V_BOTH-95e976f665a8,False,deliverables/prepaper_evidence_closeout_v1/tables/cost.csv,43,P95 of 10 batch-amortized values; not individual-request tail,saved values reused; us/1000 for display; no timing
P1 / V_BOTH_REL,cached_from_adapted,60,10,35.645833333333336,37.22853666666666,35.30416666666667,38.31666666666666,60-stage batch amortization; not single-request tail,deliverables/prepaper_evidence_closeout_v1/timing/batches.jsonl,0.035645833333333335,0.037228536666666666,0.035304166666666664,0.038316666666666666,microseconds,milliseconds,per_position_batch_amortized_60,b3a-P1-V_BOTH_REL-9c438a772dd6,False,deliverables/prepaper_evidence_closeout_v1/tables/cost.csv,44,P95 of 10 batch-amortized values; not individual-request tail,saved values reused; us/1000 for display; no timing
P1 / V_BOTH_REL,load_parse_validate,1,10,437.47900000000004,493.5349,411.291,513.541,load item,deliverables/prepaper_evidence_closeout_v1/timing/batches.jsonl,0.43747900000000006,0.4935349,0.411291,0.513541,microseconds,milliseconds,per_model,b3a-P1-V_BOTH_REL-9c438a772dd6,False,deliverables/prepaper_evidence_closeout_v1/tables/cost.csv,45,P95 of 10 batch-amortized values; not individual-request tail,saved values reused; us/1000 for display; no timing
P1 / V_BOTH_REL,loaded_raw_to_cached,60,10,7645.383325000001,7847.533779166666,7559.882633333334,7998.434716666667,60-stage batch amortization; not single-request tail,deliverables/prepaper_evidence_closeout_v1/timing/batches.jsonl,7.645383325000001,7.847533779166666,7.559882633333333,7.998434716666667,microseconds,milliseconds,per_position_batch_amortized_60,b3a-P1-V_BOTH_REL-9c438a772dd6,False,deliverables/prepaper_evidence_closeout_v1/tables/cost.csv,46,P95 of 10 batch-amortized values; not individual-request tail,saved values reused; us/1000 for display; no timing
P1 / V_BOTH_REL,loaded_raw_to_original,60,10,7630.254866666666,7913.157839166666,7588.879166666667,8105.340966666667,60-stage batch amortization; not single-request tail,deliverables/prepaper_evidence_closeout_v1/timing/batches.jsonl,7.630254866666666,7.913157839166666,7.588879166666667,8.105340966666667,microseconds,milliseconds,per_position_batch_amortized_60,b3a-P1-V_BOTH_REL-9c438a772dd6,False,deliverables/prepaper_evidence_closeout_v1/tables/cost.csv,47,P95 of 10 batch-amortized values; not individual-request tail,saved values reused; us/1000 for display; no timing
P1 / V_BOTH_REL,model_input_prepare,60,10,33.86528333333333,35.549753333333335,33.15346666666667,36.319433333333336,60-stage batch amortization; not single-request tail,deliverables/prepaper_evidence_closeout_v1/timing/batches.jsonl,0.03386528333333333,0.03554975333333334,0.033153466666666666,0.03631943333333334,microseconds,milliseconds,per_position_batch_amortized_60,b3a-P1-V_BOTH_REL-9c438a772dd6,False,deliverables/prepaper_evidence_closeout_v1/tables/cost.csv,48,P95 of 10 batch-amortized values; not individual-request tail,saved values reused; us/1000 for display; no timing
P1 / V_BOTH_REL,original_current_interface,60,10,19.9816,20.146775833333333,19.833333333333332,20.214583333333334,60-stage batch amortization; not single-request tail,deliverables/prepaper_evidence_closeout_v1/timing/batches.jsonl,0.0199816,0.02014677583333333,0.01983333333333333,0.020214583333333334,microseconds,milliseconds,per_position_batch_amortized_60,b3a-P1-V_BOTH_REL-9c438a772dd6,False,deliverables/prepaper_evidence_closeout_v1/tables/cost.csv,49,P95 of 10 batch-amortized values; not individual-request tail,saved values reused; us/1000 for display; no timing
P1 / V_BOTH_REL,prepared_inference,60,10,2.1225750000000003,2.1973591666666668,2.10625,2.2048666666666668,60-stage batch amortization; not single-request tail,deliverables/prepaper_evidence_closeout_v1/timing/batches.jsonl,0.0021225750000000002,0.002197359166666667,0.00210625,0.002204866666666667,microseconds,milliseconds,per_position_batch_amortized_60,b3a-P1-V_BOTH_REL-9c438a772dd6,False,deliverables/prepaper_evidence_closeout_v1/tables/cost.csv,50,P95 of 10 batch-amortized values; not individual-request tail,saved values reused; us/1000 for display; no timing
P1 / V_BROWSER,cached_from_adapted,60,10,14.702433333333333,15.701639999999998,14.649299999999998,16.3632,60-stage batch amortization; not single-request tail,deliverables/prepaper_evidence_closeout_v1/timing/batches.jsonl,0.014702433333333334,0.015701639999999996,0.014649299999999999,0.016363199999999998,microseconds,milliseconds,per_position_batch_amortized_60,b3a-P1-V_BROWSER-88c6e6ede1f1,False,deliverables/prepaper_evidence_closeout_v1/tables/cost.csv,51,P95 of 10 batch-amortized values; not individual-request tail,saved values reused; us/1000 for display; no timing
P1 / V_BROWSER,load_parse_validate,1,10,419.75,489.64605,410.458,503.709,load item,deliverables/prepaper_evidence_closeout_v1/timing/batches.jsonl,0.41975,0.48964605,0.41045800000000005,0.503709,microseconds,milliseconds,per_model,b3a-P1-V_BROWSER-88c6e6ede1f1,False,deliverables/prepaper_evidence_closeout_v1/tables/cost.csv,52,P95 of 10 batch-amortized values; not individual-request tail,saved values reused; us/1000 for display; no timing
P1 / V_BROWSER,loaded_raw_to_cached,60,10,7591.30625,7786.384099166666,7555.838900000001,7917.3847166666665,60-stage batch amortization; not single-request tail,deliverables/prepaper_evidence_closeout_v1/timing/batches.jsonl,7.59130625,7.786384099166666,7.5558389,7.917384716666667,microseconds,milliseconds,per_position_batch_amortized_60,b3a-P1-V_BROWSER-88c6e6ede1f1,False,deliverables/prepaper_evidence_closeout_v1/tables/cost.csv,53,P95 of 10 batch-amortized values; not individual-request tail,saved values reused; us/1000 for display; no timing
P1 / V_BROWSER,loaded_raw_to_original,60,10,7590.315625,7785.024753333333,7560.380566666667,7905.081933333334,60-stage batch amortization; not single-request tail,deliverables/prepaper_evidence_closeout_v1/timing/batches.jsonl,7.590315625000001,7.785024753333333,7.560380566666667,7.905081933333334,microseconds,milliseconds,per_position_batch_amortized_60,b3a-P1-V_BROWSER-88c6e6ede1f1,False,deliverables/prepaper_evidence_closeout_v1/tables/cost.csv,54,P95 of 10 batch-amortized values; not individual-request tail,saved values reused; us/1000 for display; no timing
P1 / V_BROWSER,model_input_prepare,60,10,12.389233333333333,13.938289999999999,12.291666666666666,14.5736,60-stage batch amortization; not single-request tail,deliverables/prepaper_evidence_closeout_v1/timing/batches.jsonl,0.012389233333333333,0.013938289999999999,0.012291666666666666,0.0145736,microseconds,milliseconds,per_position_batch_amortized_60,b3a-P1-V_BROWSER-88c6e6ede1f1,False,deliverables/prepaper_evidence_closeout_v1/tables/cost.csv,55,P95 of 10 batch-amortized values; not individual-request tail,saved values reused; us/1000 for display; no timing
P1 / V_BROWSER,original_current_interface,60,10,10.3,10.476003333333333,10.2243,10.488183333333332,60-stage batch amortization; not single-request tail,deliverables/prepaper_evidence_closeout_v1/timing/batches.jsonl,0.0103,0.010476003333333333,0.010224299999999999,0.010488183333333331,microseconds,milliseconds,per_position_batch_amortized_60,b3a-P1-V_BROWSER-88c6e6ede1f1,False,deliverables/prepaper_evidence_closeout_v1/tables/cost.csv,56,P95 of 10 batch-amortized values; not individual-request tail,saved values reused; us/1000 for display; no timing
P1 / V_BROWSER,prepared_inference,60,10,2.1951416666666663,2.2442075,2.184733333333333,2.2514000000000003,60-stage batch amortization; not single-request tail,deliverables/prepaper_evidence_closeout_v1/timing/batches.jsonl,0.002195141666666666,0.0022442075,0.002184733333333333,0.0022514,microseconds,milliseconds,per_position_batch_amortized_60,b3a-P1-V_BROWSER-88c6e6ede1f1,False,deliverables/prepaper_evidence_closeout_v1/tables/cost.csv,57,P95 of 10 batch-amortized values; not individual-request tail,saved values reused; us/1000 for display; no timing
P2 / V_APP,cached_from_adapted,60,10,19.35625,19.816395,18.99791666666667,20.1264,60-stage batch amortization; not single-request tail,deliverables/prepaper_evidence_closeout_v1/timing/batches.jsonl,0.01935625,0.019816395,0.01899791666666667,0.0201264,microseconds,milliseconds,per_position_batch_amortized_60,b3a-P2-V_APP-d06abc5abeaf,False,deliverables/prepaper_evidence_closeout_v1/tables/cost.csv,58,P95 of 10 batch-amortized values; not individual-request tail,saved values reused; us/1000 for display; no timing
P2 / V_APP,load_parse_validate,1,10,392.95849999999996,426.31235,390.125,443.375,load item,deliverables/prepaper_evidence_closeout_v1/timing/batches.jsonl,0.39295849999999993,0.42631235,0.390125,0.443375,microseconds,milliseconds,per_model,b3a-P2-V_APP-d06abc5abeaf,False,deliverables/prepaper_evidence_closeout_v1/tables/cost.csv,59,P95 of 10 batch-amortized values; not individual-request tail,saved values reused; us/1000 for display; no timing
P2 / V_APP,loaded_raw_to_cached,60,10,7598.465616666666,7831.3071899999995,7556.565983333333,7970.45625,60-stage batch amortization; not single-request tail,deliverables/prepaper_evidence_closeout_v1/timing/batches.jsonl,7.598465616666666,7.8313071899999995,7.556565983333333,7.97045625,microseconds,milliseconds,per_position_batch_amortized_60,b3a-P2-V_APP-d06abc5abeaf,False,deliverables/prepaper_evidence_closeout_v1/tables/cost.csv,60,P95 of 10 batch-amortized values; not individual-request tail,saved values reused; us/1000 for display; no timing
P2 / V_APP,loaded_raw_to_original,60,10,7592.6875,7806.038151666667,7568.4257,7940.190966666667,60-stage batch amortization; not single-request tail,deliverables/prepaper_evidence_closeout_v1/timing/batches.jsonl,7.5926875,7.806038151666667,7.5684257,7.940190966666667,microseconds,milliseconds,per_position_batch_amortized_60,b3a-P2-V_APP-d06abc5abeaf,False,deliverables/prepaper_evidence_closeout_v1/tables/cost.csv,61,P95 of 10 batch-amortized values; not individual-request tail,saved values reused; us/1000 for display; no timing
P2 / V_APP,model_input_prepare,60,10,16.906599999999997,17.197708333333335,16.722216666666668,17.289583333333333,60-stage batch amortization; not single-request tail,deliverables/prepaper_evidence_closeout_v1/timing/batches.jsonl,0.016906599999999997,0.017197708333333336,0.016722216666666668,0.017289583333333334,microseconds,milliseconds,per_position_batch_amortized_60,b3a-P2-V_APP-d06abc5abeaf,False,deliverables/prepaper_evidence_closeout_v1/tables/cost.csv,62,P95 of 10 batch-amortized values; not individual-request tail,saved values reused; us/1000 for display; no timing
P2 / V_APP,original_current_interface,60,10,12.981941666666668,13.601698333333331,12.54375,13.938883333333333,60-stage batch amortization; not single-request tail,deliverables/prepaper_evidence_closeout_v1/timing/batches.jsonl,0.012981941666666668,0.013601698333333332,0.01254375,0.013938883333333332,microseconds,milliseconds,per_position_batch_amortized_60,b3a-P2-V_APP-d06abc5abeaf,False,deliverables/prepaper_evidence_closeout_v1/tables/cost.csv,63,P95 of 10 batch-amortized values; not individual-request tail,saved values reused; us/1000 for display; no timing
P2 / V_APP,prepared_inference,60,10,1.9066,1.9351766666666665,1.8951500000000001,1.9486166666666667,60-stage batch amortization; not single-request tail,deliverables/prepaper_evidence_closeout_v1/timing/batches.jsonl,0.0019066,0.0019351766666666666,0.0018951500000000002,0.0019486166666666668,microseconds,milliseconds,per_position_batch_amortized_60,b3a-P2-V_APP-d06abc5abeaf,False,deliverables/prepaper_evidence_closeout_v1/tables/cost.csv,64,P95 of 10 batch-amortized values; not individual-request tail,saved values reused; us/1000 for display; no timing
P2 / V_BOTH,cached_from_adapted,60,10,27.1118,28.28676583333333,26.964583333333334,28.558333333333334,60-stage batch amortization; not single-request tail,deliverables/prepaper_evidence_closeout_v1/timing/batches.jsonl,0.0271118,0.02828676583333333,0.026964583333333333,0.028558333333333335,microseconds,milliseconds,per_position_batch_amortized_60,b3a-P2-V_BOTH-6c460a95fd65,False,deliverables/prepaper_evidence_closeout_v1/tables/cost.csv,65,P95 of 10 batch-amortized values; not individual-request tail,saved values reused; us/1000 for display; no timing
P2 / V_BOTH,load_parse_validate,1,10,396.79150000000004,442.6273,391.958,463.834,load item,deliverables/prepaper_evidence_closeout_v1/timing/batches.jsonl,0.3967915,0.4426273,0.39195800000000003,0.463834,microseconds,milliseconds,per_model,b3a-P2-V_BOTH-6c460a95fd65,False,deliverables/prepaper_evidence_closeout_v1/tables/cost.csv,66,P95 of 10 batch-amortized values; not individual-request tail,saved values reused; us/1000 for display; no timing
P2 / V_BOTH,loaded_raw_to_cached,60,10,7621.623616666667,7827.8572575,7597.7402833333335,7958.5257,60-stage batch amortization; not single-request tail,deliverables/prepaper_evidence_closeout_v1/timing/batches.jsonl,7.621623616666667,7.8278572575,7.597740283333334,7.9585257,microseconds,milliseconds,per_position_batch_amortized_60,b3a-P2-V_BOTH-6c460a95fd65,False,deliverables/prepaper_evidence_closeout_v1/tables/cost.csv,67,P95 of 10 batch-amortized values; not individual-request tail,saved values reused; us/1000 for display; no timing
P2 / V_BOTH,loaded_raw_to_original,60,10,7636.18125,8121.3554825,7597.877083333333,8264.17985,60-stage batch amortization; not single-request tail,deliverables/prepaper_evidence_closeout_v1/timing/batches.jsonl,7.63618125,8.1213554825,7.597877083333333,8.26417985,microseconds,milliseconds,per_position_batch_amortized_60,b3a-P2-V_BOTH-6c460a95fd65,False,deliverables/prepaper_evidence_closeout_v1/tables/cost.csv,68,P95 of 10 batch-amortized values; not individual-request tail,saved values reused; us/1000 for display; no timing
P2 / V_BOTH,model_input_prepare,60,10,24.928816666666666,26.245665833333334,24.709033333333334,26.940983333333335,60-stage batch amortization; not single-request tail,deliverables/prepaper_evidence_closeout_v1/timing/batches.jsonl,0.024928816666666666,0.026245665833333334,0.024709033333333335,0.026940983333333335,microseconds,milliseconds,per_position_batch_amortized_60,b3a-P2-V_BOTH-6c460a95fd65,False,deliverables/prepaper_evidence_closeout_v1/tables/cost.csv,69,P95 of 10 batch-amortized values; not individual-request tail,saved values reused; us/1000 for display; no timing
P2 / V_BOTH,original_current_interface,60,10,17.027433333333335,17.591412499999997,16.979166666666668,17.911099999999998,60-stage batch amortization; not single-request tail,deliverables/prepaper_evidence_closeout_v1/timing/batches.jsonl,0.017027433333333335,0.017591412499999997,0.016979166666666667,0.0179111,microseconds,milliseconds,per_position_batch_amortized_60,b3a-P2-V_BOTH-6c460a95fd65,False,deliverables/prepaper_evidence_closeout_v1/tables/cost.csv,70,P95 of 10 batch-amortized values; not individual-request tail,saved values reused; us/1000 for display; no timing
P2 / V_BOTH,prepared_inference,60,10,2.0517333333333334,2.1300341666666665,2.03125,2.1472166666666666,60-stage batch amortization; not single-request tail,deliverables/prepaper_evidence_closeout_v1/timing/batches.jsonl,0.0020517333333333336,0.0021300341666666664,0.00203125,0.0021472166666666667,microseconds,milliseconds,per_position_batch_amortized_60,b3a-P2-V_BOTH-6c460a95fd65,False,deliverables/prepaper_evidence_closeout_v1/tables/cost.csv,71,P95 of 10 batch-amortized values; not individual-request tail,saved values reused; us/1000 for display; no timing
P2 / V_BOTH_REL,cached_from_adapted,60,10,35.941325000000006,40.70871833333333,35.479866666666666,42.15278333333333,60-stage batch amortization; not single-request tail,deliverables/prepaper_evidence_closeout_v1/timing/batches.jsonl,0.035941325,0.04070871833333333,0.035479866666666665,0.04215278333333333,microseconds,milliseconds,per_position_batch_amortized_60,b3a-P2-V_BOTH_REL-85ec21051f95,False,deliverables/prepaper_evidence_closeout_v1/tables/cost.csv,72,P95 of 10 batch-amortized values; not individual-request tail,saved values reused; us/1000 for display; no timing
P2 / V_BOTH_REL,load_parse_validate,1,10,393.458,449.35229999999996,388.0,483.834,load item,deliverables/prepaper_evidence_closeout_v1/timing/batches.jsonl,0.39345800000000003,0.4493523,0.388,0.483834,microseconds,milliseconds,per_model,b3a-P2-V_BOTH_REL-85ec21051f95,False,deliverables/prepaper_evidence_closeout_v1/tables/cost.csv,73,P95 of 10 batch-amortized values; not individual-request tail,saved values reused; us/1000 for display; no timing
P2 / V_BOTH_REL,loaded_raw_to_cached,60,10,7636.602775000001,7833.434655833333,7596.025,7972.877783333333,60-stage batch amortization; not single-request tail,deliverables/prepaper_evidence_closeout_v1/timing/batches.jsonl,7.636602775000001,7.833434655833333,7.596025,7.972877783333334,microseconds,milliseconds,per_position_batch_amortized_60,b3a-P2-V_BOTH_REL-85ec21051f95,False,deliverables/prepaper_evidence_closeout_v1/tables/cost.csv,74,P95 of 10 batch-amortized values; not individual-request tail,saved values reused; us/1000 for display; no timing
P2 / V_BOTH_REL,loaded_raw_to_original,60,10,7630.156258333333,9033.459236666666,7588.079866666666,9167.529866666668,60-stage batch amortization; not single-request tail,deliverables/prepaper_evidence_closeout_v1/timing/batches.jsonl,7.630156258333334,9.033459236666666,7.588079866666666,9.167529866666667,microseconds,milliseconds,per_position_batch_amortized_60,b3a-P2-V_BOTH_REL-85ec21051f95,False,deliverables/prepaper_evidence_closeout_v1/tables/cost.csv,75,P95 of 10 batch-amortized values; not individual-request tail,saved values reused; us/1000 for display; no timing
P2 / V_BOTH_REL,model_input_prepare,60,10,33.663541666666674,39.62244166666666,32.76526666666667,40.67431666666666,60-stage batch amortization; not single-request tail,deliverables/prepaper_evidence_closeout_v1/timing/batches.jsonl,0.03366354166666667,0.03962244166666666,0.03276526666666667,0.04067431666666666,microseconds,milliseconds,per_position_batch_amortized_60,b3a-P2-V_BOTH_REL-85ec21051f95,False,deliverables/prepaper_evidence_closeout_v1/tables/cost.csv,76,P95 of 10 batch-amortized values; not individual-request tail,saved values reused; us/1000 for display; no timing
P2 / V_BOTH_REL,original_current_interface,60,10,19.483674999999998,20.307601666666667,19.204866666666664,20.604166666666668,60-stage batch amortization; not single-request tail,deliverables/prepaper_evidence_closeout_v1/timing/batches.jsonl,0.019483675,0.020307601666666668,0.019204866666666664,0.020604166666666666,microseconds,milliseconds,per_position_batch_amortized_60,b3a-P2-V_BOTH_REL-85ec21051f95,False,deliverables/prepaper_evidence_closeout_v1/tables/cost.csv,77,P95 of 10 batch-amortized values; not individual-request tail,saved values reused; us/1000 for display; no timing
P2 / V_BOTH_REL,prepared_inference,60,10,2.0322833333333334,2.0750699999999997,2.0222333333333333,2.0757,60-stage batch amortization; not single-request tail,deliverables/prepaper_evidence_closeout_v1/timing/batches.jsonl,0.0020322833333333333,0.0020750699999999996,0.002022233333333333,0.0020756999999999998,microseconds,milliseconds,per_position_batch_amortized_60,b3a-P2-V_BOTH_REL-85ec21051f95,False,deliverables/prepaper_evidence_closeout_v1/tables/cost.csv,78,P95 of 10 batch-amortized values; not individual-request tail,saved values reused; us/1000 for display; no timing
P2 / V_BROWSER,cached_from_adapted,60,10,14.50625,14.760135833333333,14.4514,14.807633333333333,60-stage batch amortization; not single-request tail,deliverables/prepaper_evidence_closeout_v1/timing/batches.jsonl,0.01450625,0.014760135833333334,0.0144514,0.014807633333333334,microseconds,milliseconds,per_position_batch_amortized_60,b3a-P2-V_BROWSER-dee1bef9fef9,False,deliverables/prepaper_evidence_closeout_v1/tables/cost.csv,79,P95 of 10 batch-amortized values; not individual-request tail,saved values reused; us/1000 for display; no timing
P2 / V_BROWSER,load_parse_validate,1,10,397.47900000000004,447.2102999999999,387.375,470.667,load item,deliverables/prepaper_evidence_closeout_v1/timing/batches.jsonl,0.397479,0.4472102999999999,0.387375,0.47066699999999995,microseconds,milliseconds,per_model,b3a-P2-V_BROWSER-dee1bef9fef9,False,deliverables/prepaper_evidence_closeout_v1/tables/cost.csv,80,P95 of 10 batch-amortized values; not individual-request tail,saved values reused; us/1000 for display; no timing
P2 / V_BROWSER,loaded_raw_to_cached,60,10,7626.987491666667,7829.586204166666,7614.461116666666,7957.171516666666,60-stage batch amortization; not single-request tail,deliverables/prepaper_evidence_closeout_v1/timing/batches.jsonl,7.626987491666667,7.829586204166666,7.614461116666666,7.9571715166666666,microseconds,milliseconds,per_position_batch_amortized_60,b3a-P2-V_BROWSER-dee1bef9fef9,False,deliverables/prepaper_evidence_closeout_v1/tables/cost.csv,81,P95 of 10 batch-amortized values; not individual-request tail,saved values reused; us/1000 for display; no timing
P2 / V_BROWSER,loaded_raw_to_original,60,10,7615.18645,7852.9731974999995,7583.921533333333,8004.33195,60-stage batch amortization; not single-request tail,deliverables/prepaper_evidence_closeout_v1/timing/batches.jsonl,7.61518645,7.8529731975,7.583921533333333,8.00433195,microseconds,milliseconds,per_position_batch_amortized_60,b3a-P2-V_BROWSER-dee1bef9fef9,False,deliverables/prepaper_evidence_closeout_v1/tables/cost.csv,82,P95 of 10 batch-amortized values; not individual-request tail,saved values reused; us/1000 for display; no timing
P2 / V_BROWSER,model_input_prepare,60,10,12.229166666666666,12.8469475,12.14375,12.95695,60-stage batch amortization; not single-request tail,deliverables/prepaper_evidence_closeout_v1/timing/batches.jsonl,0.012229166666666666,0.0128469475,0.01214375,0.01295695,microseconds,milliseconds,per_position_batch_amortized_60,b3a-P2-V_BROWSER-dee1bef9fef9,False,deliverables/prepaper_evidence_closeout_v1/tables/cost.csv,83,P95 of 10 batch-amortized values; not individual-request tail,saved values reused; us/1000 for display; no timing
P2 / V_BROWSER,original_current_interface,60,10,10.151041666666666,10.277713333333335,10.102783333333333,10.352083333333335,60-stage batch amortization; not single-request tail,deliverables/prepaper_evidence_closeout_v1/timing/batches.jsonl,0.010151041666666666,0.010277713333333334,0.010102783333333334,0.010352083333333335,microseconds,milliseconds,per_position_batch_amortized_60,b3a-P2-V_BROWSER-dee1bef9fef9,False,deliverables/prepaper_evidence_closeout_v1/tables/cost.csv,84,P95 of 10 batch-amortized values; not individual-request tail,saved values reused; us/1000 for display; no timing
P2 / V_BROWSER,prepared_inference,60,10,2.0388916666666668,2.0770375,2.0090333333333334,2.07985,60-stage batch amortization; not single-request tail,deliverables/prepaper_evidence_closeout_v1/timing/batches.jsonl,0.002038891666666667,0.0020770375,0.0020090333333333335,0.00207985,microseconds,milliseconds,per_position_batch_amortized_60,b3a-P2-V_BROWSER-dee1bef9fef9,False,deliverables/prepaper_evidence_closeout_v1/tables/cost.csv,85,P95 of 10 batch-amortized values; not individual-request tail,saved values reused; us/1000 for display; no timing
R_FULL / 01,cached_from_adapted,60,10,481.440275,485.28771083333334,477.42221666666666,487.0208333333333,60-stage batch amortization; not single-request tail,deliverables/prepaper_evidence_closeout_v1/timing/batches.jsonl,0.481440275,0.48528771083333333,0.4774222166666667,0.4870208333333333,microseconds,milliseconds,per_position_batch_amortized_60,paired244-devext-c2e38381be26f0a91709871b,True,deliverables/prepaper_evidence_closeout_v1/tables/cost.csv,86,P95 of 10 batch-amortized values; not individual-request tail,saved values reused; us/1000 for display; no timing
R_FULL / 01,load_parse_validate,1,10,1844.4164999999998,1933.8144,1795.458,1936.833,load item,deliverables/prepaper_evidence_closeout_v1/timing/batches.jsonl,1.8444165,1.9338144,1.795458,1.936833,microseconds,milliseconds,per_model,paired244-devext-c2e38381be26f0a91709871b,True,deliverables/prepaper_evidence_closeout_v1/tables/cost.csv,87,P95 of 10 batch-amortized values; not individual-request tail,saved values reused; us/1000 for display; no timing
R_FULL / 01,loaded_raw_to_cached,60,10,8135.462158333334,8668.7304825,8094.4,8842.436099999999,60-stage batch amortization; not single-request tail,deliverables/prepaper_evidence_closeout_v1/timing/batches.jsonl,8.135462158333334,8.6687304825,8.0944,8.842436099999999,microseconds,milliseconds,per_position_batch_amortized_60,paired244-devext-c2e38381be26f0a91709871b,True,deliverables/prepaper_evidence_closeout_v1/tables/cost.csv,88,P95 of 10 batch-amortized values; not individual-request tail,saved values reused; us/1000 for display; no timing
R_FULL / 01,loaded_raw_to_original,60,10,10013.347225000001,10265.496599166665,9947.88265,10421.022216666666,60-stage batch amortization; not single-request tail,deliverables/prepaper_evidence_closeout_v1/timing/batches.jsonl,10.013347225000002,10.265496599166665,9.94788265,10.421022216666666,microseconds,milliseconds,per_position_batch_amortized_60,paired244-devext-c2e38381be26f0a91709871b,True,deliverables/prepaper_evidence_closeout_v1/tables/cost.csv,89,P95 of 10 batch-amortized values; not individual-request tail,saved values reused; us/1000 for display; no timing
R_FULL / 01,model_input_prepare,60,10,58.25243333333333,62.37950833333333,57.49723333333333,63.87013333333333,60-stage batch amortization; not single-request tail,deliverables/prepaper_evidence_closeout_v1/timing/batches.jsonl,0.058252433333333326,0.062379508333333326,0.05749723333333333,0.06387013333333333,microseconds,milliseconds,per_position_batch_amortized_60,paired244-devext-c2e38381be26f0a91709871b,True,deliverables/prepaper_evidence_closeout_v1/tables/cost.csv,90,P95 of 10 batch-amortized values; not individual-request tail,saved values reused; us/1000 for display; no timing
R_FULL / 01,original_current_interface,60,10,2252.9885416666666,2471.362991666667,2239.30625,2545.5923666666667,60-stage batch amortization; not single-request tail,deliverables/prepaper_evidence_closeout_v1/timing/batches.jsonl,2.2529885416666664,2.471362991666667,2.2393062500000003,2.545592366666667,microseconds,milliseconds,per_position_batch_amortized_60,paired244-devext-c2e38381be26f0a91709871b,True,deliverables/prepaper_evidence_closeout_v1/tables/cost.csv,91,P95 of 10 batch-amortized values; not individual-request tail,saved values reused; us/1000 for display; no timing
R_FULL / 01,prepared_inference,60,10,418.6114583333333,421.9801016666667,415.7215333333333,422.4229166666667,60-stage batch amortization; not single-request tail,deliverables/prepaper_evidence_closeout_v1/timing/batches.jsonl,0.4186114583333333,0.4219801016666667,0.4157215333333333,0.4224229166666667,microseconds,milliseconds,per_position_batch_amortized_60,paired244-devext-c2e38381be26f0a91709871b,True,deliverables/prepaper_evidence_closeout_v1/tables/cost.csv,92,P95 of 10 batch-amortized values; not individual-request tail,saved values reused; us/1000 for display; no timing
R_FULL / 02,cached_from_adapted,60,10,484.15520833333335,488.87454916666667,480.50140000000005,488.97361666666666,60-stage batch amortization; not single-request tail,deliverables/prepaper_evidence_closeout_v1/timing/batches.jsonl,0.48415520833333336,0.48887454916666667,0.4805014,0.48897361666666667,microseconds,milliseconds,per_position_batch_amortized_60,paired244-devext-9688bfa5bc943c8095f94b46,True,deliverables/prepaper_evidence_closeout_v1/tables/cost.csv,93,P95 of 10 batch-amortized values; not individual-request tail,saved values reused; us/1000 for display; no timing
R_FULL / 02,load_parse_validate,1,10,1824.375,1994.133,1796.792,2014.833,load item,deliverables/prepaper_evidence_closeout_v1/timing/batches.jsonl,1.824375,1.994133,1.796792,2.014833,microseconds,milliseconds,per_model,paired244-devext-9688bfa5bc943c8095f94b46,True,deliverables/prepaper_evidence_closeout_v1/tables/cost.csv,94,P95 of 10 batch-amortized values; not individual-request tail,saved values reused; us/1000 for display; no timing
R_FULL / 02,loaded_raw_to_cached,60,10,8130.386108333333,8815.380416666667,8075.15,9122.704166666666,60-stage batch amortization; not single-request tail,deliverables/prepaper_evidence_closeout_v1/timing/batches.jsonl,8.130386108333333,8.815380416666667,8.075149999999999,9.122704166666667,microseconds,milliseconds,per_position_batch_amortized_60,paired244-devext-9688bfa5bc943c8095f94b46,True,deliverables/prepaper_evidence_closeout_v1/tables/cost.csv,95,P95 of 10 batch-amortized values; not individual-request tail,saved values reused; us/1000 for display; no timing
R_FULL / 02,loaded_raw_to_original,60,10,10096.140275000002,10433.059764999998,9975.345833333335,10550.531949999999,60-stage batch amortization; not single-request tail,deliverables/prepaper_evidence_closeout_v1/timing/batches.jsonl,10.096140275000002,10.433059764999998,9.975345833333334,10.550531949999998,microseconds,milliseconds,per_position_batch_amortized_60,paired244-devext-9688bfa5bc943c8095f94b46,True,deliverables/prepaper_evidence_closeout_v1/tables/cost.csv,96,P95 of 10 batch-amortized values; not individual-request tail,saved values reused; us/1000 for display; no timing
R_FULL / 02,model_input_prepare,60,10,58.42778333333334,61.80961,57.399300000000004,62.7868,60-stage batch amortization; not single-request tail,deliverables/prepaper_evidence_closeout_v1/timing/batches.jsonl,0.05842778333333334,0.06180961,0.0573993,0.0627868,microseconds,milliseconds,per_position_batch_amortized_60,paired244-devext-9688bfa5bc943c8095f94b46,True,deliverables/prepaper_evidence_closeout_v1/tables/cost.csv,97,P95 of 10 batch-amortized values; not individual-request tail,saved values reused; us/1000 for display; no timing
R_FULL / 02,original_current_interface,60,10,2262.30625,2443.6768725,2224.0486166666665,2506.9875,60-stage batch amortization; not single-request tail,deliverables/prepaper_evidence_closeout_v1/timing/batches.jsonl,2.26230625,2.4436768725,2.2240486166666664,2.5069875,microseconds,milliseconds,per_position_batch_amortized_60,paired244-devext-9688bfa5bc943c8095f94b46,True,deliverables/prepaper_evidence_closeout_v1/tables/cost.csv,98,P95 of 10 batch-amortized values; not individual-request tail,saved values reused; us/1000 for display; no timing
R_FULL / 02,prepared_inference,60,10,418.3840333333333,857.5184983333327,415.8229166666667,1136.8631833333334,60-stage batch amortization; not single-request tail,deliverables/prepaper_evidence_closeout_v1/timing/batches.jsonl,0.4183840333333333,0.8575184983333327,0.4158229166666667,1.1368631833333334,microseconds,milliseconds,per_position_batch_amortized_60,paired244-devext-9688bfa5bc943c8095f94b46,True,deliverables/prepaper_evidence_closeout_v1/tables/cost.csv,99,P95 of 10 batch-amortized values; not individual-request tail,saved values reused; us/1000 for display; no timing
R_FULL / 03,cached_from_adapted,60,10,470.5506916666667,473.5004166666667,462.5493,473.7666666666667,60-stage batch amortization; not single-request tail,deliverables/prepaper_evidence_closeout_v1/timing/batches.jsonl,0.4705506916666667,0.4735004166666667,0.4625493,0.4737666666666667,microseconds,milliseconds,per_position_batch_amortized_60,paired244-devext-09060772f27998b093caaea7,True,deliverables/prepaper_evidence_closeout_v1/tables/cost.csv,100,P95 of 10 batch-amortized values; not individual-request tail,saved values reused; us/1000 for display; no timing
R_FULL / 03,load_parse_validate,1,10,1797.5835,1903.9378,1748.25,1909.75,load item,deliverables/prepaper_evidence_closeout_v1/timing/batches.jsonl,1.7975835,1.9039378,1.74825,1.90975,microseconds,milliseconds,per_model,paired244-devext-09060772f27998b093caaea7,True,deliverables/prepaper_evidence_closeout_v1/tables/cost.csv,101,P95 of 10 batch-amortized values; not individual-request tail,saved values reused; us/1000 for display; no timing
R_FULL / 03,loaded_raw_to_cached,60,10,8137.0566,8307.9949975,8117.346533333333,8418.55,60-stage batch amortization; not single-request tail,deliverables/prepaper_evidence_closeout_v1/timing/batches.jsonl,8.1370566,8.3079949975,8.117346533333333,8.41855,microseconds,milliseconds,per_position_batch_amortized_60,paired244-devext-09060772f27998b093caaea7,True,deliverables/prepaper_evidence_closeout_v1/tables/cost.csv,102,P95 of 10 batch-amortized values; not individual-request tail,saved values reused; us/1000 for display; no timing
R_FULL / 03,loaded_raw_to_original,60,10,9958.093741666667,10375.0657725,9903.09375,10376.2014,60-stage batch amortization; not single-request tail,deliverables/prepaper_evidence_closeout_v1/timing/batches.jsonl,9.958093741666667,10.3750657725,9.90309375,10.3762014,microseconds,milliseconds,per_position_batch_amortized_60,paired244-devext-09060772f27998b093caaea7,True,deliverables/prepaper_evidence_closeout_v1/tables/cost.csv,103,P95 of 10 batch-amortized values; not individual-request tail,saved values reused; us/1000 for display; no timing
R_FULL / 03,model_input_prepare,60,10,57.389925,58.989615,55.922916666666666,59.29305,60-stage batch amortization; not single-request tail,deliverables/prepaper_evidence_closeout_v1/timing/batches.jsonl,0.057389925,0.058989615,0.05592291666666666,0.05929305,microseconds,milliseconds,per_position_batch_amortized_60,paired244-devext-09060772f27998b093caaea7,True,deliverables/prepaper_evidence_closeout_v1/tables/cost.csv,104,P95 of 10 batch-amortized values; not individual-request tail,saved values reused; us/1000 for display; no timing
R_FULL / 03,original_current_interface,60,10,2211.4861083333335,2354.6366033333334,2186.8930499999997,2440.9097333333334,60-stage batch amortization; not single-request tail,deliverables/prepaper_evidence_closeout_v1/timing/batches.jsonl,2.2114861083333337,2.3546366033333332,2.1868930499999997,2.4409097333333336,microseconds,milliseconds,per_position_batch_amortized_60,paired244-devext-09060772f27998b093caaea7,True,deliverables/prepaper_evidence_closeout_v1/tables/cost.csv,105,P95 of 10 batch-amortized values; not individual-request tail,saved values reused; us/1000 for display; no timing
R_FULL / 03,prepared_inference,60,10,403.684375,408.2786483333333,401.375,408.5145833333333,60-stage batch amortization; not single-request tail,deliverables/prepaper_evidence_closeout_v1/timing/batches.jsonl,0.403684375,0.4082786483333333,0.401375,0.4085145833333333,microseconds,milliseconds,per_position_batch_amortized_60,paired244-devext-09060772f27998b093caaea7,True,deliverables/prepaper_evidence_closeout_v1/tables/cost.csv,106,P95 of 10 batch-amortized values; not individual-request tail,saved values reused; us/1000 for display; no timing
R_NO_CROSS / 01,cached_from_adapted,60,10,483.721875,495.4253825,481.4479166666667,500.33195,60-stage batch amortization; not single-request tail,deliverables/prepaper_evidence_closeout_v1/timing/batches.jsonl,0.483721875,0.4954253825,0.4814479166666667,0.50033195,microseconds,milliseconds,per_position_batch_amortized_60,paired244-ablation-459e8f0f135110c25ec7847b,False,deliverables/prepaper_evidence_closeout_v1/tables/cost.csv,107,P95 of 10 batch-amortized values; not individual-request tail,saved values reused; us/1000 for display; no timing
R_NO_CROSS / 01,load_parse_validate,1,10,1842.5835000000002,1954.8875,1796.75,1965.125,load item,deliverables/prepaper_evidence_closeout_v1/timing/batches.jsonl,1.8425835000000002,1.9548875000000001,1.79675,1.965125,microseconds,milliseconds,per_model,paired244-ablation-459e8f0f135110c25ec7847b,False,deliverables/prepaper_evidence_closeout_v1/tables/cost.csv,108,P95 of 10 batch-amortized values; not individual-request tail,saved values reused; us/1000 for display; no timing
R_NO_CROSS / 01,loaded_raw_to_cached,60,10,8164.067016666666,8760.330792499999,8134.477766666667,8993.873599999999,60-stage batch amortization; not single-request tail,deliverables/prepaper_evidence_closeout_v1/timing/batches.jsonl,8.164067016666666,8.7603307925,8.134477766666667,8.993873599999999,microseconds,milliseconds,per_position_batch_amortized_60,paired244-ablation-459e8f0f135110c25ec7847b,False,deliverables/prepaper_evidence_closeout_v1/tables/cost.csv,109,P95 of 10 batch-amortized values; not individual-request tail,saved values reused; us/1000 for display; no timing
R_NO_CROSS / 01,loaded_raw_to_original,60,10,9999.146175,10334.184893333333,9957.63055,10554.027083333334,60-stage batch amortization; not single-request tail,deliverables/prepaper_evidence_closeout_v1/timing/batches.jsonl,9.999146175,10.334184893333333,9.95763055,10.554027083333335,microseconds,milliseconds,per_position_batch_amortized_60,paired244-ablation-459e8f0f135110c25ec7847b,False,deliverables/prepaper_evidence_closeout_v1/tables/cost.csv,110,P95 of 10 batch-amortized values; not individual-request tail,saved values reused; us/1000 for display; no timing
R_NO_CROSS / 01,model_input_prepare,60,10,55.14305833333333,58.08073416666666,54.75555,58.09791666666666,60-stage batch amortization; not single-request tail,deliverables/prepaper_evidence_closeout_v1/timing/batches.jsonl,0.05514305833333333,0.05808073416666666,0.05475555,0.058097916666666666,microseconds,milliseconds,per_position_batch_amortized_60,paired244-ablation-459e8f0f135110c25ec7847b,False,deliverables/prepaper_evidence_closeout_v1/tables/cost.csv,111,P95 of 10 batch-amortized values; not individual-request tail,saved values reused; us/1000 for display; no timing
R_NO_CROSS / 01,original_current_interface,60,10,2248.788883333333,2664.5881541666663,2220.7,2790.0847166666667,60-stage batch amortization; not single-request tail,deliverables/prepaper_evidence_closeout_v1/timing/batches.jsonl,2.2487888833333334,2.6645881541666663,2.2207,2.7900847166666667,microseconds,milliseconds,per_position_batch_amortized_60,paired244-ablation-459e8f0f135110c25ec7847b,False,deliverables/prepaper_evidence_closeout_v1/tables/cost.csv,112,P95 of 10 batch-amortized values; not individual-request tail,saved values reused; us/1000 for display; no timing
R_NO_CROSS / 01,prepared_inference,60,10,418.54340833333333,422.6660416666667,417.46806666666663,423.22291666666666,60-stage batch amortization; not single-request tail,deliverables/prepaper_evidence_closeout_v1/timing/batches.jsonl,0.4185434083333333,0.42266604166666666,0.41746806666666664,0.42322291666666667,microseconds,milliseconds,per_position_batch_amortized_60,paired244-ablation-459e8f0f135110c25ec7847b,False,deliverables/prepaper_evidence_closeout_v1/tables/cost.csv,113,P95 of 10 batch-amortized values; not individual-request tail,saved values reused; us/1000 for display; no timing
R_NO_CROSS / 02,cached_from_adapted,60,10,475.7201333333333,479.49326750000006,473.0889,480.54515000000004,60-stage batch amortization; not single-request tail,deliverables/prepaper_evidence_closeout_v1/timing/batches.jsonl,0.4757201333333333,0.47949326750000004,0.47308890000000003,0.48054515000000003,microseconds,milliseconds,per_position_batch_amortized_60,paired244-ablation-2ec7a0802a1dc63299c8edb4,False,deliverables/prepaper_evidence_closeout_v1/tables/cost.csv,114,P95 of 10 batch-amortized values; not individual-request tail,saved values reused; us/1000 for display; no timing
R_NO_CROSS / 02,load_parse_validate,1,10,1867.0005,1993.9019,1807.0,2017.958,load item,deliverables/prepaper_evidence_closeout_v1/timing/batches.jsonl,1.8670005,1.9939019,1.807,2.017958,microseconds,milliseconds,per_model,paired244-ablation-2ec7a0802a1dc63299c8edb4,False,deliverables/prepaper_evidence_closeout_v1/tables/cost.csv,115,P95 of 10 batch-amortized values; not individual-request tail,saved values reused; us/1000 for display; no timing
R_NO_CROSS / 02,loaded_raw_to_cached,60,10,8073.895483333334,8406.8573525,8035.9125,8489.686099999999,60-stage batch amortization; not single-request tail,deliverables/prepaper_evidence_closeout_v1/timing/batches.jsonl,8.073895483333335,8.4068573525,8.0359125,8.489686099999998,microseconds,milliseconds,per_position_batch_amortized_60,paired244-ablation-2ec7a0802a1dc63299c8edb4,False,deliverables/prepaper_evidence_closeout_v1/tables/cost.csv,116,P95 of 10 batch-amortized values; not individual-request tail,saved values reused; us/1000 for display; no timing
R_NO_CROSS / 02,loaded_raw_to_original,60,10,9979.094441666668,10233.460555,9939.459716666666,10404.3868,60-stage batch amortization; not single-request tail,deliverables/prepaper_evidence_closeout_v1/timing/batches.jsonl,9.979094441666668,10.233460554999999,9.939459716666667,10.404386800000001,microseconds,milliseconds,per_position_batch_amortized_60,paired244-ablation-2ec7a0802a1dc63299c8edb4,False,deliverables/prepaper_evidence_closeout_v1/tables/cost.csv,117,P95 of 10 batch-amortized values; not individual-request tail,saved values reused; us/1000 for display; no timing
R_NO_CROSS / 02,model_input_prepare,60,10,55.31493333333333,289.5580158333329,54.704166666666666,478.5520833333333,60-stage batch amortization; not single-request tail,deliverables/prepaper_evidence_closeout_v1/timing/batches.jsonl,0.05531493333333333,0.2895580158333329,0.054704166666666665,0.4785520833333333,microseconds,milliseconds,per_position_batch_amortized_60,paired244-ablation-2ec7a0802a1dc63299c8edb4,False,deliverables/prepaper_evidence_closeout_v1/tables/cost.csv,118,P95 of 10 batch-amortized values; not individual-request tail,saved values reused; us/1000 for display; no timing
R_NO_CROSS / 02,original_current_interface,60,10,2258.9253416666666,2458.256875,2220.05555,2533.76875,60-stage batch amortization; not single-request tail,deliverables/prepaper_evidence_closeout_v1/timing/batches.jsonl,2.2589253416666666,2.458256875,2.22005555,2.53376875,microseconds,milliseconds,per_position_batch_amortized_60,paired244-ablation-2ec7a0802a1dc63299c8edb4,False,deliverables/prepaper_evidence_closeout_v1/tables/cost.csv,119,P95 of 10 batch-amortized values; not individual-request tail,saved values reused; us/1000 for display; no timing
R_NO_CROSS / 02,prepared_inference,60,10,413.87118333333336,420.27128583333337,412.4138833333334,420.67848333333336,60-stage batch amortization; not single-request tail,deliverables/prepaper_evidence_closeout_v1/timing/batches.jsonl,0.41387118333333334,0.42027128583333334,0.4124138833333334,0.42067848333333335,microseconds,milliseconds,per_position_batch_amortized_60,paired244-ablation-2ec7a0802a1dc63299c8edb4,False,deliverables/prepaper_evidence_closeout_v1/tables/cost.csv,120,P95 of 10 batch-amortized values; not individual-request tail,saved values reused; us/1000 for display; no timing
R_NO_CROSS / 03,cached_from_adapted,60,10,461.515275,465.9068,457.0097166666667,466.3118,60-stage batch amortization; not single-request tail,deliverables/prepaper_evidence_closeout_v1/timing/batches.jsonl,0.46151527499999995,0.46590679999999995,0.4570097166666667,0.4663118,microseconds,milliseconds,per_position_batch_amortized_60,paired244-ablation-9d8a02e4a70536477fd53533,False,deliverables/prepaper_evidence_closeout_v1/tables/cost.csv,121,P95 of 10 batch-amortized values; not individual-request tail,saved values reused; us/1000 for display; no timing
R_NO_CROSS / 03,load_parse_validate,1,10,1820.1665,1924.90215,1771.417,1956.084,load item,deliverables/prepaper_evidence_closeout_v1/timing/batches.jsonl,1.8201665,1.9249021499999999,1.771417,1.9560840000000002,microseconds,milliseconds,per_model,paired244-ablation-9d8a02e4a70536477fd53533,False,deliverables/prepaper_evidence_closeout_v1/tables/cost.csv,122,P95 of 10 batch-amortized values; not individual-request tail,saved values reused; us/1000 for display; no timing
R_NO_CROSS / 03,loaded_raw_to_cached,60,10,8142.877425000001,8363.229823333333,8109.015966666667,8533.563883333332,60-stage batch amortization; not single-request tail,deliverables/prepaper_evidence_closeout_v1/timing/batches.jsonl,8.142877425,8.363229823333333,8.109015966666666,8.533563883333333,microseconds,milliseconds,per_position_batch_amortized_60,paired244-ablation-9d8a02e4a70536477fd53533,False,deliverables/prepaper_evidence_closeout_v1/tables/cost.csv,123,P95 of 10 batch-amortized values; not individual-request tail,saved values reused; us/1000 for display; no timing
R_NO_CROSS / 03,loaded_raw_to_original,60,10,9967.7059,10187.321073333333,9913.374300000001,10205.363883333333,60-stage batch amortization; not single-request tail,deliverables/prepaper_evidence_closeout_v1/timing/batches.jsonl,9.9677059,10.187321073333333,9.913374300000001,10.205363883333334,microseconds,milliseconds,per_position_batch_amortized_60,paired244-ablation-9d8a02e4a70536477fd53533,False,deliverables/prepaper_evidence_closeout_v1/tables/cost.csv,124,P95 of 10 batch-amortized values; not individual-request tail,saved values reused; us/1000 for display; no timing
R_NO_CROSS / 03,model_input_prepare,60,10,54.860416666666666,56.67236666666666,53.93263333333333,57.29861666666667,60-stage batch amortization; not single-request tail,deliverables/prepaper_evidence_closeout_v1/timing/batches.jsonl,0.05486041666666667,0.05667236666666666,0.05393263333333333,0.05729861666666667,microseconds,milliseconds,per_position_batch_amortized_60,paired244-ablation-9d8a02e4a70536477fd53533,False,deliverables/prepaper_evidence_closeout_v1/tables/cost.csv,125,P95 of 10 batch-amortized values; not individual-request tail,saved values reused; us/1000 for display; no timing
R_NO_CROSS / 03,original_current_interface,60,10,2197.532991666667,2344.3009716666666,2162.6861166666667,2429.097216666667,60-stage batch amortization; not single-request tail,deliverables/prepaper_evidence_closeout_v1/timing/batches.jsonl,2.197532991666667,2.3443009716666667,2.162686116666667,2.429097216666667,microseconds,milliseconds,per_position_batch_amortized_60,paired244-ablation-9d8a02e4a70536477fd53533,False,deliverables/prepaper_evidence_closeout_v1/tables/cost.csv,126,P95 of 10 batch-amortized values; not individual-request tail,saved values reused; us/1000 for display; no timing
R_NO_CROSS / 03,prepared_inference,60,10,405.13298333333336,425.37906250000003,400.66875,427.95625,60-stage batch amortization; not single-request tail,deliverables/prepaper_evidence_closeout_v1/timing/batches.jsonl,0.40513298333333336,0.4253790625,0.40066874999999996,0.42795625000000004,microseconds,milliseconds,per_position_batch_amortized_60,paired244-ablation-9d8a02e4a70536477fd53533,False,deliverables/prepaper_evidence_closeout_v1/tables/cost.csv,127,P95 of 10 batch-amortized values; not individual-request tail,saved values reused; us/1000 for display; no timing
R_NO_MATCHED_NORMAL_CAP / 01,cached_from_adapted,60,10,481.61875,489.1615575,475.95765,490.63125,60-stage batch amortization; not single-request tail,deliverables/prepaper_evidence_closeout_v1/timing/batches.jsonl,0.48161875,0.4891615575,0.47595765,0.49063125,microseconds,milliseconds,per_position_batch_amortized_60,paired244-ablation-285ade8fe5c64ad17b2bfd09,False,deliverables/prepaper_evidence_closeout_v1/tables/cost.csv,128,P95 of 10 batch-amortized values; not individual-request tail,saved values reused; us/1000 for display; no timing
R_NO_MATCHED_NORMAL_CAP / 01,load_parse_validate,1,10,1854.4375,1953.6480999999999,1801.125,1987.417,load item,deliverables/prepaper_evidence_closeout_v1/timing/batches.jsonl,1.8544375,1.9536480999999999,1.801125,1.987417,microseconds,milliseconds,per_model,paired244-ablation-285ade8fe5c64ad17b2bfd09,False,deliverables/prepaper_evidence_closeout_v1/tables/cost.csv,129,P95 of 10 batch-amortized values; not individual-request tail,saved values reused; us/1000 for display; no timing
R_NO_MATCHED_NORMAL_CAP / 01,loaded_raw_to_cached,60,10,8172.076041666667,8362.428154166666,8115.321533333333,8503.078466666666,60-stage batch amortization; not single-request tail,deliverables/prepaper_evidence_closeout_v1/timing/batches.jsonl,8.172076041666667,8.362428154166667,8.115321533333333,8.503078466666667,microseconds,milliseconds,per_position_batch_amortized_60,paired244-ablation-285ade8fe5c64ad17b2bfd09,False,deliverables/prepaper_evidence_closeout_v1/tables/cost.csv,130,P95 of 10 batch-amortized values; not individual-request tail,saved values reused; us/1000 for display; no timing
R_NO_MATCHED_NORMAL_CAP / 01,loaded_raw_to_original,60,10,10039.011108333334,10244.143790833332,10014.266666666666,10393.547233333333,60-stage batch amortization; not single-request tail,deliverables/prepaper_evidence_closeout_v1/timing/batches.jsonl,10.039011108333334,10.244143790833332,10.014266666666666,10.393547233333333,microseconds,milliseconds,per_position_batch_amortized_60,paired244-ablation-285ade8fe5c64ad17b2bfd09,False,deliverables/prepaper_evidence_closeout_v1/tables/cost.csv,131,P95 of 10 batch-amortized values; not individual-request tail,saved values reused; us/1000 for display; no timing
R_NO_MATCHED_NORMAL_CAP / 01,model_input_prepare,60,10,57.64583333333333,58.821109166666666,57.35138333333333,58.92986666666667,60-stage batch amortization; not single-request tail,deliverables/prepaper_evidence_closeout_v1/timing/batches.jsonl,0.05764583333333333,0.05882110916666666,0.05735138333333333,0.05892986666666667,microseconds,milliseconds,per_position_batch_amortized_60,paired244-ablation-285ade8fe5c64ad17b2bfd09,False,deliverables/prepaper_evidence_closeout_v1/tables/cost.csv,132,P95 of 10 batch-amortized values; not individual-request tail,saved values reused; us/1000 for display; no timing
R_NO_MATCHED_NORMAL_CAP / 01,original_current_interface,60,10,2264.5868083333335,2394.86719,2226.54375,2398.95625,60-stage batch amortization; not single-request tail,deliverables/prepaper_evidence_closeout_v1/timing/batches.jsonl,2.2645868083333336,2.39486719,2.22654375,2.3989562500000003,microseconds,milliseconds,per_position_batch_amortized_60,paired244-ablation-285ade8fe5c64ad17b2bfd09,False,deliverables/prepaper_evidence_closeout_v1/tables/cost.csv,133,P95 of 10 batch-amortized values; not individual-request tail,saved values reused; us/1000 for display; no timing
R_NO_MATCHED_NORMAL_CAP / 01,prepared_inference,60,10,420.8024333333333,424.4905958333333,416.81318333333337,426.1902833333333,60-stage batch amortization; not single-request tail,deliverables/prepaper_evidence_closeout_v1/timing/batches.jsonl,0.4208024333333333,0.4244905958333333,0.4168131833333334,0.4261902833333333,microseconds,milliseconds,per_position_batch_amortized_60,paired244-ablation-285ade8fe5c64ad17b2bfd09,False,deliverables/prepaper_evidence_closeout_v1/tables/cost.csv,134,P95 of 10 batch-amortized values; not individual-request tail,saved values reused; us/1000 for display; no timing
R_NO_MATCHED_NORMAL_CAP / 02,cached_from_adapted,60,10,480.503125,485.2830258333333,477.62013333333334,487.1770833333333,60-stage batch amortization; not single-request tail,deliverables/prepaper_evidence_closeout_v1/timing/batches.jsonl,0.48050312500000003,0.48528302583333327,0.47762013333333336,0.4871770833333333,microseconds,milliseconds,per_position_batch_amortized_60,paired244-ablation-ec071710c8e07c918c3fb6e7,False,deliverables/prepaper_evidence_closeout_v1/tables/cost.csv,135,P95 of 10 batch-amortized values; not individual-request tail,saved values reused; us/1000 for display; no timing
R_NO_MATCHED_NORMAL_CAP / 02,load_parse_validate,1,10,1844.479,1972.04795,1825.709,2022.542,load item,deliverables/prepaper_evidence_closeout_v1/timing/batches.jsonl,1.844479,1.9720479499999999,1.825709,2.022542,microseconds,milliseconds,per_model,paired244-ablation-ec071710c8e07c918c3fb6e7,False,deliverables/prepaper_evidence_closeout_v1/tables/cost.csv,136,P95 of 10 batch-amortized values; not individual-request tail,saved values reused; us/1000 for display; no timing
R_NO_MATCHED_NORMAL_CAP / 02,loaded_raw_to_cached,60,10,8095.393749999999,8309.144091666667,8060.7375,8465.415966666667,60-stage batch amortization; not single-request tail,deliverables/prepaper_evidence_closeout_v1/timing/batches.jsonl,8.09539375,8.309144091666667,8.0607375,8.465415966666667,microseconds,milliseconds,per_position_batch_amortized_60,paired244-ablation-ec071710c8e07c918c3fb6e7,False,deliverables/prepaper_evidence_closeout_v1/tables/cost.csv,137,P95 of 10 batch-amortized values; not individual-request tail,saved values reused; us/1000 for display; no timing
R_NO_MATCHED_NORMAL_CAP / 02,loaded_raw_to_original,60,10,10038.891316666666,10219.058405833333,9989.50765,10342.459033333333,60-stage batch amortization; not single-request tail,deliverables/prepaper_evidence_closeout_v1/timing/batches.jsonl,10.038891316666666,10.219058405833334,9.98950765,10.342459033333332,microseconds,milliseconds,per_position_batch_amortized_60,paired244-ablation-ec071710c8e07c918c3fb6e7,False,deliverables/prepaper_evidence_closeout_v1/tables/cost.csv,138,P95 of 10 batch-amortized values; not individual-request tail,saved values reused; us/1000 for display; no timing
R_NO_MATCHED_NORMAL_CAP / 02,model_input_prepare,60,10,57.00694166666667,58.124379999999995,55.9632,58.4875,60-stage batch amortization; not single-request tail,deliverables/prepaper_evidence_closeout_v1/timing/batches.jsonl,0.05700694166666667,0.058124379999999996,0.0559632,0.0584875,microseconds,milliseconds,per_position_batch_amortized_60,paired244-ablation-ec071710c8e07c918c3fb6e7,False,deliverables/prepaper_evidence_closeout_v1/tables/cost.csv,139,P95 of 10 batch-amortized values; not individual-request tail,saved values reused; us/1000 for display; no timing
R_NO_MATCHED_NORMAL_CAP / 02,original_current_interface,60,10,2260.277075,2376.467160833333,2225.0180499999997,2437.765283333333,60-stage batch amortization; not single-request tail,deliverables/prepaper_evidence_closeout_v1/timing/batches.jsonl,2.260277075,2.3764671608333328,2.2250180499999996,2.437765283333333,microseconds,milliseconds,per_position_batch_amortized_60,paired244-ablation-ec071710c8e07c918c3fb6e7,False,deliverables/prepaper_evidence_closeout_v1/tables/cost.csv,140,P95 of 10 batch-amortized values; not individual-request tail,saved values reused; us/1000 for display; no timing
R_NO_MATCHED_NORMAL_CAP / 02,prepared_inference,60,10,415.25451666666663,437.1486166666666,411.31596666666667,446.29861666666665,60-stage batch amortization; not single-request tail,deliverables/prepaper_evidence_closeout_v1/timing/batches.jsonl,0.41525451666666663,0.4371486166666666,0.41131596666666664,0.44629861666666665,microseconds,milliseconds,per_position_batch_amortized_60,paired244-ablation-ec071710c8e07c918c3fb6e7,False,deliverables/prepaper_evidence_closeout_v1/tables/cost.csv,141,P95 of 10 batch-amortized values; not individual-request tail,saved values reused; us/1000 for display; no timing
R_NO_MATCHED_NORMAL_CAP / 03,cached_from_adapted,60,10,470.172225,474.21367749999996,464.8777833333333,474.66805,60-stage batch amortization; not single-request tail,deliverables/prepaper_evidence_closeout_v1/timing/batches.jsonl,0.470172225,0.4742136775,0.4648777833333333,0.47466805,microseconds,milliseconds,per_position_batch_amortized_60,paired244-ablation-72c97dc4caa5ca522f817bb7,False,deliverables/prepaper_evidence_closeout_v1/tables/cost.csv,142,P95 of 10 batch-amortized values; not individual-request tail,saved values reused; us/1000 for display; no timing
R_NO_MATCHED_NORMAL_CAP / 03,load_parse_validate,1,10,1789.2085,1915.7705,1751.5,1937.708,load item,deliverables/prepaper_evidence_closeout_v1/timing/batches.jsonl,1.7892085,1.9157705,1.7515,1.937708,microseconds,milliseconds,per_model,paired244-ablation-72c97dc4caa5ca522f817bb7,False,deliverables/prepaper_evidence_closeout_v1/tables/cost.csv,143,P95 of 10 batch-amortized values; not individual-request tail,saved values reused; us/1000 for display; no timing
R_NO_MATCHED_NORMAL_CAP / 03,loaded_raw_to_cached,60,10,8169.140275,8367.421044166666,8098.995150000001,8511.635416666666,60-stage batch amortization; not single-request tail,deliverables/prepaper_evidence_closeout_v1/timing/batches.jsonl,8.169140275,8.367421044166665,8.09899515,8.511635416666666,microseconds,milliseconds,per_position_batch_amortized_60,paired244-ablation-72c97dc4caa5ca522f817bb7,False,deliverables/prepaper_evidence_closeout_v1/tables/cost.csv,144,P95 of 10 batch-amortized values; not individual-request tail,saved values reused; us/1000 for display; no timing
R_NO_MATCHED_NORMAL_CAP / 03,loaded_raw_to_original,60,10,9967.586458333331,10740.1369425,9936.454166666666,11147.80695,60-stage batch amortization; not single-request tail,deliverables/prepaper_evidence_closeout_v1/timing/batches.jsonl,9.967586458333331,10.7401369425,9.936454166666666,11.14780695,microseconds,milliseconds,per_position_batch_amortized_60,paired244-ablation-72c97dc4caa5ca522f817bb7,False,deliverables/prepaper_evidence_closeout_v1/tables/cost.csv,145,P95 of 10 batch-amortized values; not individual-request tail,saved values reused; us/1000 for display; no timing
R_NO_MATCHED_NORMAL_CAP / 03,model_input_prepare,60,10,56.894800000000004,59.65027833333333,55.96318333333333,60.609033333333336,60-stage batch amortization; not single-request tail,deliverables/prepaper_evidence_closeout_v1/timing/batches.jsonl,0.0568948,0.059650278333333334,0.05596318333333333,0.06060903333333333,microseconds,milliseconds,per_position_batch_amortized_60,paired244-ablation-72c97dc4caa5ca522f817bb7,False,deliverables/prepaper_evidence_closeout_v1/tables/cost.csv,146,P95 of 10 batch-amortized values; not individual-request tail,saved values reused; us/1000 for display; no timing
R_NO_MATCHED_NORMAL_CAP / 03,original_current_interface,60,10,2220.3579916666667,2609.4679599999995,2178.9229166666664,2834.0014,60-stage batch amortization; not single-request tail,deliverables/prepaper_evidence_closeout_v1/timing/batches.jsonl,2.220357991666667,2.6094679599999995,2.1789229166666666,2.8340014,microseconds,milliseconds,per_position_batch_amortized_60,paired244-ablation-72c97dc4caa5ca522f817bb7,False,deliverables/prepaper_evidence_closeout_v1/tables/cost.csv,147,P95 of 10 batch-amortized values; not individual-request tail,saved values reused; us/1000 for display; no timing
R_NO_MATCHED_NORMAL_CAP / 03,prepared_inference,60,10,402.51909166666667,411.2176308333333,398.5229166666667,413.90763333333337,60-stage batch amortization; not single-request tail,deliverables/prepaper_evidence_closeout_v1/timing/batches.jsonl,0.40251909166666666,0.4112176308333333,0.39852291666666667,0.41390763333333336,microseconds,milliseconds,per_position_batch_amortized_60,paired244-ablation-72c97dc4caa5ca522f817bb7,False,deliverables/prepaper_evidence_closeout_v1/tables/cost.csv,148,P95 of 10 batch-amortized values; not individual-request tail,saved values reused; us/1000 for display; no timing
shared_all_models,loaded_raw_adaptation,60,10,7625.548958333334,7856.293776666666,7591.649316666666,7979.8847166666665,60-stage batch amortization; not single-request tail,deliverables/prepaper_evidence_closeout_v1/timing/batches.jsonl,7.625548958333334,7.856293776666666,7.591649316666666,7.979884716666667,microseconds,milliseconds,per_position_batch_amortized_60,,False,deliverables/prepaper_evidence_closeout_v1/tables/cost.csv,149,P95 of 10 batch-amortized values; not individual-request tail,saved values reused; us/1000 for display; no timing
