plan,view,model_id,role,attack_T,attack_n,normal_T,normal_n,U,FAILED,input_complete,input_n,evidence_path,cohort,input_scope,App_language_T,App_language_n,App_timezone_T,App_timezone_n,Browser_language_T,Browser_language_n,Browser_timezone_T,Browser_timezone_n
P0,V_APP,b3a-P0-V_APP-84c1a2321e02,development_fit,4,14,2,46,0,0,60,60,deliverables/cross_endpoint_four_view_comparison_v1/results/predictions.jsonl,pilot18+b2b42,V_APP,2,2,2,2,0,5,0,5
P0,V_BROWSER,b3a-P0-V_BROWSER-e1eeed22982e,development_fit,14,14,30,46,0,0,60,60,deliverables/cross_endpoint_four_view_comparison_v1/results/predictions.jsonl,pilot18+b2b42,V_BROWSER,2,2,2,2,5,5,5,5
P0,V_BOTH,b3a-P0-V_BOTH-e73408fb2278,development_fit,14,14,32,46,0,0,60,60,deliverables/cross_endpoint_four_view_comparison_v1/results/predictions.jsonl,pilot18+b2b42,V_BOTH,2,2,2,2,5,5,5,5
P0,V_BOTH_REL,b3a-P0-V_BOTH_REL-93c996d890e2,development_fit,14,14,0,46,0,0,60,60,deliverables/cross_endpoint_four_view_comparison_v1/results/predictions.jsonl,pilot18+b2b42,V_BOTH_REL,2,2,2,2,5,5,5,5
P1,V_APP,b3a-P1-V_APP-fbc381974209,whole_batch_heldout_development,6,6,12,12,0,0,18,18,deliverables/cross_endpoint_four_view_comparison_v1/results/predictions.jsonl,pilot18,V_APP,0,0,0,0,3,3,3,3
P1,V_BROWSER,b3a-P1-V_BROWSER-88c6e6ede1f1,whole_batch_heldout_development,6,6,12,12,0,0,18,18,deliverables/cross_endpoint_four_view_comparison_v1/results/predictions.jsonl,pilot18,V_BROWSER,0,0,0,0,3,3,3,3
P1,V_BOTH,b3a-P1-V_BOTH-95e976f665a8,whole_batch_heldout_development,6,6,12,12,0,0,18,18,deliverables/cross_endpoint_four_view_comparison_v1/results/predictions.jsonl,pilot18,V_BOTH,0,0,0,0,3,3,3,3
P1,V_BOTH_REL,b3a-P1-V_BOTH_REL-9c438a772dd6,whole_batch_heldout_development,6,6,0,12,0,0,18,18,deliverables/cross_endpoint_four_view_comparison_v1/results/predictions.jsonl,pilot18,V_BOTH_REL,0,0,0,0,3,3,3,3
P2,V_APP,b3a-P2-V_APP-d06abc5abeaf,whole_batch_heldout_development,8,8,32,34,0,0,42,42,deliverables/cross_endpoint_four_view_comparison_v1/results/predictions.jsonl,b2b42,V_APP,2,2,2,2,2,2,2,2
P2,V_BROWSER,b3a-P2-V_BROWSER-dee1bef9fef9,whole_batch_heldout_development,4,8,6,34,0,0,42,42,deliverables/cross_endpoint_four_view_comparison_v1/results/predictions.jsonl,b2b42,V_BROWSER,0,2,0,2,2,2,2,2
P2,V_BOTH,b3a-P2-V_BOTH-6c460a95fd65,whole_batch_heldout_development,4,8,6,34,0,0,42,42,deliverables/cross_endpoint_four_view_comparison_v1/results/predictions.jsonl,b2b42,V_BOTH,0,2,0,2,2,2,2,2
P2,V_BOTH_REL,b3a-P2-V_BOTH_REL-85ec21051f95,whole_batch_heldout_development,4,8,6,34,0,0,42,42,deliverables/cross_endpoint_four_view_comparison_v1/results/predictions.jsonl,b2b42,V_BOTH_REL,0,2,0,2,2,2,2,2
